{
  "name": "Чорні Фурії",
  "type": "tribe",
  "img": "modules/werewolf-the-apocalypse-5e-compendium/packs/assets/W5TribeBlackFuries.png",
  "system": {
    "description": "Чорні Фурії надають першочергового значення справедливості, особливо для тих, хто опинився в невигідному становищі через дії інших. Плем'я відоме тим, що обходить або долає перешкоди — чи то буквальний бар'єр у вигляді ворожого строю, чи то «скляна стеля», що перешкоджає справедливому результату. При цьому, їхнє прізвисько недарма визначає їх як фурій. Навіть серед Гару, Чорні Фурії мають репутацію тих, хто йде на загострення в ситуаціях, де компроміс, на їхню думку, призвів би лише до напівзаходів. У своїх найкращих проявах Чорні Фурії прагнуть відновити рівновагу. Однак, якщо їх занадто спровокувати, Чорні Фурії домагатимуться справедливості за будь-яку ціну. Зрештою, немає жодної цінності в тому, щоб переконати хімічний завод скидати трохи менше токсичних стоків у річку. Просто спаліть усе це кляте місце дотла. Чорні Фурії у грі можуть очікувати, що їм доведеться звільняти жертву від гнобителя, долати сфабриковану згоду місцевих ЗМІ щодо небезпечної електростанції, демонтувати той непоступливий хімічний завод і знищити Каерн, що занадто спаплюжений попередніми окупантами, аби його можна було повернути.",
    "bonuses": [],
    "gamesystem": "werewolf",
    "patronSpirit": {
      "name": "Горгона",
      "description": "Духом-покровителем Чорних Фурій є Горгона, з якою свого часу несправедливо обійшовся ще могутніший дух. Горгона та Чорні Фурії асоціюються зі Славою, особливо тією, що здобута знищенням будь-кого чи будь-чого, що володіє системною владою — дія, сама по собі виправдана в очах мстивого духа Горгони. Справді, бездіяльність проти того, що сприймається як зловживання владою, вважається проявом недбалості багатьма членами цього племені, а ті, хто прагне прихильності своєї покровительки, можуть бути пильними аж до войовничості.",
      "favor": "Горгона закликає своїх послідовників усувати перешкоди і карати тих, хто їх створює або підтримує. Гравець за Чорних Фурій може додати кістку до пулу, що використовується для протидії чи обходу когось або чогось, наділеного владою (відносно себе чи когось під своєю опікою).",
      "ban": "Горгона вимагає, щоб її послідовники завжди намагалися виправити несправедливість. Якщо вони дозволяють існувати несправедливості, якій могли запобігти або яку могли виправити, вони можуть відновити лише одну одиницю Сили Волі на початку наступної сесії, замість свого значення Стриманості чи Зосередженості."
    }
  },
  "effects": [],
  "folder": null,
  "ownership": {
    "default": 0,
    "zzaXLX6rQo9UZdTe": 3,
    "fFnQnXT35gLXdlH1": 3
  },
  "flags": {
    "vtm5e": {
      "dataItemId": "tribe-black-furies"
    }
  },
  "_stats": {
    "compendiumSource": null,
    "duplicateSource": null,
    "exportSource": null,
    "coreVersion": "13.346",
    "systemId": "vtm5e",
    "systemVersion": "5.1.4",
    "createdTime": 1754598633590,
    "modifiedTime": 1754598639804,
    "lastModifiedBy": "fFnQnXT35gLXdlH1"
  },
  "_id": "xRiMz1VrQwtWkht5",
  "sort": 100000,
  "_key": "!items!xRiMz1VrQwtWkht5"
}