{
  "name": "Кісткогризи",
  "type": "tribe",
  "img": "modules/werewolf-the-apocalypse-5e-compendium/packs/assets/W5TribeBoneGnawers.png",
  "system": {
    "description": "Кісткогризи прагнуть виявити приховане в усіх його формах: таємниці, паролі, короткі шляхи, усе, що вони можуть використати як перевагу над очевидним. Вони особливо вправні в тому, щоб ховатися на видноті, і вони часто існують серед груп із нижчим соціально-економічним статусом, тих, кого не помічають люди, що вважають себе вищими, і яким байдуже, що думають чи бачать їхні «нижчі». Кісткогризи у грі можуть проникати на закриту територію, цупити ноутбук скомпрометованого журналіста, підслуховувати брудних копів, ставати свідками незаконної угоди і здогадуватися, як усе це пов'язано.",
    "bonuses": [],
    "gamesystem": "werewolf",
    "patronSpirit": {
      "name": "Щур",
      "description": "Духом-покровителем Кісткогризів є Щур, який часто присутній, але невидимий, а іноді й небажаний, коли про його присутність стає відомо. Щур та Кісткогризи асоціюються з Честю, що деякі гордовиті Гару вважають недоречним... доки не з'явиться якийсь Кісткогриз із незаперечним доказом того, що суперник планував їх зрадити. Справді, частина хитрощів Щура, здається, полягає в тому, щоб знаходити й плекати тих, хто інакше залишився б непоміченим. Хитрий, Щур. Дуже хитрий.",
      "favor": "Щур закликає своїх послідовників відкривати те, що інші не помічають, і, відкривши, використовувати здобуті знання творчими способами. Знання заради знання не має цінності — кожна знахідка має мету. Кісткогриз може додати кістку до пулу кісток, що використовується для пошуку чогось загубленого чи проґавленого.",
      "ban": "Щур здається неблагородною постаттю, але насправді працює на благо свого гнізда та виводку. Якщо Кісткогриз втрачає значну можливість допомогти знедоленим, він відновлює лише один пункт Сили Волі на початку наступної сесії, замість свого показника Стриманості чи Зосередженості."
    }
  },
  "effects": [],
  "folder": null,
  "ownership": {
    "default": 0,
    "zzaXLX6rQo9UZdTe": 3,
    "fFnQnXT35gLXdlH1": 3
  },
  "flags": {
    "vtm5e": {
      "dataItemId": "tribe-bone-gnawers"
    }
  },
  "_stats": {
    "compendiumSource": null,
    "duplicateSource": null,
    "exportSource": null,
    "coreVersion": "13.346",
    "systemId": "vtm5e",
    "systemVersion": "5.1.4",
    "createdTime": 1754598634318,
    "modifiedTime": 1754598639804,
    "lastModifiedBy": "fFnQnXT35gLXdlH1"
  },
  "_id": "yoeVteuJHr8GUyBu",
  "sort": 300000,
  "_key": "!items!yoeVteuJHr8GUyBu"
}