{
  "name": "Примарна Рада",
  "type": "tribe",
  "img": "modules/werewolf-the-apocalypse-5e-compendium/packs/assets/W5TribeGhostCouncil.png",
  "system": {
    "description": "Перевертні Примарної Ради — великі шукачі таємниць, але більш прямолінійні Гару вважають їх дещо потайними, оскільки іноді неправильно розуміють ставлення цього племені до питань вищого призначення. Серед членів Примарної Ради можна знайти провідників, вчених і навіть цілу низку вірян. Для Примарної Ради — або її окремих членів, Примар — метою може бути як кінцевий пункт, так і сам шлях; найважливіше, щоб шукач розумів, чому він вирушив у певну подорож, і таким чином міг пізнати світ Гару. Сама подорож має велике значення для перевертнів Примарної Ради, оскільки вона дає можливість для відкриттів у дорозі… а також шанс вивідати таємниці оточення. Водночас це шанс з'ясувати, яких шляхів свідомо уникають інші племена, і дізнатися, чому. Адже що таке табу, як не інструмент, який суперник добровільно відкладає вбік? Перевертні Примарної Ради у грі можуть вирушити до знехтуваного куточка Умбри, розгадати згубну загадку, загадану пихатим духом, обернути знаряддя ворога проти нього самого та розкрити небезпечну таємницю.",
    "bonuses": [],
    "gamesystem": "werewolf",
    "patronSpirit": {
      "name": "Рогатий Змій",
      "description": "Духом-покровителем Примарної Ради є Рогатий Змій, що добре знається на темних місцях та прихованих істинах. Рогатий Змій та Примарна Рада асоціюються з Мудрістю. З усіх племен Примарна Рада має, мабуть, найбільш транзакційні стосунки зі своїм покровителем: формальне визнання взаємообміну майже казкової якості… які в очах декого поза племенем іноді набувають зловісного відтінку.",
      "favor": "Рогатий Змій заохочує дивитися на речі з усіх боків та обирати найвигідніший. Гару з Примарної Ради може додати одну кістку до запасу кісток на Розслідування, Окультизм або Хитрість, пов'язаних із розкриттям таємниці.",
      "ban": "Рогатий Змій відомий своєю мудрістю, але і духи, і Гару однаково косо дивляться на те, як він здобуває знання. За сцену, в якій вовкулака з Примарної Ради має можливість задовольнити свою цікавість, але не робить цього, персонаж відновлює лише один пункт Сили Волі на початку наступної сесії, замість свого показника Стриманості чи Зосередженості."
    }
  },
  "effects": [],
  "folder": null,
  "ownership": {
    "default": 0,
    "zzaXLX6rQo9UZdTe": 3,
    "fFnQnXT35gLXdlH1": 3
  },
  "flags": {
    "vtm5e": {
      "dataItemId": "tribe-ghost-council"
    }
  },
  "_stats": {
    "compendiumSource": null,
    "duplicateSource": null,
    "exportSource": null,
    "coreVersion": "13.346",
    "systemId": "vtm5e",
    "systemVersion": "5.1.4",
    "createdTime": 1754598636445,
    "modifiedTime": 1754598639804,
    "lastModifiedBy": "fFnQnXT35gLXdlH1"
  },
  "_id": "AgsyXMf8PncKwmsz",
  "sort": 600000,
  "_key": "!items!AgsyXMf8PncKwmsz"
}