{
  "name": "Хранителі Рогів",
  "type": "tribe",
  "img": "modules/werewolf-the-apocalypse-5e-compendium/packs/assets/W5TribeHartWardens.png",
  "system": {
    "description": "Хранителі Рогів — це хранителі та доглядачі природи, які освячують незаймані «незвідані» місця у світі або облаштовують якесь особливо важливе для них місце для більш структурованої мети, наприклад, ферми чи саду. Це може бути розлогий заміський маєток, забруднена річкова долина, що потребує відродження, або навіть прихований зелений куточок у діловому центрі Нового Орлеана, але Хранителі Рогів там, плекаючи потенціал, який вони можуть вичавити з творіння своєї зграї. Якщо Гару однією ногою стоять у світі плоті, а іншою — у світі духів, то Хранителі Рогів однією ногою стоять у сучасному світі, а іншою — у світі власної міфотворчості. Вони надзвичайно захоплені тим, що знаходять і плекають, і будь-яке зібрання Хранителів Рогів незабаром перетворюється на святкування історії (і неабияких небилиць...), що стосується їхнього власного племені та Гару загалом. У грі Хранителі Рогів можуть відвойовувати передгір'я у кар'єрної розробки, облаштувати там каерн, щоб задобрити потривожених кар'єром духів, плекати новостворений каерн і захищати його від загребущих агентів підставної компанії, яка хоче продовжувати видобувати його ресурси.",
    "bonuses": [],
    "gamesystem": "werewolf",
    "patronSpirit": {
      "name": "Олень",
      "description": "Духом-покровителем Хранителів Рогів є Олень, який познайомив усіх Гару зі шляхами природи й особливо вподобав Хранителів Рогів. Олень та Хранителі Рогів асоціюються зі Славою, і вони особливо шанують своїх ґалліардів, які можуть розпалювати вогні Слави співом своїх легенд чи переказом своїх діянь.",
      "favor": "Багато хто вважає Оленя батьком лісу, який має великий вплив на звірів і навіть флору. Хранителі Рогів можуть додати одну кістку до будь-якого набору кісток, що включає Виживання, Тваринництво або пов’язане з природою Ремесло.",
      "ban": "Олень дотримується давніх традицій гостинності. Якщо шкоди завдано тому, хто перебуває під гостинністю Хранителів Рогів, то на початку наступної сесії Хранителі Рогів можуть відновити лише одну одиницю Сили Волі замість значення своєї Стриманості чи Зосередженості."
    }
  },
  "effects": [],
  "folder": null,
  "ownership": {
    "default": 0,
    "zzaXLX6rQo9UZdTe": 3,
    "fFnQnXT35gLXdlH1": 3
  },
  "flags": {
    "vtm5e": {
      "dataItemId": "tribe-hart-wardens"
    }
  },
  "_stats": {
    "compendiumSource": null,
    "duplicateSource": null,
    "exportSource": null,
    "coreVersion": "13.346",
    "systemId": "vtm5e",
    "systemVersion": "5.1.4",
    "createdTime": 1754598637770,
    "modifiedTime": 1754598639804,
    "lastModifiedBy": "fFnQnXT35gLXdlH1"
  },
  "_id": "kQSBX3JAW6ZMI5qS",
  "sort": 800000,
  "_key": "!items!kQSBX3JAW6ZMI5qS"
}