{
  "name": "Червоні Кігті",
  "type": "tribe",
  "img": "modules/werewolf-the-apocalypse-5e-compendium/packs/assets/W5TribeRedTalons.png",
  "system": {
    "description": "Червоні Кігті — єдине сучасне Плем'я зі значною кількістю Гару, чия Перша Зміна відбувається серед вовків. Як і всі Гару, Червоні Кігті відчувають гнів через триваючий Апокаліпсис, бачачи, як Ґаю вбивають заради ненаситної жадоби. З такою ж люттю Червоні Кігті бачать, як популяції тварин (особливо вовків) по всьому світу знищуються через людське вторгнення та вседозволеність — руйнівне підпорядкування природного порядку задля тієї ж жадоби. Але гнів — це енергія, і Червоні Кігті спрямовують цю енергію на те, щоб дати голос тим, хто не має слів, виступати захисниками тих, хто не може володіти знаряддями людства, і руйнувати людські творіння, що оскверняють Ґаю. Таким чином, вони також є одним із найрадикальніших племен і активно прагнуть обмежити вплив людства на Ґаю, іноді заходячи так далеко, що винищують людські популяції там, де це можна здійснити (на їхню думку) обґрунтовано. Під час гри Червоні Кігті можуть знищувати осіб та об'єкти, які, на їхню думку, зазіхають на їхню територію, захищати дорогі Ґаї місця від вторгнення, зменшувати залежність від людських технологій, винищувати надмірні популяції істот, що порушують баланс місцевих екосистем, і навіть зачищати місцевість від загарбників (людей чи інших) — криваво, якщо знадобиться.",
    "bonuses": [],
    "gamesystem": "werewolf",
    "patronSpirit": {
      "name": "Гріфон",
      "description": "Гріфон — дух-покровитель Червоних Кігтів — Гріфон, що стоїть на сторожі проти зазіхань Ткалі й ніколи не ставить людські інтереси вище за інтереси тварин. Гріфон і Червоні Кігті асоціюються з Честю — хоч і честю, контекст якої часто вислизає від Гару, чиїм головним контекстом є людське суспільство.",
      "favor": "Гріфон невблаганний, лютий боєць, що б'ється навіть за безнадійних обставин. Червоні Кігті можуть додавати кістку до перевірок Бійки, коли їхнє Здоров'я менше половини.",
      "ban": "Гріфон ненавидить складність і прагне спростити стосунки своїх послідовників зі світом. Якщо під час сесії Червоний Кіготь використовує запас кісток Освіти, Водіння, Фінансів, Дальнього бою, Науки чи Технології для ремонту чи використання (а не для підриву чи знищення), то на початку наступної сесії він може відновити лише одну одиницю Сили Волі, замість значення своєї Стриманості чи Зосередженості."
    }
  },
  "effects": [],
  "folder": null,
  "ownership": {
    "default": 0,
    "zzaXLX6rQo9UZdTe": 3,
    "fFnQnXT35gLXdlH1": 3
  },
  "flags": {
    "vtm5e": {
      "dataItemId": "tribe-red-talons"
    }
  },
  "_stats": {
    "compendiumSource": null,
    "duplicateSource": null,
    "exportSource": null,
    "coreVersion": "13.346",
    "systemId": "vtm5e",
    "systemVersion": "5.1.4",
    "createdTime": 1754598638437,
    "modifiedTime": 1754598639804,
    "lastModifiedBy": "fFnQnXT35gLXdlH1"
  },
  "_id": "0YHyfHEiMKdDQrgh",
  "sort": 900000,
  "_key": "!items!0YHyfHEiMKdDQrgh"
}