{
  "name": "Срібні Ікла",
  "type": "tribe",
  "img": "modules/werewolf-the-apocalypse-5e-compendium/packs/assets/W5TribeSilverFangs.png",
  "system": {
    "description": "Суспільство Гару за своєю суттю є племінним, і там, де існують племена, з'являються лідери. Для перевертнів мантію лідерства давно присвоїли собі Срібні Ікла, які є найближчим аналогом шляхетного роду, що існує в культурі Гару. Їхня спадщина — це аристократизм, рішучість і, хоч як неохоче це визнають інші племена, об'єднання в скрутну годину. Срібні Ікла в грі мають мотивувати свою Зграю, вести її в бій, згуртовувати після нищівної поразки та надихати на величні звершення.",
    "bonuses": [],
    "gamesystem": "werewolf",
    "patronSpirit": {
      "name": "Сокіл",
      "description": "Сокіл є Духом-Покровителем Срібних Ікол, і його гострий зір та шляхетна постава надихають Срібні Ікла переслідувати свої цілі, а також надихати інших слідувати за ними в цьому починанні. Сокіл та Срібні Ікла асоціюються з Честю.",
      "favor": "Сокіл закликає Срібних Ікол вести за собою, як прикладом, так і поведінкою. Срібні Ікла можуть додати одну кістку до запасу кісток Переконання або Лідерства, коли змушують інших слідувати їхнім порадам, пропозиціям або прямим наказам.",
      "ban": "Сокіл — гордий дух, і безчестя завдає йому великого сорому. Якщо Срібне Ікло вчиняє дію, що може призвести до приниження або втрати Репутації, він може відновити лише одну одиницю Сили Волі на початку наступної сесії, замість значення своєї Стриманості чи Зосередженості."
    }
  },
  "effects": [],
  "folder": null,
  "ownership": {
    "default": 0,
    "zzaXLX6rQo9UZdTe": 3,
    "fFnQnXT35gLXdlH1": 3
  },
  "flags": {
    "vtm5e": {
      "dataItemId": "tribe-silver-fangs"
    }
  },
  "_stats": {
    "compendiumSource": null,
    "duplicateSource": null,
    "exportSource": null,
    "coreVersion": "13.346",
    "systemId": "vtm5e",
    "systemVersion": "5.1.4",
    "createdTime": 1754598640520,
    "modifiedTime": 1754598640520,
    "lastModifiedBy": "fFnQnXT35gLXdlH1"
  },
  "_id": "1sfwok6QMSWXG5Zf",
  "sort": 0,
  "_key": "!items!1sfwok6QMSWXG5Zf"
}