{
  "name": "Буреведені",
  "type": "tribe",
  "img": "modules/werewolf-the-apocalypse-5e-compendium-ukr/packs/assets/W5TribeGalestalkers.png",
  "system": {
    "description": "Названі на честь вітру, що гуляє тундрою, Буреведені невтомні. Ці незрівнянні слідопити ніколи не втрачають здобич з поля зору, незалежно від того, чи походить вона з Духовних Пусток, чи з фізичного світу. Вони готові на все, щоб вполювати те, на що націлились, і їхні побратими по зграї знають, що можуть на них покластися. Під час гри Буреведені можуть вистежувати свою здобич крізь сплюндровані пустки, влаштовувати засідки, хитро передбачаючи шлях ворога, уперто гнатися за здобиччю, якщо та нерозумно втікає, і цькувати її, аж доки вона не впаде.",
    "bonuses": [],
    "gamesystem": "werewolf",
    "patronSpirit": {
      "name": "Північний Вітер",
      "description": "Сам Північний Вітер є Духом-Покровителем Буреведених; він володіє безмежною силою, великою витривалістю, терпінням та здатністю пробуджувати стихії. Північний Вітер та плем'я Буреведених асоціюються з Честю — коли вони беруть на себе зобов'язання, інші Гару можуть на них покластися.",
      "favor": "Північний Вітер невтомний, навіть нестримний. Уклавши угоду з Буреведеними як зі своїми мисливцями, Північний Вітер наділяє Гару цього племені певною часткою цієї безкомпромісної відданості. Буреведений може додати кістку до наборів кісток, що безпосередньо пов'язані з переслідуванням своєї здобичі.",
      "ban": "Північний Вітер має невгамовний голод, як і ті, хто йому присягає. За кожен день, коли Буреведений не скуштує свіжої здобичі (незалежно від того, чи він сам її вполював), він відновлює лише одне очко Сили Волі на початку наступної сесії, замість значення Стриманості чи Зосередженості."
    }
  },
  "effects": [],
  "folder": null,
  "ownership": {
    "default": 0,
    "zzaXLX6rQo9UZdTe": 3,
    "fFnQnXT35gLXdlH1": 3
  },
  "flags": {
    "vtm5e": {
      "dataItemId": "tribe-galestalkers"
    }
  },
  "_stats": {
    "compendiumSource": null,
    "duplicateSource": null,
    "exportSource": null,
    "coreVersion": "13.346",
    "systemId": "vtm5e",
    "systemVersion": "5.1.4",
    "createdTime": 1754598635758,
    "modifiedTime": 1754598639804,
    "lastModifiedBy": "fFnQnXT35gLXdlH1"
  },
  "_id": "BpasvmWC9C2ggbhk",
  "sort": 500000,
  "_key": "!items!BpasvmWC9C2ggbhk"
}
