{
  "name": "Діти Геї",
  "type": "tribe",
  "img": "modules/werewolf-the-apocalypse-5e-compendium-ukr/packs/assets/W5TribeChildrenofGaia.png",
  "system": {
    "description": "Діти Геї переймаються великими таємницями своєї тезки та прагнуть зрозуміти загадки, що існують у її присутності. Для Дитя Геї немає більшого виклику, ніж загадка, яку потрібно розслідувати, або рана, буквальна чи образна, яку треба загоїти, і їх особливо приваблює езотерична Умбра. Діти Геї у грі можуть знайти сховок артефактів, залишений легендарними Гару, розпізнати справжню природу духа-жартівника, зцілити рани інших або розгадати умбральну загадку.",
    "bonuses": [],
    "gamesystem": "werewolf",
    "patronSpirit": {
      "name": "Єдиноріг",
      "description": "Духом-покровителем Дітей Геї є Єдиноріг, сама по собі таємниця і диво для сучасного світу. Люди вважають Єдинорога духом лісів, і це може бути правдою, але не меншою мірою Єдиноріг є духом таємничих місць, тих місцин, що самі по собі такі ж невловимі, як і вона. Єдинорога та Дітей Геї пов'язують із Мудрістю.",
      "favor": "Єдиноріг заохочує своїх послідовників дізнаватися, як взаємодіють люди та духи, розуміти, як влаштовані Умбра та фізичний світ, і відновлювати належне функціонування речей. Дитя Геї може додати кістку до запасу кісток на Уважність чи Проникливість, коли намагається дізнатися щось про конкретну людину, тварину чи духа.",
      "ban": "Єдиноріг відвертий і зневажає нечесність. Якщо Дитя Геї мусить брехати чи вводити в оману, або приховує правду саме заради особистої вигоди, то на початку наступної сесії воно може відновити лише одну одиницю Сили Волі, а не кількість, що дорівнює показнику Стриманості чи Зосередженості. (Якщо вам доводиться сперечатися, чи було це «заради особистої вигоди», то це, можливо, вже вказує на намір…)"
    }
  },
  "effects": [],
  "folder": null,
  "ownership": {
    "default": 0,
    "zzaXLX6rQo9UZdTe": 3,
    "fFnQnXT35gLXdlH1": 3
  },
  "flags": {
    "vtm5e": {
      "dataItemId": "tribe-children-of-gaia"
    }
  },
  "_stats": {
    "compendiumSource": null,
    "duplicateSource": null,
    "exportSource": null,
    "coreVersion": "13.346",
    "systemId": "vtm5e",
    "systemVersion": "5.1.4",
    "createdTime": 1754598635065,
    "modifiedTime": 1754598639804,
    "lastModifiedBy": "fFnQnXT35gLXdlH1"
  },
  "_id": "GcgfGeuNeI4lTaSh",
  "sort": 400000,
  "_key": "!items!GcgfGeuNeI4lTaSh"
}
