{
  "name": "Склоходці",
  "type": "tribe",
  "img": "modules/werewolf-the-apocalypse-5e-compendium-ukr/packs/assets/W5TribeGlassWalkers.png",
  "system": {
    "description": "Склоходці — одні з Гару, що найкраще володіють прикладною наукою, завдяки своєму хисту розв'язувати проблеми за допомогою технологій, або — точніше — духів технології, багато з яких часто невідомі більш традиційним Гару. До лав Склоходців входять інженери, техніки та винахідники, чий хист змушувати машини працювати зазвичай полягає у вмовлянні духів, що в них живуть, працювати винятково добре. Під час гри Склоходці можуть, наприклад, вивчити креслення штаб-квартири енергетичної компанії перед набігом, створити систему безпеки для захисту свого Каерну, зламати оборонний дрон, щоб він звітував зграї, а не своєму командному центру, і перепрофілювати низку вибухостійких дверей, щоб упіймати банду Фоморі в пастку.",
    "bonuses": [],
    "gamesystem": "werewolf",
    "patronSpirit": {
      "name": "Павук",
      "description": "Духом-покровителем Склоходців є Павук, чиї ретельно сплетені павутини знаходять відгук у прагненні Склоходців створювати довговічні та ефективні речі. Це прагнення не додає племені прихильності багатьох інших Гару, які бачать у покровительстві Павука радше підпорядкування Ткалі, аніж обов'язок перед Ґаєю, тому Склоходцям часто доводиться докладати значно більше зусиль, щоб заслужити довіру інших племен. Павук і Склоходці асоціюються з Мудрістю.",
      "favor": "Павук розкриває взаємозв'язок усього сущого у вигляді павутин та ниток, пропонуючи впорядкований підхід. Склоходці можуть додавати одну кістку до запасу кісток Технології або Науки, що пов'язані з будівництвом чи ремонтом.",
      "ban": "Павук має великий виводок споріднених духів і забороняє Склоходцям шкодити будь-кому з них. Якщо вони знищать будь-які складні механізми, такі як транспортні засоби, комп'ютери чи складальне обладнання, вони можуть відновити лише одну одиницю Сили Волі на початку наступної сесії, замість свого показника Стриманості чи Зосередженості."
    }
  },
  "effects": [],
  "folder": null,
  "ownership": {
    "default": 0,
    "zzaXLX6rQo9UZdTe": 3,
    "fFnQnXT35gLXdlH1": 3
  },
  "flags": {
    "vtm5e": {
      "dataItemId": "tribe-glass-walkers"
    }
  },
  "_stats": {
    "compendiumSource": null,
    "duplicateSource": null,
    "exportSource": null,
    "coreVersion": "13.346",
    "systemId": "vtm5e",
    "systemVersion": "5.1.4",
    "createdTime": 1754598637098,
    "modifiedTime": 1754598639804,
    "lastModifiedBy": "fFnQnXT35gLXdlH1"
  },
  "_id": "3dFPiBKFWxwMRV8M",
  "sort": 700000,
  "_key": "!items!3dFPiBKFWxwMRV8M"
}
