{
  "name": "Тіньові Лорди",
  "type": "tribe",
  "img": "modules/werewolf-the-apocalypse-5e-compendium-ukr/packs/assets/W5TribeShadowLords.png",
  "system": {
    "description": "Панування та підкорення становлять кредо Тіньових Лордів. Ті, хто демонструє силу, по праву заслуговують панувати; роль слабких — підкорятися, перевертатися на спину й показувати горло. Найвеличніші легенди Тіньових Лордів могутні, але справжня сила полягає у вмінні виявляти та використовувати слабкості ворогів. Серед Тіньових Лордів є одні з найвеличніших стратегів і воєначальників з легенд Гару, а тому цілком логічно, що сфера їхньої діяльності — це прагматична, а дехто сказав би, й безжальна, майстерність планування. Тіньові Лорди цінують проникливу інтуїцію та розважливий розум, що дозволяє їм краще втілювати в життя свої задуми для підриву Вирма, чи то через лобову атаку, чи через хитре позиціонування. Звісно, такий світогляд іноді змушує інших Гару нервувати: коли Тіньовий Лорд дивиться на вас, чи думає він, як найкраще використати ваші навички? Чи вишукує він у вас слабкості? Чи розмірковує він, як ваша жертва може бути використана з найбільшою користю? Під час гри Тіньовий Лорд може уявити справжні масштаби хижацького видобутку рідкісних мінералів на своїй території, спланувати остаточне падіння цих ворогів Ґаї, можливо, навіть плести інтриги з ворогом, щоб виявити його слабкості зсередини, і, зрештою, залякати будь-кого, хто стоїть між ним і тим, чого він хоче.",
    "bonuses": [],
    "gamesystem": "werewolf",
    "patronSpirit": {
      "name": "Грім",
      "description": "Грім, дух-покровитель Тіньових Лордів, заганяє покірних у їхні лігва і сповіщає про прихід мстивих бурь. Грім часто далекий, але завжди грізний. В інший час Грім є лютим вісником дій та змін. Тому Тіньові Лорди стверджують, що прорахований обманний маневр готує могутній удар. Грім і Тіньові Лорди асоціюються зі Славою (переважно власною).",
      "favor": "Грім може викликати великий страх у тих, кому він сповіщає про свою присутність, і Тіньові Лорди, здається, можуть перейняти його подобу, щоб діяти так само. Тіньовий Лорд може додати кістку до пулів кісток Тваринництва, Залякування або Хитрості, пов'язаних із погрозами чи використанням слабкостей.",
      "ban": "Грім не виявляє пошани чи поваги більше, ніж було заслужено, і Тіньові Лорди наслідують його приклад. Якщо Тіньовий Лорд зазнає поразки в конфлікті від будь-якого Гару з меншою загальною Репутацією, він може відновити лише одну одиницю Сили волі на початку наступної сесії, замість свого показника Стриманості чи Зосередженості."
    }
  },
  "effects": [],
  "folder": null,
  "ownership": {
    "default": 0,
    "zzaXLX6rQo9UZdTe": 3,
    "fFnQnXT35gLXdlH1": 3
  },
  "flags": {
    "vtm5e": {
      "dataItemId": "tribe-shadow-lords"
    }
  },
  "_stats": {
    "compendiumSource": null,
    "duplicateSource": null,
    "exportSource": null,
    "coreVersion": "13.346",
    "systemId": "vtm5e",
    "systemVersion": "5.1.4",
    "createdTime": 1754598639101,
    "modifiedTime": 1754598639804,
    "lastModifiedBy": "fFnQnXT35gLXdlH1"
  },
  "_id": "2OvlzCCbdjPlADV4",
  "sort": 1000000,
  "_key": "!items!2OvlzCCbdjPlADV4"
}
