{
  "name": "Тихі Подорожні",
  "type": "tribe",
  "img": "modules/werewolf-the-apocalypse-5e-compendium-ukr/packs/assets/W5TribeSilentStriders.png",
  "system": {
    "description": "Серед вовків Гару слідують за здобиччю, що веде зграю, а серед людей Гару історично зустрічалися в кочових або діаспорних культурах. Глибоко в їхній власній історії, Тихі Подорожні самі були... прокляті? могутнім духом, злісним і не до кінця зрозумілим, і як наслідок вони часто знаходять прихильні народи та знайомі звичаї серед вічно мандрівних або розпорошених культур. Мудро, Тихі Подорожні перетворили цю напівзабуту кризу свого минулого на можливість і взяли на себе роль мандрівників, посланців та вісників серед Гару. Звісно, це важке життя, особливо після руйнування Нації Гару та серед тягот Апокаліпсису, але це безперечно краща доля, ніж канути в небуття... або піти трагічними шляхами, якими пішли загублені племена. У грі Тихі Подорожні можуть подорожувати на великі відстані через складну місцевість, розвідувати, чи не доведеться їм зіткнутися з ворожими Гару або духами, доставляти важливе повідомлення або ключовий талісман, і навіть саботувати тих, хто хоче влаштувати їм засідку, перш ніж ті встигнуть.",
    "bonuses": [],
    "gamesystem": "werewolf",
    "patronSpirit": {
      "name": "Сова",
      "description": "Сова — це Дух-покровитель Тихих Подорожніх, який заохочує своїх послідовників підходити до справ на власних умовах. З висоти Сова уважно спостерігає і не діє, доки не побачить усе, що можна побачити. Лише тоді він кидається вниз — стрімко та рішуче. Сова та Тихі Подорожні асоціюються з Мудрістю.",
      "favor": "Мудрість Сови прославляє перевагу втечі, коли це необхідно. Тихі Подорожні можуть додати одну кістку до пулів кісток Атлетики або Непомітності, пов'язаних із пересуванням, втечею або проникненням.",
      "ban": "Сова завжди напоготові до повернення духа-суперника, що переслідував його Плем'я в минулому, і робить це, вшановуючи присутність цього «іншого» роду духів. Якщо Тихий Подорожній спричиняє смерть, бере в ній участь або навіть стає її свідком, але не виконує поминальний Обряд, щоб визнати її, він може відновити лише одну одиницю Сили Волі на початку наступної сесії, замість свого показника Стриманості чи Зосередженості."
    }
  },
  "effects": [],
  "folder": null,
  "ownership": {
    "default": 0,
    "zzaXLX6rQo9UZdTe": 3,
    "fFnQnXT35gLXdlH1": 3
  },
  "flags": {
    "vtm5e": {
      "dataItemId": "tribe-silent-striders"
    }
  },
  "_stats": {
    "compendiumSource": null,
    "duplicateSource": null,
    "exportSource": null,
    "coreVersion": "13.346",
    "systemId": "vtm5e",
    "systemVersion": "5.1.4",
    "createdTime": 1754598639795,
    "modifiedTime": 1754598639804,
    "lastModifiedBy": "fFnQnXT35gLXdlH1"
  },
  "_id": "gVogoQhjhM032v3X",
  "sort": 200000,
  "_key": "!items!gVogoQhjhM032v3X"
}
