{
  "folder": "kVrFzgXEqq9ZbBme",
  "name": "Ґейс",
  "type": "gift",
  "_id": "7hxmcaGf6pcTamPH",
  "img": "modules/werewolf-the-apocalypse-5e-compendium-ukr/packs/assets/W5TribeShadowLords.png",
  "system": {
    "description": "Гару може віддати непорушний наказ одній людині, змушуючи її виконати дію на вибір того, хто використовує цей Дар. Однак, цей Дар жодним чином не дозволяє добувати інформацію, а діям, що суперечать природі або самозбереженню жертви, часто чинять опір. Цей Дар дарують духи Ткалі та духи, що дотримуються жорсткої ієрархії.\n\nРепутація: Слава\n\nВартість: 1 перевірка Люті\n\nДія: Повна\n\nПул: Маніпулвання + Слава проти Стриманість + Зосередженість\n\nСистема: Гару має віддати наказ вголос і в присутності цілі. Інші надприродні істоти та люди, знайомі з Гару, можуть чинити опір (див. пул: вище), як і будь-хто інший, якщо наказ суперечить їхній природі або завдасть шкоди тим, кого ціль любить. Наказ, що безпосередньо зашкодить жертві, наприклад, вистрілити в себе або ступити у вогонь, автоматично провалюється, як і накази, що вимагають неможливого. Поки ціль не виконає дію або Гару не звільнить її від гейсу, ціль намагатиметься виконати цю дію до кінця сцени.\n\nТривалість: До виконання дії, кінця сцени або зняття гейсу",
    "bonuses": [],
    "giftType": "shadowlord",
    "renown": "glory",
    "level": 9,
    "cost": 1,
    "willpowercost": 0,
    "action": "",
    "dicepool": {
      "MAqnYmEi": {
        "path": "attributes.manipulation"
      },
      "PRDrgU8y": {
        "path": "renown.glory"
      }
    },
    "duration": "",
    "gamesystem": "werewolf",
    "macroid": ""
  },
  "effects": [],
  "sort": 0,
  "ownership": {
    "default": 0,
    "zzaXLX6rQo9UZdTe": 3,
    "fFnQnXT35gLXdlH1": 3
  },
  "flags": {
    "vtm5e": {
      "dataItemId": "gift-geas"
    }
  },
  "_stats": {
    "compendiumSource": null,
    "duplicateSource": null,
    "exportSource": null,
    "coreVersion": "13.346",
    "systemId": "vtm5e",
    "systemVersion": "5.1.4",
    "createdTime": 1754598802991,
    "modifiedTime": 1754598802991,
    "lastModifiedBy": "fFnQnXT35gLXdlH1"
  },
  "_key": "!items!7hxmcaGf6pcTamPH"
}
