{
  "folder": "gmNkMm5k0LpHZvDk",
  "name": "Ікла Суду",
  "type": "gift",
  "_id": "LqO9o0Nz4WEjoNQ6",
  "img": "modules/werewolf-the-apocalypse-5e-compendium-ukr/packs/assets/W5TribeRedTalons.png",
  "system": {
    "description": "Користувач Дару виносить вирок ворогу, засуджуючи його до смерті. Пазурі та ікла членів зграї користувача гостряться проти вказаного ворога, щоб швидше відправити його в могилу. Цей Дар дарують будь-які духи-хижаки.\n\nРепутація: Честь\n\nЦіна: 1 Сила волі\n\nДія: Повна\n\nРезерв: Зосередженість + Честь\n\nСистема: Користувач Дару обирає видиму ціль, яка раніше завдала шкоди члену його зграї, і гравець виконує перевірку Зосередженість + Честь зі складністю 3. У разі успіху природна зброя зграї отримує +1 до шкоди проти вказаної цілі. Один Гару може позначити лише одного ворога, і ефекти не сумуються, якщо інші Гару застосовують той самий Дар до цієї ж цілі. Дар діє, доки ворог не помре або вирок не буде скасовано, але останнє можна зробити лише в присутності цілі.\n\nТривалість: До смерті обраного ворога або скасування вироку",
    "bonuses": [],
    "giftType": "redtalon",
    "renown": "honor",
    "level": 5,
    "cost": 0,
    "willpowercost": 1,
    "action": "",
    "dicepool": {
      "TNTfC1Lc": {
        "path": "attributes.resolve"
      },
      "YxQUOQ0B": {
        "path": "renown.honor"
      }
    },
    "duration": "",
    "gamesystem": "werewolf",
    "macroid": ""
  },
  "effects": [],
  "sort": 0,
  "ownership": {
    "default": 0,
    "zzaXLX6rQo9UZdTe": 3,
    "fFnQnXT35gLXdlH1": 3
  },
  "flags": {
    "vtm5e": {
      "dataItemId": "gift-fangs-of-judgement"
    }
  },
  "_stats": {
    "compendiumSource": null,
    "duplicateSource": null,
    "exportSource": null,
    "coreVersion": "13.346",
    "systemId": "vtm5e",
    "systemVersion": "5.1.4",
    "createdTime": 1754598802991,
    "modifiedTime": 1754598802991,
    "lastModifiedBy": "fFnQnXT35gLXdlH1"
  },
  "_key": "!items!LqO9o0Nz4WEjoNQ6"
}
