{
  "folder": "CMJdU3indViQqPZw",
  "name": "Всупереч усьому",
  "type": "gift",
  "_id": "EpsATPA6z8bhg0qo",
  "img": "modules/werewolf-the-apocalypse-5e-compendium/packs/assets/W5TribeSilentStriders.png",
  "system": {
    "description": "Збираючи внутрішню силу на межі поразки, Гару надихає свою Зграю і переламує ситуацію в найтемнішу годину. Цей Дар дарує дух бородавочника або борсука.\n\nРепутація: Слава\n\nВартість: 1 перевірка Люті\n\nДія: Повна\n\nПул: Слава\n\nСистема: Гравець кидає пул, що дорівнює Славі Гару. Кожен успіх дозволяє кожному члену Зграї (включно з користувачем Дару) відновити один рівень поверхневих ушкоджень Сили Волі. Цей Дар можна використовувати лише раз за історію.\n\nТривалість: —",
    "bonuses": [],
    "giftType": "silentstrider",
    "renown": "glory",
    "level": 9,
    "cost": 1,
    "willpowercost": 0,
    "action": "",
    "dicepool": {
      "GdApkZcF": {
        "path": "renown.glory"
      }
    },
    "duration": "",
    "gamesystem": "werewolf",
    "macroid": ""
  },
  "effects": [],
  "sort": 0,
  "ownership": {
    "default": 0,
    "zzaXLX6rQo9UZdTe": 3,
    "fFnQnXT35gLXdlH1": 3
  },
  "flags": {
    "vtm5e": {
      "dataItemId": "gift-against-the-odds"
    }
  },
  "_stats": {
    "compendiumSource": null,
    "duplicateSource": null,
    "exportSource": null,
    "coreVersion": "13.346",
    "systemId": "vtm5e",
    "systemVersion": "5.1.4",
    "createdTime": 1754598802991,
    "modifiedTime": 1754598802991,
    "lastModifiedBy": "fFnQnXT35gLXdlH1"
  },
  "_key": "!items!EpsATPA6z8bhg0qo"
}