{
  "folder": "DVUYC0tbtdqyzy4H",
  "name": "Родове переконання",
  "type": "gift",
  "_id": "PiMfc8S8TK97iNjP",
  "img": "modules/werewolf-the-apocalypse-5e-compendium/packs/assets/W5AuspicePhilodox.png",
  "system": {
    "description": "<p>Філодокс черпає силу з переконань Гару як народу, надаючи своїм словам ваги та достовірності. Цей Дар дарує легендарний дух вовка.</p><p>Репутація: Честь</p><p>Вартість: 1 Сила Волі</p><p>Дія: Вільна</p><p>Запас: —</p><p>Система: Гару отримує свою Честь у вигляді бонусних кісток до перевірок Навички Переконання проти інших Гару. Цей Дар можна використовувати в будь-якій формі.</p><p>Тривалість: Одна сцена</p>",
    "bonuses": [],
    "giftType": "philodox",
    "renown": "honor",
    "level": 2,
    "cost": 0,
    "willpowercost": 1,
    "action": "",
    "dicepool": {},
    "duration": "",
    "gamesystem": "werewolf",
    "macroid": ""
  },
  "effects": [],
  "sort": 0,
  "ownership": {
    "default": 0,
    "zzaXLX6rQo9UZdTe": 3,
    "fFnQnXT35gLXdlH1": 3
  },
  "flags": {
    "vtm5e": {
      "dataItemId": "gift-ancestral-conviction"
    }
  },
  "_stats": {
    "compendiumSource": null,
    "duplicateSource": null,
    "exportSource": null,
    "coreVersion": "13.346",
    "systemId": "vtm5e",
    "systemVersion": "5.1.4",
    "createdTime": 1754598800370,
    "modifiedTime": 1754598800370,
    "lastModifiedBy": "fFnQnXT35gLXdlH1"
  },
  "_key": "!items!PiMfc8S8TK97iNjP"
}