{
  "folder": "5dMoFoz8pv1GcARG",
  "name": "Тваринний магнетизм",
  "type": "gift",
  "_id": "UKJCygegLPiicli6",
  "img": "modules/werewolf-the-apocalypse-5e-compendium/packs/assets/W5AuspiceGalliard.png",
  "system": {
    "description": "<p>Водночас відштовхуючий та привабливий, перевертень випромінює дику ауру, що привертає до нього увагу людей. Цей Дар наділяє дух-павич або дух, пов'язаний із привабливістю (емоційною чи будь-якою іншою).</p><p>Репутація: Слава</p><p>Вартість: 1 перевірка Люті</p><p>Дія: Вільна</p><p>Резерв: —</p><p>Система: Гравець Гару отримує свою Славу як бонусні кістки на перевірки Соціальних Навичок проти людей. Цей Дар також можна використовувати у формі Гомід.</p><p>Тривалість: Одна сцена</p>",
    "bonuses": [],
    "giftType": "galliard",
    "renown": "glory",
    "level": 2,
    "cost": 1,
    "willpowercost": 0,
    "action": "",
    "dicepool": {},
    "duration": "",
    "gamesystem": "werewolf",
    "macroid": ""
  },
  "effects": [],
  "sort": 0,
  "ownership": {
    "default": 0,
    "zzaXLX6rQo9UZdTe": 3,
    "fFnQnXT35gLXdlH1": 3
  },
  "flags": {
    "vtm5e": {
      "dataItemId": "gift-animal-magnetism"
    }
  },
  "_stats": {
    "compendiumSource": null,
    "duplicateSource": null,
    "exportSource": null,
    "coreVersion": "13.346",
    "systemId": "vtm5e",
    "systemVersion": "5.1.4",
    "createdTime": 1754598800370,
    "modifiedTime": 1754598800370,
    "lastModifiedBy": "fFnQnXT35gLXdlH1"
  },
  "_key": "!items!UKJCygegLPiicli6"
}