{
  "folder": "1mzewbylYH3hyuZ6",
  "name": "Авгур",
  "type": "gift",
  "_id": "dBL3NEDrXX4VeDHW",
  "img": "modules/werewolf-the-apocalypse-5e-compendium/packs/assets/W5TribeGhostCouncil.png",
  "system": {
    "description": "<p>Вдивляючись у дзеркальну поверхню, Гару може дистанційно спостерігати за іншою місцевістю, якщо там також є дзеркальна поверхня. Цей Дар надається духом води або духом, пов'язаним зі знаннями.</p><p>Репутація: Мудрість</p><p>Вартість: 1 Сила волі</p><p>Дія: Повна</p><p>Запас: Інтелект + Мудрість</p><p>Система: Гравець Гару робить перевірку Інтелект + Мудрість зі Складністю, встановленою Розповідачем, залежно від відстані та характеру бажаної локації. (Найближча автобусна зупинка, що має і дзеркало, і калюжу поруч, може мати Складність 2, тоді як печера на іншому кінці світу може вимагати 6, щоб знайти єдину краплю води, через яку можна шпигувати.) Гару може лише бачити, але не чути чи відчувати запахи того, що відбувається в місці спостереження, і якщо ті, за ким шпигують, мають надприродні засоби для виявлення зловмисників, вони цілком можуть дізнатися про спостереження. Цей Дар можна використовувати в будь-якій формі.</p><p>Тривалість: Одна сцена</p>",
    "bonuses": [],
    "giftType": "ghostcouncil",
    "renown": "wisdom",
    "level": 3,
    "cost": 0,
    "willpowercost": 1,
    "action": "",
    "dicepool": {
      "eGL5bGtt": {
        "path": "attributes.intelligence"
      },
      "21ByKcAF": {
        "path": "renown.wisdom"
      }
    },
    "duration": "",
    "gamesystem": "werewolf",
    "macroid": ""
  },
  "effects": [],
  "sort": 0,
  "ownership": {
    "default": 0,
    "zzaXLX6rQo9UZdTe": 3,
    "fFnQnXT35gLXdlH1": 3
  },
  "flags": {
    "vtm5e": {
      "dataItemId": "gift-augur"
    }
  },
  "_stats": {
    "compendiumSource": null,
    "duplicateSource": null,
    "exportSource": null,
    "coreVersion": "13.346",
    "systemId": "vtm5e",
    "systemVersion": "5.1.4",
    "createdTime": 1754598802991,
    "modifiedTime": 1754598802991,
    "lastModifiedBy": "fFnQnXT35gLXdlH1"
  },
  "_key": "!items!dBL3NEDrXX4VeDHW"
}