{
  "folder": "YoRsAJ5CphKRtKLu",
  "name": "Погляд Балора",
  "type": "gift",
  "_id": "B1FcYgXfXbmlOQwS",
  "img": "modules/werewolf-the-apocalypse-5e-compendium/packs/assets/W5TribeHartWardens.png",
  "system": {
    "description": "<p>Одне з очей Гару світиться багряно-червоним, і всіх ворогів, що потрапляють під його погляд, охоплює жахлива агонія. Цей Дар дарує дух болю, віку або часу.</p><p>Репутація: Слава</p><p>Вартість: 1 Сила Волі</p><p>Дія: Повна</p><p>Пул: Харизма + Слава проти Стриманість + Окультизм</p><p>Система: Єдина ціль під поглядом власника Дару має протистояти кидку Харизма + Слава за допомогою кидка Стриманість + Окультизм. У разі провалу її тіло пронизує жахливий біль, і вона отримує штраф у 2 кістки на всі перевірки до кінця сцени. Одночасно під впливом Дару може перебувати лише одна ціль.</p><p>Тривалість: Одна сцена</p>",
    "bonuses": [],
    "giftType": "hartwarden",
    "renown": "glory",
    "level": 9,
    "cost": 0,
    "willpowercost": 1,
    "action": "",
    "dicepool": {
      "3Hc3HNdR": {
        "path": "attributes.charisma"
      },
      "ESJJQSas": {
        "path": "renown.glory"
      }
    },
    "duration": "",
    "gamesystem": "werewolf",
    "macroid": ""
  },
  "effects": [],
  "sort": 0,
  "ownership": {
    "default": 0,
    "zzaXLX6rQo9UZdTe": 3,
    "fFnQnXT35gLXdlH1": 3
  },
  "flags": {
    "vtm5e": {
      "dataItemId": "gift-balor's-gaze"
    }
  },
  "_stats": {
    "compendiumSource": null,
    "duplicateSource": null,
    "exportSource": null,
    "coreVersion": "13.346",
    "systemId": "vtm5e",
    "systemVersion": "5.1.4",
    "createdTime": 1754598802991,
    "modifiedTime": 1754598802991,
    "lastModifiedBy": "fFnQnXT35gLXdlH1"
  },
  "_key": "!items!B1FcYgXfXbmlOQwS"
}