{
  "folder": "iPWEwRq7mTlBZRgp",
  "name": "Між тріщинами",
  "type": "gift",
  "_id": "1EyZCalzEDLS1Xao",
  "img": "modules/werewolf-the-apocalypse-5e-compendium/packs/assets/W5TribeBoneGnawers.png",
  "system": {
    "description": "<p>В одну мить Гару може зникнути в будь-якій тріщині, якщо вона завдовжки щонайменше з долоню, і з'явитися з іншої тріщини поза полем зору або на достатній відстані, щоб уникнути переслідування. Цей Дар надає дух тіні, занепаду або руїни.</p><p>Репутація: Честь</p><p>Вартість: 1 перевірка Люті</p><p>Дія: Повна</p><p>Резерв: —</p><p>Система: Гару може втекти в тріщину (розколина, що утворилася внаслідок зносу чи пошкодження, а не будь-який проміжок) у ландшафті чи будівлі та з'явитися з іншої тріщини через хід. Це можливо, якщо Гару може до неї дістатися, обидві тріщини завдовжки принаймні з долоню, видимі для користувача та знаходяться в межах десяти метрів за кожну одиницю його Честі. Розповідач остаточно вирішує щодо наявності відповідних входів та виходів, і Гару не може використати цей Дар, якщо в межах досяжності немає виходу.</p><p>Тривалість: Один хід</p>",
    "bonuses": [],
    "giftType": "bonegnawer",
    "renown": "honor",
    "level": 9,
    "cost": 1,
    "willpowercost": 0,
    "action": "",
    "dicepool": {},
    "duration": "",
    "gamesystem": "werewolf",
    "macroid": ""
  },
  "effects": [],
  "sort": 0,
  "ownership": {
    "default": 0,
    "zzaXLX6rQo9UZdTe": 3,
    "fFnQnXT35gLXdlH1": 3
  },
  "flags": {
    "vtm5e": {
      "dataItemId": "gift-between-the-cracks"
    }
  },
  "_stats": {
    "compendiumSource": null,
    "duplicateSource": null,
    "exportSource": null,
    "coreVersion": "13.346",
    "systemId": "vtm5e",
    "systemVersion": "5.1.4",
    "createdTime": 1754598802991,
    "modifiedTime": 1754598802991,
    "lastModifiedBy": "fFnQnXT35gLXdlH1"
  },
  "_key": "!items!1EyZCalzEDLS1Xao"
}