{
  "folder": "AMjyOVxwMPN4szrS",
  "name": "Благословенне Вариво",
  "type": "gift",
  "_id": "V2NUbb0DVMHhcI6d",
  "img": "modules/werewolf-the-apocalypse-5e-compendium/packs/assets/W5TribeHartWardens.png",
  "system": {
    "description": "Гару можуть наділити напій духовною силою, що дозволяє йому підбадьорити та зміцнити душевну стійкість тих, хто його вип'є. Цей Дар дарує дух вогнища або рослин.\n\nРепутація: Слава\n\nВартість: 1 Сила волі\n\nДія: Повна\n\nРезерв кісток: —\n\nСистема: Кожен, хто вип'є еквівалент склянки рідини, на яку вплинув цей Дар, отримує таку перевагу: для наступної перевірки на опір будь-якому страху або ворожій надприродній ментальній здібності додайте кількість кісток, що дорівнює Славі користувача Дару. Користувач Дару може наділити силою еквівалент однієї пляшки рідини, чого вистачить на цілу зграю, і зілля та його ефект залишаються активними до використання або до кінця сесії. Цей Дар можна використовувати лише раз за сесію і в будь-якій формі.\n\nТривалість: До однієї сесії",
    "bonuses": [],
    "giftType": "hartwarden",
    "renown": "glory",
    "level": 3,
    "cost": 0,
    "willpowercost": 1,
    "action": "",
    "dicepool": {},
    "duration": "",
    "gamesystem": "werewolf",
    "macroid": ""
  },
  "effects": [],
  "sort": 0,
  "ownership": {
    "default": 0,
    "zzaXLX6rQo9UZdTe": 3,
    "fFnQnXT35gLXdlH1": 3
  },
  "flags": {
    "vtm5e": {
      "dataItemId": "gift-blessed-brew"
    }
  },
  "_stats": {
    "compendiumSource": null,
    "duplicateSource": null,
    "exportSource": null,
    "coreVersion": "13.346",
    "systemId": "vtm5e",
    "systemVersion": "5.1.4",
    "createdTime": 1754598802991,
    "modifiedTime": 1754598802991,
    "lastModifiedBy": "fFnQnXT35gLXdlH1"
  },
  "_key": "!items!V2NUbb0DVMHhcI6d"
}