{
  "folder": "VY4Gfaux2TPUbYQ9",
  "name": "Блаженне невігластво",
  "type": "gift",
  "_id": "SNq3ig7lxmvdVsZB",
  "img": "modules/werewolf-the-apocalypse-5e-compendium/packs/assets/W5TribeBoneGnawers.png",
  "system": {
    "description": "<p>Стоячи абсолютно нерухомо, Гару може стати невидимим для всіх спостерігачів, включно з пристроями спостереження та більшістю духів. Цей дар дарує дух-хамелеон.</p><p>Репутація: Мудрість</p><p>Вартість: 1 Сила Волі</p><p>Дія: Незначна</p><p>Резерв: —</p><p>Система: Гару стає практично невидимим, доки залишається нерухомим і мовчазним. Будь-яка спроба помітити його здійснюється зі Складністю 2 + Мудрість користувача Дару. Будь-який рух руйнує ефект, а спроби використати Дар для засідки підпадають під звичайні правила засідки, оскільки ціль має шанс помітити нападника до того, як атака влучить. (Перевірка Кмітливість + Уважність проти Стриманість + Непомітність нападника.)</p><p>Тривалість: Одна сцена</p>",
    "bonuses": [],
    "giftType": "bonegnawer",
    "renown": "wisdom",
    "level": 3,
    "cost": 0,
    "willpowercost": 1,
    "action": "",
    "dicepool": {},
    "duration": "",
    "gamesystem": "werewolf",
    "macroid": ""
  },
  "effects": [],
  "sort": 0,
  "ownership": {
    "default": 0,
    "zzaXLX6rQo9UZdTe": 3,
    "fFnQnXT35gLXdlH1": 3
  },
  "flags": {
    "vtm5e": {
      "dataItemId": "gift-blissful-ignorance"
    }
  },
  "_stats": {
    "compendiumSource": null,
    "duplicateSource": null,
    "exportSource": null,
    "coreVersion": "13.346",
    "systemId": "vtm5e",
    "systemVersion": "5.1.4",
    "createdTime": 1754598802991,
    "modifiedTime": 1754598802991,
    "lastModifiedBy": "fFnQnXT35gLXdlH1"
  },
  "_key": "!items!SNq3ig7lxmvdVsZB"
}