{
  "folder": "HEECJeAhw0SNUJbI",
  "name": "Молочна поволока",
  "type": "gift",
  "_id": "LWsWm1HuPK3bX0qF",
  "img": "modules/werewolf-the-apocalypse-5e-compendium/packs/assets/W5AuspiceRagabash.png",
  "system": {
    "description": "Тіло перевертня перетворюється на мерехтливу, нечітку пляму, ніби видиму крізь густий туман або викривлену лінзу, навіть у білий день. Гару не стає невидимим, але Дар значно ускладнює його виявлення або спробу фізичної атаки. Цей Дар дарує дух-хамелеон.\n\nРепутація: Мудрість\n\nВартість: 1 Перевірка Люті\n\nДія: Мала\n\nРезерв: —\n\nСистема: Раґабаш отримує бонус від своєї Мудрості до всіх перевірок Непомітності, а також до захисних перевірок проти фізичних атак до кінця сцени. Дія Дару припиняється, щойно користувач вступає у пряму взаємодію з об'єктом, наприклад, атакуючи його або починаючи розмову.\n\nТривалість: Одна сцена",
    "bonuses": [],
    "giftType": "ragabash",
    "renown": "wisdom",
    "level": 5,
    "cost": 1,
    "willpowercost": 0,
    "action": "",
    "dicepool": {},
    "duration": "",
    "gamesystem": "werewolf",
    "macroid": ""
  },
  "effects": [],
  "sort": 0,
  "ownership": {
    "default": 0,
    "zzaXLX6rQo9UZdTe": 3,
    "fFnQnXT35gLXdlH1": 3
  },
  "flags": {
    "vtm5e": {
      "dataItemId": "gift-blur-of-the-milky-eye"
    }
  },
  "_stats": {
    "compendiumSource": null,
    "duplicateSource": null,
    "exportSource": null,
    "coreVersion": "13.346",
    "systemId": "vtm5e",
    "systemVersion": "5.1.4",
    "createdTime": 1754598800370,
    "modifiedTime": 1754598800370,
    "lastModifiedBy": "fFnQnXT35gLXdlH1"
  },
  "_key": "!items!LWsWm1HuPK3bX0qF"
}