{
  "folder": "AeN36I8y932J57cM",
  "name": "Зміна тіла",
  "type": "gift",
  "_id": "IwNtdwEoBMFT8yqX",
  "img": "modules/werewolf-the-apocalypse-5e-compendium/packs/assets/gift.png",
  "system": {
    "description": "Гару здатний використовувати тонко налаштоване перевтілення, щоб змінити саму природу свого фізичного тіла, стаючи гнучкішим, сильнішим або щільнішим за бажанням, не змінюючи повністю форму. Цей Дар надається духом води.\n\nРепутація: Слава\n\nВартість: 1 перевірка Люті\n\nДія: Незначна\n\nРезерв: Витривалість + Слава\n\nСистема: Гравець робить перевірку Витривалість + Слава зі Складністю 2. Кожен успіх понад складність дозволяє перерозподілити одну цятку з одного Фізичного Атрибута на інший. Жоден Атрибут не може опуститися нижче 0 або перевищити 5 цяток завдяки використанню цього Дару. На розсуд Розповідача, цей Дар також може дозволити користувачеві викручувати своє тіло, щоб пролізти у простори, занадто вузькі для звичайного тіла, наприклад, у звичайні вентиляційні шахти або водопровідні труби. У цьому випадку Складність залежить від розмірів цільового простору.\n\nТривалість: Одна сцена",
    "bonuses": [],
    "giftType": "native",
    "renown": "glory",
    "level": 7,
    "cost": 1,
    "willpowercost": 0,
    "action": "",
    "dicepool": {
      "K5MJYN8Z": {
        "path": "attributes.stamina"
      },
      "rIixbx8l": {
        "path": "renown.glory"
      }
    },
    "duration": "",
    "gamesystem": "werewolf",
    "macroid": ""
  },
  "effects": [],
  "sort": 0,
  "ownership": {
    "default": 0,
    "zzaXLX6rQo9UZdTe": 3,
    "fFnQnXT35gLXdlH1": 3
  },
  "flags": {},
  "_stats": {
    "compendiumSource": null,
    "duplicateSource": null,
    "exportSource": null,
    "coreVersion": "13.346",
    "systemId": "vtm5e",
    "systemVersion": "5.1.4",
    "createdTime": 1754598801605,
    "modifiedTime": 1754598801605,
    "lastModifiedBy": "fFnQnXT35gLXdlH1"
  },
  "_key": "!items!IwNtdwEoBMFT8yqX"
}