{
  "folder": "qSJkEvhKYrWOo8pW",
  "name": "Розірви кайдани",
  "type": "gift",
  "_id": "9tpUwtZBeKILLjo7",
  "img": "modules/werewolf-the-apocalypse-5e-compendium/packs/assets/W5TribeBlackFuries.png",
  "system": {
    "description": "Гару може використати цей Дар, щоб прорватися крізь надприродний примус або прямий контроль над розумом, розриваючи кайдани, що сковують розум іншої людини. Будь-який крилатий дух може дарувати цей Дар, так само як і духи, пов'язані з Горгоною.\n\nРепутація: Слава\n\nЦіна: 1 перевірка Люті\n\nДія: Повна\n\nКидок: Зосередженість + Слава\n\nСистема: Користувач Дару дивиться в очі об'єкту і видає короткий, різкий рик, а гравець робить перевірку Дару. Складність залежить від типу ефекту, що контролює об'єкт, та сили істоти, яка за ним стоїть, але стандартне значення — 3. Розповідач може дозволити об'єкту додати свою Зосередженість до кидка для перевірки Дару, якщо той сам активно намагається чинити опір ефекту.\n\nТривалість: —",
    "bonuses": [],
    "giftType": "blackfury",
    "renown": "glory",
    "level": 9,
    "cost": 1,
    "willpowercost": 0,
    "action": "",
    "dicepool": {
      "Uh0VJHBr": {
        "path": "attributes.resolve"
      },
      "7gUNIxmt": {
        "path": "renown.glory"
      }
    },
    "duration": "",
    "gamesystem": "werewolf",
    "macroid": ""
  },
  "effects": [],
  "sort": 0,
  "ownership": {
    "default": 0,
    "zzaXLX6rQo9UZdTe": 3,
    "fFnQnXT35gLXdlH1": 3
  },
  "flags": {
    "vtm5e": {
      "dataItemId": "gift-break-the-shackles"
    }
  },
  "_stats": {
    "compendiumSource": null,
    "duplicateSource": null,
    "exportSource": null,
    "coreVersion": "13.346",
    "systemId": "vtm5e",
    "systemVersion": "5.1.4",
    "createdTime": 1754598802991,
    "modifiedTime": 1754598802991,
    "lastModifiedBy": "fFnQnXT35gLXdlH1"
  },
  "_key": "!items!9tpUwtZBeKILLjo7"
}