{
  "folder": "FPQ2ZCUzJqtvS2SI",
  "name": "Запах брата",
  "type": "gift",
  "_id": "GAPvmRtamGdzNKIH",
  "img": "modules/werewolf-the-apocalypse-5e-compendium/packs/assets/W5TribeChildrenofGaia.png",
  "system": {
    "description": "Гару може вписатися в будь-який натовп на свій вибір, незалежно від зовнішності користувача. Ті, хто не має причин підозрювати присутність Гару, просто не помічають його, тоді як більш підозрілим особам важче виявити самозванця. Аватар Єдинорога надає цей Дар.\n\nРепутація: Мудрість\n\nВартість: 1 Сили волі\n\nДія: Повна\n\nЗапас: —\n\nСистема: Доки користувач перебуває у формі, що відповідає цільовому зібранню, присутність Гару серед групи незнайомців (наприклад, у клубі вищого світу, згуртованій злочинній банді або незнайомому Каерні) залишається непоміченою, якщо тільки присутні не шукають активно порушника. У такому разі користувач Дару отримує свою Мудрість як бонус до спроб Хитрості чи Виступу, щоб залишатися під прикриттям. Цей Дар не заважає бути поміченим через недоречну поведінку, наприклад, роздягання догола у згаданому клубі, але доки підтримується видимість, Гару вважається членом групи. Зауважте, що кожен, хто знає користувача в обличчя, впізнає його, на щастя чи на біду. Цей Дар можна використовувати лише у формі Гомід, якщо тільки це не зібрання Гару.\n\nТривалість: Одна сцена",
    "bonuses": [],
    "giftType": "childrenofgaia",
    "renown": "wisdom",
    "level": 3,
    "cost": 0,
    "willpowercost": 1,
    "action": "",
    "dicepool": {},
    "duration": "",
    "gamesystem": "werewolf",
    "macroid": ""
  },
  "effects": [],
  "sort": 0,
  "ownership": {
    "default": 0,
    "zzaXLX6rQo9UZdTe": 3,
    "fFnQnXT35gLXdlH1": 3
  },
  "flags": {
    "vtm5e": {
      "dataItemId": "gift-brother's-scent"
    }
  },
  "_stats": {
    "compendiumSource": null,
    "duplicateSource": null,
    "exportSource": null,
    "coreVersion": "13.346",
    "systemId": "vtm5e",
    "systemVersion": "5.1.4",
    "createdTime": 1754598802991,
    "modifiedTime": 1754598802991,
    "lastModifiedBy": "fFnQnXT35gLXdlH1"
  },
  "_key": "!items!GAPvmRtamGdzNKIH"
}