{
  "folder": "TQRSNL7mmTDseqN8",
  "name": "Нора",
  "type": "gift",
  "_id": "VqKfypHqxMTFNVx4",
  "img": "modules/werewolf-the-apocalypse-5e-compendium/packs/assets/W5TribeSilentStriders.png",
  "system": {
    "description": "<p>Гару здатен швидко прокладати тунелі в землі, щоб обійти перешкоди чи бар'єри, або знайти тимчасовий прихисток від переслідувачів чи небезпечних умов. Тунелями можуть користуватися всі члени зграї користувача, якщо вони тримаються близько один до одного. Цей Дар дарує дух-кріт.</p><p>Репутація: Мудрість</p><p>Вартість: 1 перевірка Люті</p><p>Дія: Повна</p><p>Кидок: Сила + Мудрість</p><p>Система: Щоб заритися в землю, користувач Дару повинен зробити перевірку Сила + Мудрість зі Складністю, що залежить від відносної твердості ґрунту. (М'який ґрунт — 2, тоді як тверда кам'яниста земля — 4.) Кожне використання Дару прокопує тунель завдовжки два метри, плюс два метри за кожен додатковий успіх, і займає один хід на кожні два метри. Максимальна відстань становить 20 метрів, але додаткові використання цього Дару можуть прокопувати все довші тунелі. Незалежно від їхньої довжини, тунелі за своєю природою нестабільні й існують лише одну сцену.</p><p>Тривалість: Одна сцена</p>",
    "bonuses": [],
    "giftType": "silentstrider",
    "renown": "wisdom",
    "level": 6,
    "cost": 1,
    "willpowercost": 0,
    "action": "",
    "dicepool": {
      "sb17stMn": {
        "path": "attributes.strength"
      },
      "0o6xi7J3": {
        "path": "renown.wisdom"
      }
    },
    "duration": "",
    "gamesystem": "werewolf",
    "macroid": ""
  },
  "effects": [],
  "sort": 0,
  "ownership": {
    "default": 0,
    "zzaXLX6rQo9UZdTe": 3,
    "fFnQnXT35gLXdlH1": 3
  },
  "flags": {
    "vtm5e": {
      "dataItemId": "gift-burrow"
    }
  },
  "_stats": {
    "compendiumSource": null,
    "duplicateSource": null,
    "exportSource": null,
    "coreVersion": "13.346",
    "systemId": "vtm5e",
    "systemVersion": "5.1.4",
    "createdTime": 1754598802991,
    "modifiedTime": 1754598802991,
    "lastModifiedBy": "fFnQnXT35gLXdlH1"
  },
  "_key": "!items!VqKfypHqxMTFNVx4"
}