{
  "folder": "k6ZhcZtVZba3fxBx",
  "name": "Викликати Одержимих",
  "type": "gift",
  "_id": "3SGij3aGET1YqRNb",
  "img": "modules/werewolf-the-apocalypse-5e-compendium/packs/assets/W5AuspiceGalliard.png",
  "system": {
    "description": "<p>Цей Дар приваблює істот, одержимих духами, і може заманити їх у пастки або просто виманити зі сховку. Будь-який дух, здатний до одержимості, може навчити цього Дару.</p><p>Репутація: Честь</p><p>Вартість: 1 Сила Волі</p><p>Дія: Мала</p><p>Пул: Стриманість + Честь проти Зосередженість + Проникливість</p><p>Система: Гравець Гару робить перевірку Дару проти Зосередженість + Проникливість будь-яких одержимих істот в межах чутності поклику. Одержимі, яким не вдалося вчинити опір, докладають усіх зусиль, щоб дістатися до джерела поклику, якщо це не становить явної загрози для їхнього фізичного благополуччя (наприклад, прохід через токсичні стоки або стрибок без допомоги в глибоку прірву).</p><p>Тривалість: Одна сцена</p>",
    "bonuses": [],
    "giftType": "galliard",
    "renown": "honor",
    "level": 5,
    "cost": 0,
    "willpowercost": 1,
    "action": "",
    "dicepool": {
      "NED3PvmO": {
        "path": "attributes.composure"
      },
      "DJpvBD2D": {
        "path": "renown.honor"
      }
    },
    "duration": "",
    "gamesystem": "werewolf",
    "macroid": ""
  },
  "effects": [],
  "sort": 0,
  "ownership": {
    "default": 0,
    "zzaXLX6rQo9UZdTe": 3,
    "fFnQnXT35gLXdlH1": 3
  },
  "flags": {
    "vtm5e": {
      "dataItemId": "gift-call-the-ridden"
    }
  },
  "_stats": {
    "compendiumSource": null,
    "duplicateSource": null,
    "exportSource": null,
    "coreVersion": "13.346",
    "systemId": "vtm5e",
    "systemVersion": "5.1.4",
    "createdTime": 1754598800370,
    "modifiedTime": 1754598800370,
    "lastModifiedBy": "fFnQnXT35gLXdlH1"
  },
  "_key": "!items!3SGij3aGET1YqRNb"
}