{
  "folder": "xFRr3wj5v7hjwpeF",
  "name": "Викликати Одержимих",
  "type": "gift",
  "_id": "cosSRFgJISmR4GHR",
  "img": "modules/werewolf-the-apocalypse-5e-compendium/packs/assets/W5TribeGalestalkers.png",
  "system": {
    "description": "<p>Цей Дар приваблює істот, одержимих духами, і може заманювати їх у пастки або просто виманювати з укриття. Будь-який дух, що здатен вселятися, може навчити цього Дару.</p><p>Репутація: Честь</p><p>Вартість: 1 Сила Волі</p><p>Дія: Незначна</p><p>Резерв: Стриманість + Честь проти Зосередженість + Проникливість</p><p>Система: Гравець Гару робить перевірку Дару проти Зосередженість + Проникливість будь-яких одержимих істот в межах чутності поклику. Одержимі, що не змогли чинити опір, докладають усіх зусиль, щоб дістатися джерела поклику, допоки це не становить очевидної небезпеки для їхнього фізичного добробуту (наприклад, проходження через токсичні стоки або стрибок без допомоги в глибоку прірву).</p><p>Тривалість: Одна сцена</p>",
    "bonuses": [],
    "giftType": "galestalker",
    "renown": "honor",
    "level": 6,
    "cost": 0,
    "willpowercost": 1,
    "action": "",
    "dicepool": {
      "ai6HmdSu": {
        "path": "attributes.composure"
      },
      "ugwopIYv": {
        "path": "renown.honor"
      }
    },
    "duration": "",
    "gamesystem": "werewolf",
    "macroid": ""
  },
  "effects": [],
  "sort": 0,
  "ownership": {
    "default": 0,
    "zzaXLX6rQo9UZdTe": 3,
    "fFnQnXT35gLXdlH1": 3
  },
  "flags": {
    "vtm5e": {
      "dataItemId": "gift-call-the-ridden"
    }
  },
  "_stats": {
    "compendiumSource": null,
    "duplicateSource": null,
    "exportSource": null,
    "coreVersion": "13.346",
    "systemId": "vtm5e",
    "systemVersion": "5.1.4",
    "createdTime": 1754598802991,
    "modifiedTime": 1754598802991,
    "lastModifiedBy": "fFnQnXT35gLXdlH1"
  },
  "_key": "!items!cosSRFgJISmR4GHR"
}