{
  "folder": "wJwvPDBV2OE9qqC0",
  "name": "Маскування",
  "type": "gift",
  "_id": "UhERlw15TAdNFAeu",
  "img": "modules/werewolf-the-apocalypse-5e-compendium/packs/assets/W5TribeGalestalkers.png",
  "system": {
    "description": "<p>Гару може зливатися з дикою природою, виглядаючи як купа листя, вкрита травою ділянка землі або вкрита лишайником купа каміння, щоб краще підготувати засідку або уникнути переслідувачів. Цей Дар дарує дух оленя.</p><p>Репутація: Честь</p><p>Вартість: Безкоштовно / 1 Сила Волі</p><p>Дія: Вільна / Повна</p><p>Пул: —</p><p>Система: Складність будь-якої спроби помітити перевертня виключно зором збільшується на значення Честі користувача Дару. Витративши 1 Силу Волі та повний хід, користувач Дару може поширити його ефект на членів своєї Зграї в межах досяжності. Дія Дару припиняється, якщо користувач рухається або видає будь-який звук. Цей Дар можна використовувати в будь-якій формі.</p><p>Тривалість: Одна сцена</p>",
    "bonuses": [],
    "giftType": "galestalker",
    "renown": "honor",
    "level": 3,
    "cost": 0,
    "willpowercost": 1,
    "action": "",
    "dicepool": {},
    "duration": "",
    "gamesystem": "werewolf",
    "macroid": ""
  },
  "effects": [],
  "sort": 0,
  "ownership": {
    "default": 0,
    "zzaXLX6rQo9UZdTe": 3,
    "fFnQnXT35gLXdlH1": 3
  },
  "flags": {
    "vtm5e": {
      "dataItemId": "gift-camouflage"
    }
  },
  "_stats": {
    "compendiumSource": null,
    "duplicateSource": null,
    "exportSource": null,
    "coreVersion": "13.346",
    "systemId": "vtm5e",
    "systemVersion": "5.1.4",
    "createdTime": 1754598802991,
    "modifiedTime": 1754598802991,
    "lastModifiedBy": "fFnQnXT35gLXdlH1"
  },
  "_key": "!items!UhERlw15TAdNFAeu"
}