{
  "folder": "3UWj4DEc80oW74d9",
  "name": "Командуй Зібранням",
  "type": "gift",
  "_id": "3UbJO2TvMflFzYYX",
  "img": "modules/werewolf-the-apocalypse-5e-compendium/packs/assets/W5AuspicePhilodox.png",
  "system": {
    "description": "<p>Слова користувача Дару набувають божественних властивостей, а його магнетизм привертає увагу людей та істот у межах чутності й видимості. Цей ефект поширюється на тварин і людей, які не розмовляють однією мовою, тому слід бути обережним, щоб не привернути небажану увагу. Цьому Дару може навчити дух райського птаха або інший дух тварини, що привертає увагу.</p><p>Репутація: Слава</p><p>Вартість: 1 перевірка Люті</p><p>Дія: Вільна</p><p>Резерв: —</p><p>Система: Після активації Дар робить користувача центром уваги для всіх, хто перебуває в межах чутності або прямої видимості, і гравець може додати Славу персонажа як бонус кісток до будь-якої публічної промови чи виступу з використанням Переконання або Виступу. Звичайні люди та тварини тягнуться до користувача, і неможливо використовувати цей Дар, зберігаючи хоч якусь подобу обачності. Фізична сутичка в присутності користувача перериває ефект, і Дар не можна використовувати, поки Гару залучений у фізичний конфлікт або відвертий бій.</p><p>Тривалість: Одна сцена, або доки ефект не буде перервано чи не спливе.</p>",
    "bonuses": [],
    "giftType": "philodox",
    "renown": "glory",
    "level": 5,
    "cost": 1,
    "willpowercost": 0,
    "action": "",
    "dicepool": {},
    "duration": "",
    "gamesystem": "werewolf",
    "macroid": ""
  },
  "effects": [],
  "sort": 0,
  "ownership": {
    "default": 0,
    "zzaXLX6rQo9UZdTe": 3,
    "fFnQnXT35gLXdlH1": 3
  },
  "flags": {
    "vtm5e": {
      "dataItemId": "gift-command-the-gathering"
    }
  },
  "_stats": {
    "compendiumSource": null,
    "duplicateSource": null,
    "exportSource": null,
    "coreVersion": "13.346",
    "systemId": "vtm5e",
    "systemVersion": "5.1.4",
    "createdTime": 1754598800370,
    "modifiedTime": 1754598800370,
    "lastModifiedBy": "fFnQnXT35gLXdlH1"
  },
  "_key": "!items!3UbJO2TvMflFzYYX"
}