{
  "folder": "p5HTLPPJamJlhepE",
  "name": "Командуй Зібранням",
  "type": "gift",
  "img": "modules/werewolf-the-apocalypse-5e-compendium/packs/assets/W5TribeSilverFangs.png",
  "system": {
    "description": "<p>Слова користувача Дару набувають божественної якості, а їхній магнетизм привертає увагу людей та істот у межах чутності та видимості. Цей ефект поширюється на тварин і людей, які не розмовляють однією мовою, тому слід бути обережним, щоб не привернути небажану увагу. Дух райського птаха або інший дух тварини, що привертає увагу, може навчити цього Дару.</p><p>Репутація: Слава</p><p>Вартість: 1 перевірка Люті</p><p>Дія: Вільна</p><p>Запас: —</p><p>Система: Після активації Дар робить користувача центром уваги для всіх, хто перебуває в межах чутності або прямої видимості, і гравець може додати Славу персонажа як бонус кісток до будь-якої публічної промови чи виступу, що використовує Переконання або Виступ. Звичайні люди та тварини тягнуться до користувача, і неможливо використовувати цей Дар та зберігати хоч якусь обачність. Фізична сутичка в присутності користувача перериває ефект, і Дар не можна використовувати, поки перевертень бере участь у фізичному конфлікті або відкритому бою.</p><p>Тривалість: Одна сцена, або доки ефект не буде перервано чи не завершиться.</p>",
    "bonuses": [],
    "giftType": "silverfang",
    "renown": "glory",
    "level": 6,
    "cost": 1,
    "willpowercost": 0,
    "action": "",
    "dicepool": {},
    "duration": "",
    "gamesystem": "werewolf",
    "macroid": ""
  },
  "effects": [],
  "ownership": {
    "default": 0,
    "zzaXLX6rQo9UZdTe": 3,
    "fFnQnXT35gLXdlH1": 3
  },
  "flags": {
    "vtm5e": {
      "dataItemId": "gift-command-the-gathering"
    }
  },
  "_stats": {
    "compendiumSource": null,
    "duplicateSource": null,
    "exportSource": null,
    "coreVersion": "13.346",
    "systemId": "vtm5e",
    "systemVersion": "5.1.4",
    "createdTime": 1754598802991,
    "modifiedTime": 1754598802991,
    "lastModifiedBy": "fFnQnXT35gLXdlH1"
  },
  "_id": "CD51RnTQjBFdDTfS",
  "sort": 300000,
  "_key": "!items!CD51RnTQjBFdDTfS"
}