{
  "folder": "nA6XYXASW7Lm71dG",
  "name": "Керуюча Машина",
  "type": "gift",
  "_id": "ZYAb8LTzhfgLxFl4",
  "img": "modules/werewolf-the-apocalypse-5e-compendium/packs/assets/W5TribeGlassWalkers.png",
  "system": {
    "description": "",
    "bonuses": [],
    "giftType": "glasswalker",
    "renown": "wisdom",
    "level": 9,
    "cost": 1,
    "willpowercost": 0,
    "action": "",
    "dicepool": {
      "gOaAXeTr": {
        "path": "attributes.manipulation"
      },
      "WOdn5Z2c": {
        "path": "renown.wisdom"
      }
    },
    "duration": "",
    "gamesystem": "werewolf",
    "macroid": ""
  },
  "effects": [],
  "sort": 0,
  "ownership": {
    "default": 0,
    "zzaXLX6rQo9UZdTe": 3,
    "fFnQnXT35gLXdlH1": 3
  },
  "flags": {
    "vtm5e": {
      "dataItemId": "gift-control-machine"
    }
  },
  "_stats": {
    "compendiumSource": null,
    "duplicateSource": null,
    "exportSource": null,
    "coreVersion": "13.346",
    "systemId": "vtm5e",
    "systemVersion": "5.1.4",
    "createdTime": 1754598802991,
    "modifiedTime": 1754598802991,
    "lastModifiedBy": "fFnQnXT35gLXdlH1"
  },
  "_key": "!items!ZYAb8LTzhfgLxFl4"
}