{
  "folder": "XFrvyoLnX79HCXNr",
  "name": "Прокляття Еола",
  "type": "gift",
  "_id": "VSlxpwbQKcWLI4CJ",
  "img": "modules/werewolf-the-apocalypse-5e-compendium/packs/assets/W5TribeBlackFuries.png",
  "system": {
    "description": "<p>Гару викликає густий, моторошний туман, що затуманює зір і нервує їхніх супротивників. Цей Дар дарує дух туману.</p><p>Репутація: Слава</p><p>Вартість: 1 Сила Волі</p><p>Дія: Повна</p><p>Резерв: Зосередженість + Слава</p><p>Система: Гравець користувача робить перевірку Зосередженість + Слава проти Складності 2. Кожен успіх у перевазі дозволяє користувачеві вкрити туманом територію розміром приблизно з будинок. Усі, хто перебуває в тумані, отримують штраф у дві кістки до перевірок Уважності та Далекого бою. Цей Дар можна використовувати в будь-якій формі.</p><p>Тривалість: Одна сцена</p>",
    "bonuses": [],
    "giftType": "blackfury",
    "renown": "glory",
    "level": 3,
    "cost": 0,
    "willpowercost": 1,
    "action": "",
    "dicepool": {
      "FymoLErp": {
        "path": "attributes.resolve"
      },
      "2vk6EhFg": {
        "path": "renown.glory"
      }
    },
    "duration": "",
    "gamesystem": "werewolf",
    "macroid": ""
  },
  "effects": [],
  "sort": 0,
  "ownership": {
    "default": 0,
    "zzaXLX6rQo9UZdTe": 3,
    "fFnQnXT35gLXdlH1": 3
  },
  "flags": {
    "vtm5e": {
      "dataItemId": "gift-curse-of-aeolus"
    }
  },
  "_stats": {
    "compendiumSource": null,
    "duplicateSource": null,
    "exportSource": null,
    "coreVersion": "13.346",
    "systemId": "vtm5e",
    "systemVersion": "5.1.4",
    "createdTime": 1754598802991,
    "modifiedTime": 1754598802991,
    "lastModifiedBy": "fFnQnXT35gLXdlH1"
  },
  "_key": "!items!VSlxpwbQKcWLI4CJ"
}