{
  "folder": "iPWEwRq7mTlBZRgp",
  "name": "Кинути виклик смерті",
  "type": "gift",
  "_id": "iStWgATKx71loQrq",
  "img": "modules/werewolf-the-apocalypse-5e-compendium/packs/assets/W5TribeBoneGnawers.png",
  "system": {
    "description": "<p>Як і Гару з легенд, користувач цього Дару може обдурити смерть: його тіло швидко зцілюється, поки він танцює на межі поразки. Цей Дар дарує дух вовка або ведмедя.</p><p>Репутація: Честь</p><p>Вартість: Безкоштовно</p><p>Дія: Вільна</p><p>Запас кісток: Честь</p><p>Система: Якщо Здоров’я Гару повністю вичерпано Агрованими ушкодженнями, його гравець негайно робить кидок запасу кісток, що дорівнює Честі персонажа. Кожен успіх дозволяє зцілити один рівень ушкоджень Здоров'я. Цей Дар можна використовувати лише раз на сесію. Цей Дар можна використовувати в будь-якій формі.</p>",
    "bonuses": [],
    "giftType": "bonegnawer",
    "renown": "honor",
    "level": 9,
    "cost": 0,
    "willpowercost": 0,
    "action": "",
    "dicepool": {},
    "duration": "",
    "gamesystem": "werewolf",
    "macroid": ""
  },
  "effects": [],
  "sort": 0,
  "ownership": {
    "default": 0,
    "zzaXLX6rQo9UZdTe": 3,
    "fFnQnXT35gLXdlH1": 3
  },
  "flags": {
    "vtm5e": {
      "dataItemId": "gift-defy-death"
    }
  },
  "_stats": {
    "compendiumSource": null,
    "duplicateSource": null,
    "exportSource": null,
    "coreVersion": "13.346",
    "systemId": "vtm5e",
    "systemVersion": "5.1.4",
    "createdTime": 1754598802991,
    "modifiedTime": 1754598802991,
    "lastModifiedBy": "fFnQnXT35gLXdlH1"
  },
  "_key": "!items!iStWgATKx71loQrq"
}