{
  "folder": "xKlGewil9Xbdga2Y",
  "name": "Жахливе відволікання",
  "type": "gift",
  "_id": "Ipmv8rwKcv0uF3Jj",
  "img": "modules/werewolf-the-apocalypse-5e-compendium/packs/assets/W5TribeShadowLords.png",
  "system": {
    "description": "Гару здатен створити відволікання, настільки точне, що найпростіше завдання стає складним, а складне випробування — нездоланним. Цей Дар дарує дух тіні.\n\nРепутація: Слава\n\nВартість: 1 Сила Волі\n\nДія: Повна\n\nРезерв: Стриманість + Слава проти Кмітливість + Окультизм (або Мудрість)\n\nСистема: Ціль втрачає зі свого резерву кількість кісток, що дорівнює Славі користувача Дару, у своїй наступній дії, за умови, що ця дія триває один хід або менше. Використання цього Дару майже непомітне, і оскільки відволікання має духовну природу, користувача Дару не викриють, хіба що його гравець провалить перевірку Стриманості + Слави персонажа проти Кмітливості + Окультизму (або Мудрості, якщо ціль — Гару) суб'єкта. Однак робіть цю перевірку, лише якщо важливо, хто саме створив відволікання. На суб'єкта цей Дар може подіяти лише раз за сцену. Цей Дар можна використовувати в будь-якій формі.\n\nТривалість: Одна дія",
    "bonuses": [],
    "giftType": "shadowlord",
    "renown": "glory",
    "level": 6,
    "cost": 0,
    "willpowercost": 1,
    "action": "",
    "dicepool": {
      "SZuwiqrx": {
        "path": "attributes.composure"
      },
      "mJgkiRff": {
        "path": "renown.glory"
      }
    },
    "duration": "",
    "gamesystem": "werewolf",
    "macroid": ""
  },
  "effects": [],
  "sort": 0,
  "ownership": {
    "default": 0,
    "zzaXLX6rQo9UZdTe": 3,
    "fFnQnXT35gLXdlH1": 3
  },
  "flags": {
    "vtm5e": {
      "dataItemId": "gift-dire-distraction"
    }
  },
  "_stats": {
    "compendiumSource": null,
    "duplicateSource": null,
    "exportSource": null,
    "coreVersion": "13.346",
    "systemId": "vtm5e",
    "systemVersion": "5.1.4",
    "createdTime": 1754598802991,
    "modifiedTime": 1754598802991,
    "lastModifiedBy": "fFnQnXT35gLXdlH1"
  },
  "_key": "!items!Ipmv8rwKcv0uF3Jj"
}