{
  "folder": "CsYfkgCgjiXKeF4Y",
  "name": "Сноходіння",
  "type": "gift",
  "_id": "DDQnaKo1sAsqlBMt",
  "img": "modules/werewolf-the-apocalypse-5e-compendium/packs/assets/W5TribeGhostCouncil.png",
  "system": {
    "description": "Гару можуть направити духа у сни іншого дивними стежками крізь глибини Умбри, змінюючи ці сни або просто беручи участь у їхньому загадковому наративі. Цей Дар можна використовувати, щоб залишати повідомлення, збентежити сновидця або щоб краще зрозуміти розум незнайомця. Цей Дар надає дух снів.\n\nРепутація: Мудрість\n\nВартість: 1 Сила Волі\n\nДія: Повна сцена\n\nРезерв: Кмітливість + Мудрість\n\nСистема: Гравець робить перевірку Дару проти Складності, встановленої Розповідачем, залежно від того, чого він намагається досягти: 2, щоб просто спостерігати, 3, щоб залишити повідомлення, і 4 або більше, щоб повністю змінити ландшафт сну, аби якимось чином вплинути на сновидця. Якщо Дар використовується, щоб збентежити або іншим чином налякати сновидця, сновидець не відновлює Силу Волі природним шляхом до кінця сесії і втрачає додатковий пункт Сили Волі за кожен надлишковий успіх.\n\nДар можна використовувати, допоки користувач знає місцеперебування цілі, однак надзвичайні відстані (наприклад, міжконтинентальні) додають 1 до Складності. Цей Дар можна використовувати в будь-якій формі.\n\nТривалість: Одна сцена",
    "bonuses": [],
    "giftType": "ghostcouncil",
    "renown": "wisdom",
    "level": 9,
    "cost": 0,
    "willpowercost": 1,
    "action": "",
    "dicepool": {
      "zhh2KxoR": {
        "path": "attributes.wits"
      },
      "uGDVcPZg": {
        "path": "renown.wisdom"
      }
    },
    "duration": "",
    "gamesystem": "werewolf",
    "macroid": ""
  },
  "effects": [],
  "sort": 0,
  "ownership": {
    "default": 0,
    "zzaXLX6rQo9UZdTe": 3,
    "fFnQnXT35gLXdlH1": 3
  },
  "flags": {
    "vtm5e": {
      "dataItemId": "gift-dreamwalk"
    }
  },
  "_stats": {
    "compendiumSource": null,
    "duplicateSource": null,
    "exportSource": null,
    "coreVersion": "13.346",
    "systemId": "vtm5e",
    "systemVersion": "5.1.4",
    "createdTime": 1754598802991,
    "modifiedTime": 1754598802991,
    "lastModifiedBy": "fFnQnXT35gLXdlH1"
  },
  "_key": "!items!DDQnaKo1sAsqlBMt"
}