{
  "folder": "zr6CgIDCOgQmoA0g",
  "name": "",
  "type": "gift",
  "_id": "YaDvv3poZ8APLKH2",
  "img": "modules/werewolf-the-apocalypse-5e-compendium/packs/assets/W5TribeGlassWalkers.png",
  "system": {
    "description": "<p>Спрямовуючи власну Лють, Гару може заживити будь-який справний пристрій, ніби той під'єднано до мережі або заправлено. Хоча це й не дозволяє відремонтувати повністю знищену машину, Гару може змусити працювати навіть пошкоджене обладнання, хоча б на кілька миттєвостей.</p><p>Репутація: Мудрість</p><p>Ціна: 1+ перевірка Люті</p><p>Дія: Повна</p><p>Резерв: Зосередженість + Мудрість</p><p>Система: Заживлення справного обладнання, як-от ноутбука чи автомобіля, вимагає перевірки Люті, і на розсуд Розповідача можуть знадобитися додаткові перевірки залежно від розміру машини. Якщо машина пошкоджена, необхідно зробити перевірку Зосередженість + Мудрість зі Складністю, що залежить від рівня пошкодження, і машина працюватиме кількість ходів, що дорівнює перевазі. Зауважте, однак, що цей Дар не надає жодних знань про те, як керувати цільовим пристроєм.</p><p>Тривалість: Одна сцена / Кількість ходів, що дорівнює перевазі</p>",
    "bonuses": [],
    "giftType": "glasswalker",
    "renown": "wisdom",
    "level": 6,
    "cost": 1,
    "willpowercost": 0,
    "action": "",
    "dicepool": {
      "1oHmWenP": {
        "path": "attributes.resolve"
      },
      "5aPmtgsQ": {
        "path": "renown.wisdom"
      }
    },
    "duration": "",
    "gamesystem": "werewolf",
    "macroid": ""
  },
  "effects": [],
  "sort": 0,
  "ownership": {
    "default": 0,
    "zzaXLX6rQo9UZdTe": 3,
    "fFnQnXT35gLXdlH1": 3
  },
  "flags": {
    "vtm5e": {
      "dataItemId": "gift-energize"
    }
  },
  "_stats": {
    "compendiumSource": null,
    "duplicateSource": null,
    "exportSource": null,
    "coreVersion": "13.346",
    "systemId": "vtm5e",
    "systemVersion": "5.1.4",
    "createdTime": 1754598802991,
    "modifiedTime": 1754598802991,
    "lastModifiedBy": "fFnQnXT35gLXdlH1"
  },
  "_key": "!items!YaDvv3poZ8APLKH2"
}