{
  "folder": "wJwvPDBV2OE9qqC0",
  "name": "Полонити дух",
  "type": "gift",
  "_id": "ZLQIfWQNShsTvP0Z",
  "img": "modules/werewolf-the-apocalypse-5e-compendium/packs/assets/W5TribeGalestalkers.png",
  "system": {
    "description": "<p>Посилаючись на мандати, дані Геєю в часи легенд, Гару зупиняє духа на місці, а також послаблює його захист від подальших Дарів. Цей Дар надає дух закону Ткалі.</p><p>Репутація: Честь</p><p>Ціна: 1 Сила Волі</p><p>Дія: Повна</p><p>Резерв: Кмітливість + Честь проти Сили</p><p>Система: Дух має бути присутнім в тій самій царині (фізичній чи духовній), що й користувач. Цільовий дух отримує штраф у дві кістки на будь-яку спробу опору, а також на будь-яку спробу користувача торгуватися з ним або віддавати йому накази (включно із застосуванням Наказу Духу). Дух також змушений залишатися на місці, якщо не зможе звільнитися, пройшовши перевірку Сили (з урахуванням штрафу у дві кістки) проти Кмітливості + Честі користувача. Цей Дар не можна використовувати на вже ворожого духа, і будь-яка спроба завдати шкоди духу призводить до припинення дії Дару.</p><p>Тривалість: Одна сцена</p>",
    "bonuses": [],
    "giftType": "galestalker",
    "renown": "honor",
    "level": 3,
    "cost": 0,
    "willpowercost": 1,
    "action": "",
    "dicepool": {
      "FYJ5mzRC": {
        "path": "attributes.wits"
      },
      "9iNxWz80": {
        "path": "renown.honor"
      }
    },
    "duration": "",
    "gamesystem": "werewolf",
    "macroid": ""
  },
  "effects": [],
  "sort": 0,
  "ownership": {
    "default": 0,
    "zzaXLX6rQo9UZdTe": 3,
    "fFnQnXT35gLXdlH1": 3
  },
  "flags": {
    "vtm5e": {
      "dataItemId": "gift-ensnare-spirit"
    }
  },
  "_stats": {
    "compendiumSource": null,
    "duplicateSource": null,
    "exportSource": null,
    "coreVersion": "13.346",
    "systemId": "vtm5e",
    "systemVersion": "5.1.4",
    "createdTime": 1754598802991,
    "modifiedTime": 1754598802991,
    "lastModifiedBy": "fFnQnXT35gLXdlH1"
  },
  "_key": "!items!ZLQIfWQNShsTvP0Z"
}