{
  "folder": "gOgpixVpcisrbgX1",
  "name": "Полонити Духа",
  "type": "gift",
  "_id": "ZQoDoavMze3oU3Jq",
  "img": "modules/werewolf-the-apocalypse-5e-compendium/packs/assets/W5AuspiceTheurge.png",
  "system": {
    "description": "Посилаючись на накази, що їх дала Гея в легендарні часи, Гару зупиняє духа, а також послаблює його захист від подальших Дарів. Цей Дар дарує дух закону Ткалі.\n\nРепутація: Честь\n\nЦіна: 1 Сила Волі\n\nДія: Повна\n\nРезерв: Кмітливість + Честь проти Могутності\n\nСистема: Дух має бути присутнім у тому ж царстві (фізичному чи духовному), що й користувач. Дух-ціль отримує штраф у дві кістки на будь-які спроби опору, а також на спроби користувача торгуватися з ним чи віддавати йому накази (включно з використанням «Наказу Духу»). Дух також змушений залишатися на місці, доки не звільниться, здійснивши успішну перевірку Могутності (зі штрафом у дві кістки) проти Кмітливості + Честі користувача. Цей Дар не можна застосовувати до вже ворожого духа, і будь-яка спроба завдати йому шкоди припиняє дію Дару.\n\nТривалість: Одна сцена",
    "bonuses": [],
    "giftType": "theurge",
    "renown": "honor",
    "level": 2,
    "cost": 0,
    "willpowercost": 1,
    "action": "",
    "dicepool": {
      "jM9Tdbgd": {
        "path": "attributes.wits"
      },
      "NDkrd9Px": {
        "path": "renown.honor"
      }
    },
    "duration": "",
    "gamesystem": "werewolf",
    "macroid": ""
  },
  "effects": [],
  "sort": 0,
  "ownership": {
    "default": 0,
    "zzaXLX6rQo9UZdTe": 3,
    "fFnQnXT35gLXdlH1": 3
  },
  "flags": {
    "vtm5e": {
      "dataItemId": "gift-ensnare-spirit"
    }
  },
  "_stats": {
    "compendiumSource": null,
    "duplicateSource": null,
    "exportSource": null,
    "coreVersion": "13.346",
    "systemId": "vtm5e",
    "systemVersion": "5.1.4",
    "createdTime": 1754598800370,
    "modifiedTime": 1754598800370,
    "lastModifiedBy": "fFnQnXT35gLXdlH1"
  },
  "_key": "!items!ZQoDoavMze3oU3Jq"
}