{
  "folder": "1Xy29R44XDHUdInL",
  "name": "Очі Сови",
  "type": "gift",
  "_id": "9Cn1DPVox82xdacH",
  "img": "modules/werewolf-the-apocalypse-5e-compendium/packs/assets/gift.png",
  "system": {
    "description": "<p>Зі зловісно сяючими жовтими очима перевертень отримує здатність бачити в цілковитій темряві. Цей Дар дарує дух Сови або кота.</p><p>Репутація: Мудрість</p><p>Вартість: 1 Сила Волі</p><p>Дія: Вільна</p><p>Резерв: —</p><p>Система: Користувач може бачити в будь-якій природній темряві без штрафів. Якщо темрява має надприродне походження, він отримує свою Мудрість як бонусні кістки до будь-якої спроби протистояти їй, якщо опір можливий.</p><p>Тривалість: Одна сцена</p>",
    "bonuses": [],
    "giftType": "native",
    "renown": "wisdom",
    "level": 1,
    "cost": 0,
    "willpowercost": 1,
    "action": "",
    "dicepool": {},
    "duration": "",
    "gamesystem": "werewolf",
    "macroid": ""
  },
  "effects": [],
  "sort": 0,
  "ownership": {
    "default": 0,
    "zzaXLX6rQo9UZdTe": 3,
    "fFnQnXT35gLXdlH1": 3
  },
  "flags": {
    "vtm5e": {
      "dataItemId": "gift-eyes-of-the-owl"
    }
  },
  "_stats": {
    "compendiumSource": null,
    "duplicateSource": null,
    "exportSource": null,
    "coreVersion": "13.346",
    "systemId": "vtm5e",
    "systemVersion": "5.1.4",
    "createdTime": 1754598801605,
    "modifiedTime": 1754598801605,
    "lastModifiedBy": "fFnQnXT35gLXdlH1"
  },
  "_key": "!items!9Cn1DPVox82xdacH"
}