{
  "folder": "xKlGewil9Xbdga2Y",
  "name": "Очі Кобри",
  "type": "gift",
  "_id": "kUYmo7sWFcEl48z4",
  "img": "modules/werewolf-the-apocalypse-5e-compendium/packs/assets/W5TribeShadowLords.png",
  "system": {
    "description": "Зустрівшись поглядом із жертвою, Гару може притягнути її до себе однією лише силою своєї особистості. Цей Дар дарує дух змії.\n\nРепутація: Слава\n\nВартість: 1 Сила Волі\n\nДія: Мала\n\nРезерв: Харизма + Слава проти Стриманість + Зосередженість\n\nСистема: Доки користувач підтримує зоровий контакт із жертвою, жертва рухається до Гару, ніби в трансі, не виконуючи жодних інших дій, доки не опиниться на відстані витягнутої руки, після чого ефект припиняється. Інші надприродні істоти та люди, які знають про Гару та їхні сили, можуть спробувати протистояти Харизмі + Славі користувача за допомогою Стриманості + Зосередженості, але потрапивши під дію Дару, вони не можуть відвести погляд. Щоб зловити погляд того, хто активно намагається уникнути погляду користувача Дару, потрібне змагання Зосередженості + Залякування користувача проти Кмітливості + Уважності цілі. Будь-яка спроба насильства щодо жертви перериває ефект, як і інші небезпечні для життя ситуації, і жертва може намагатися ухилитися від атак, як зазвичай.\n\nТривалість: Одна сцена або доки ефект не буде перервано, наприклад, коли жертва досягне користувача.",
    "bonuses": [],
    "giftType": "shadowlord",
    "renown": "glory",
    "level": 6,
    "cost": 0,
    "willpowercost": 1,
    "action": "",
    "dicepool": {
      "JSOkKTQS": {
        "path": "attributes.charisma"
      },
      "PhR1iDsj": {
        "path": "renown.glory"
      }
    },
    "duration": "",
    "gamesystem": "werewolf",
    "macroid": ""
  },
  "effects": [],
  "sort": 0,
  "ownership": {
    "default": 0,
    "zzaXLX6rQo9UZdTe": 3,
    "fFnQnXT35gLXdlH1": 3
  },
  "flags": {
    "vtm5e": {
      "dataItemId": "gift-eyes-of-the-cobra"
    }
  },
  "_stats": {
    "compendiumSource": null,
    "duplicateSource": null,
    "exportSource": null,
    "coreVersion": "13.346",
    "systemId": "vtm5e",
    "systemVersion": "5.1.4",
    "createdTime": 1754598802991,
    "modifiedTime": 1754598802991,
    "lastModifiedBy": "fFnQnXT35gLXdlH1"
  },
  "_key": "!items!kUYmo7sWFcEl48z4"
}