{
  "folder": "3UWj4DEc80oW74d9",
  "name": "Ікла Суду",
  "type": "gift",
  "_id": "eoWEGQFGqK6jK6eI",
  "img": "modules/werewolf-the-apocalypse-5e-compendium/packs/assets/W5AuspicePhilodox.png",
  "system": {
    "description": "Користувач Дару виносить вирок ворогу, оголошуючи його життя втраченим. Члени зграї користувача виявляють, що їхні кігті та ікла загострюються проти вказаного ворога, щоб швидше відправити його в могилу. Цей Дар дарує будь-яка кількість духів-хижаків.\n\nРепутація: Честь\n\nВартість: 1 Сила Волі\n\nДія: Повна\n\nЗапас: Зосередженість + Честь\n\nСистема: Користувач Дару обирає видиму ціль, яка раніше завдала шкоди члену його зграї, а гравець робить перевірку Зосередженість + Честь зі Складністю 3. У разі успіху природна зброя зграї отримує +1 до шкоди проти вказаної цілі. Один Гару може позначити лише одного ворога, і ефекти не сумуються, якщо інші Гару з таким самим Даром націлюються на ту ж ціль. Дар діє, доки ворог не помре або вирок не буде скасовано, але останнє можна зробити лише в присутності цілі.\n\nТривалість: До смерті обраного ворога або скасування вироку",
    "bonuses": [],
    "giftType": "philodox",
    "renown": "honor",
    "level": 5,
    "cost": 0,
    "willpowercost": 1,
    "action": "",
    "dicepool": {
      "PvzvOCUw": {
        "path": "attributes.resolve"
      },
      "9ZOLNjDs": {
        "path": "renown.honor"
      }
    },
    "duration": "",
    "gamesystem": "werewolf",
    "macroid": ""
  },
  "effects": [],
  "sort": 0,
  "ownership": {
    "default": 0,
    "zzaXLX6rQo9UZdTe": 3,
    "fFnQnXT35gLXdlH1": 3
  },
  "flags": {
    "vtm5e": {
      "dataItemId": "gift-fangs-of-judgement"
    }
  },
  "_stats": {
    "compendiumSource": null,
    "duplicateSource": null,
    "exportSource": null,
    "coreVersion": "13.346",
    "systemId": "vtm5e",
    "systemVersion": "5.1.4",
    "createdTime": 1754598800370,
    "modifiedTime": 1754598800370,
    "lastModifiedBy": "fFnQnXT35gLXdlH1"
  },
  "_key": "!items!eoWEGQFGqK6jK6eI"
}