{
  "folder": "wgQFHhChUWtkpjqq",
  "name": "Фатальний Недолік",
  "type": "gift",
  "_id": "vjHuE6AqxjpRQmps",
  "img": "modules/werewolf-the-apocalypse-5e-compendium/packs/assets/W5TribeShadowLords.png",
  "system": {
    "description": "<p>Гару уважно спостерігає за своєю ціллю і за допомогою духа-шпигуна розпізнає слабкість у своїй здобичі. Це може бути як надприродна вада, наприклад, вразливість самих перевертнів до срібла, або, за її відсутності, слабке місце, що ставить під загрозу захист ворога. Цей Дар дарує дух-терміт.</p><p>Репутація: Слава</p><p>Вартість: 1 Сила волі</p><p>Дія: Повна</p><p>Кидок: Інтелект + Слава проти Стриманість + Хитрість</p><p>Система: Гару, що використовує цей Дар, повинен витратити повний хід (або еквівалент) на вивчення своєї цілі, протягом якого він не може робити нічого іншого. У разі успішного кидка гравця Інтелект + Слава проти Стриманість + Хитрість цілі, користувач дізнається про один спосіб завдати об'єкту Агравованої фізичної шкоди, про який він ще не знав. (Не враховуйте унікальні джерела шкоди, такі як іменна зброя тощо). Якщо він уже знає про всі анафеми цілі, він отримує бонус в одну кістку до атак, оскільки розпізнає незначну слабкість, наприклад, «схильність починати з лівої». Цей Дар можна використовувати в будь-якій формі.</p><p>Тривалість: —</p>",
    "bonuses": [],
    "giftType": "shadowlord",
    "renown": "glory",
    "level": 3,
    "cost": 0,
    "willpowercost": 1,
    "action": "",
    "dicepool": {
      "Y75UlN45": {
        "path": "attributes.intelligence"
      },
      "EKugefiZ": {
        "path": "renown.glory"
      }
    },
    "duration": "",
    "gamesystem": "werewolf",
    "macroid": ""
  },
  "effects": [],
  "sort": 0,
  "ownership": {
    "default": 0,
    "zzaXLX6rQo9UZdTe": 3,
    "fFnQnXT35gLXdlH1": 3
  },
  "flags": {
    "vtm5e": {
      "dataItemId": "gift-fatal-flaw"
    }
  },
  "_stats": {
    "compendiumSource": null,
    "duplicateSource": null,
    "exportSource": null,
    "coreVersion": "13.346",
    "systemId": "vtm5e",
    "systemVersion": "5.1.4",
    "createdTime": 1754598802991,
    "modifiedTime": 1754598802991,
    "lastModifiedBy": "fFnQnXT35gLXdlH1"
  },
  "_key": "!items!vjHuE6AqxjpRQmps"
}