{
  "folder": "zrIOZl65hhtCHFTA",
  "name": "Здобути винагороду",
  "type": "gift",
  "_id": "1LEJz75XGAGvYgy6",
  "img": "modules/werewolf-the-apocalypse-5e-compendium/packs/assets/W5TribeSilentStriders.png",
  "system": {
    "description": "За допомогою місцевих духів Гару може знайти будь-який звичайний предмет, який шукає, отримуючи вказівки за запахом до найближчого екземпляра цього предмета. Хоча цей Дар дозволяє знаходити лише неживі предмети, він може стати в пригоді, коли Гару потребує їжі, транспортного засобу або нового одягу. Цей Дар дарує дух сороки.\n\nРепутація: Мудрість\n\nЦіна: 1 Сила Волі\n\nДія: Повна\n\nЗапас: Кмітливість + Мудрість\n\nСистема: Перевертень обирає предмет, а гравець робить перевірку Кмітливість + Мудрість зі Складністю, що залежить від рідкісності предмета в цій місцевості та від того, наскільки конкретним є запит. Пошук «автомобіля» може мати Складність 2, тоді як пошук «Chevrolet Corvette '75 року» наближається до 4 або 5 і може вимагати годин подорожі. Звісно, якщо предмета немає в цій місцевості, Дар автоматично провалюється, як і спроби знайти занадто конкретний об'єкт, наприклад, автомобіль певного кольору. (Загалом, у пошуку не можна використовувати прикметники, а також такі речі, як номерні знаки чи серійні номери). Поняття «місцевості» навмисно розмите, оскільки воно більше залежить від захаращеності, ніж від визначеної географічної зони. Це може бути один квартал у Нью-Йорку, але й кілька квадратних кілометрів лісу. Цей Дар можна використовувати в будь-якій формі.\n\nТривалість: Одна сцена",
    "bonuses": [],
    "giftType": "silentstrider",
    "renown": "wisdom",
    "level": 3,
    "cost": 0,
    "willpowercost": 1,
    "action": "",
    "dicepool": {
      "Rt1uNkI4": {
        "path": "attributes.wits"
      },
      "xyk5TQ7A": {
        "path": "renown.wisdom"
      }
    },
    "duration": "",
    "gamesystem": "werewolf",
    "macroid": ""
  },
  "effects": [],
  "sort": 0,
  "ownership": {
    "default": 0,
    "zzaXLX6rQo9UZdTe": 3,
    "fFnQnXT35gLXdlH1": 3
  },
  "flags": {
    "vtm5e": {
      "dataItemId": "gift-fetch-bounty"
    }
  },
  "_stats": {
    "compendiumSource": null,
    "duplicateSource": null,
    "exportSource": null,
    "coreVersion": "13.346",
    "systemId": "vtm5e",
    "systemVersion": "5.1.4",
    "createdTime": 1754598802991,
    "modifiedTime": 1754598802991,
    "lastModifiedBy": "fFnQnXT35gLXdlH1"
  },
  "_key": "!items!1LEJz75XGAGvYgy6"
}