{
  "folder": "gmNkMm5k0LpHZvDk",
  "name": "Обійми Геї",
  "type": "gift",
  "_id": "F0YSu7wlOyZ0sVWq",
  "img": "modules/werewolf-the-apocalypse-5e-compendium/packs/assets/W5TribeRedTalons.png",
  "system": {
    "description": "Ніщо не може довго залишатися в повітрі, оскільки Гару обертає саму силу тяжіння землі проти своїх ворогів. Усе, що летить поблизу, з труднощами тримається в повітрі, і навіть кулі летять криво, а їхня траєкторія викривляється через хаотичні зміни гравітації. Цей Дар дарує дух скелі або дух гори.\n\nРепутація: Честь\n\nВартість: 1 перевірка Люті\n\nДія: Повна\n\nРезерв: —\n\nСистема: Усе, що летить на висоті менше 50 метрів і в радіусі 100 метрів від перевертня, повинно негайно приземлитися або ризикує розбитися. (Складність утримання в повітрі дорівнює 1 + Честь користувача Дару) Цей ефект також поширюється на гелікоптери, дрони чи інші літальні апарати, що пролітають крізь цю область. Снаряди та кинуті предмети також зазнають впливу тяжіння, отримуючи штраф до кісток атаки, що дорівнює Честі користувача, якщо їхня траєкторія входить у зону або виходить з неї. Усе, що стоїть на землі, не зазнає впливу, хоча стрибки та інші акробатичні трюки також отримують аналогічний штраф. Підтримка цього ефекту вимагає повної уваги користувача Дару, і дія ефекту припиняється, щойно користувач виконує іншу дію або використовує інший Дар.\n\nТривалість: До однієї сцени",
    "bonuses": [],
    "giftType": "redtalon",
    "renown": "honor",
    "level": 6,
    "cost": 1,
    "willpowercost": 0,
    "action": "",
    "dicepool": {},
    "duration": "",
    "gamesystem": "werewolf",
    "macroid": ""
  },
  "effects": [],
  "sort": 0,
  "ownership": {
    "default": 0,
    "zzaXLX6rQo9UZdTe": 3,
    "fFnQnXT35gLXdlH1": 3
  },
  "flags": {
    "vtm5e": {
      "dataItemId": "gift-gaia's-embrace"
    }
  },
  "_stats": {
    "compendiumSource": null,
    "duplicateSource": null,
    "exportSource": null,
    "coreVersion": "13.346",
    "systemId": "vtm5e",
    "systemVersion": "5.1.4",
    "createdTime": 1754598802991,
    "modifiedTime": 1754598802991,
    "lastModifiedBy": "fFnQnXT35gLXdlH1"
  },
  "_key": "!items!F0YSu7wlOyZ0sVWq"
}