{
  "folder": "DVUYC0tbtdqyzy4H",
  "name": "Щирість Геї",
  "type": "gift",
  "_id": "mNRCHe3Z077HT2sQ",
  "img": "modules/werewolf-the-apocalypse-5e-compendium/packs/assets/W5AuspicePhilodox.png",
  "system": {
    "description": "<p>Користувач Дару нависає над суб'єктом і ставить запитання, а його голос сповнений погрози та обіцянки швидкої розправи. За запахом суб'єкта користувач може визначити, чи вірить той у власну відповідь. (Жертва все ще може відмовитися відповідати.) Цей Дар дарує дух істини.</p><p>Репутація: Слава</p><p>Вартість: 1 перевірка Люті</p><p>Дія: Повна</p><p>Пул: Харизма + Слава проти Стриманість + Хитрість</p><p>Система: Перевірка не потрібна для людини, яка не знає про Гару чи їхні сили. Інша надприродна істота або людина, що вже стикалася з Гару, може спробувати чинити опір ефекту. В такому випадку гравець користувача має виграти перевірку Харизма + Слава проти Стриманість + Хитрість.</p><p>Тривалість: Одне запитання</p>",
    "bonuses": [],
    "giftType": "philodox",
    "renown": "glory",
    "level": 2,
    "cost": 1,
    "willpowercost": 0,
    "action": "",
    "dicepool": {
      "8yCZGsxP": {
        "path": "attributes.charisma"
      },
      "TagMESsX": {
        "path": "renown.glory"
      }
    },
    "duration": "",
    "gamesystem": "werewolf",
    "macroid": ""
  },
  "effects": [],
  "sort": 0,
  "ownership": {
    "default": 0,
    "zzaXLX6rQo9UZdTe": 3,
    "fFnQnXT35gLXdlH1": 3
  },
  "flags": {
    "vtm5e": {
      "dataItemId": "gift-gaia's-candor"
    }
  },
  "_stats": {
    "compendiumSource": null,
    "duplicateSource": null,
    "exportSource": null,
    "coreVersion": "13.346",
    "systemId": "vtm5e",
    "systemVersion": "5.1.4",
    "createdTime": 1754598800370,
    "modifiedTime": 1754598800370,
    "lastModifiedBy": "fFnQnXT35gLXdlH1"
  },
  "_key": "!items!mNRCHe3Z077HT2sQ"
}