{
  "folder": "5BYcCq5IZOn5CqL5",
  "name": "Ґеас",
  "type": "gift",
  "_id": "cVl0naUoSnqXl8So",
  "img": "modules/werewolf-the-apocalypse-5e-compendium/packs/assets/W5AuspicePhilodox.png",
  "system": {
    "description": "Гару може віддати непорушний наказ одній особі, змушуючи її виконати дію на вибір користувача Дару. Однак, цей Дар жодним чином не дозволяє отримувати інформацію, а дії, що суперечать природі або самозбереженню жертви, часто зустрічають опір. Цей Дар дарують духи-ткачі та духи, що дотримуються жорстких ієрархій.\n\nРепутація: Слава\n\nВартість: 1 перевірка Люті\n\nДія: Повна\n\nКидок: Маніпулвання + Слава проти Стриманість + Зосередженість\n\nСистема: Гару повинен віддати наказ вголос і в присутності об'єкта. Інші надприродні істоти та люди, знайомі з Гару, можуть чинити опір (див. кидок вище), як і будь-хто, якщо наказ суперечить їхній природі або завдасть шкоди тим, кого любить об'єкт. Наказ, який безпосередньо зашкодить жертві, наприклад, вистрілити в себе або ступити у вогонь, автоматично провалюється, як і накази, що вимагають неможливого. Поки ціль не виконає дію або Гару не звільнить її від ґейсу, ціль намагатиметься виконати дію до кінця сцени.\n\nТривалість: До виконання дії, до кінця сцени або доки ґейс не буде знято",
    "bonuses": [],
    "giftType": "philodox",
    "renown": "glory",
    "level": 8,
    "cost": 1,
    "willpowercost": 0,
    "action": "",
    "dicepool": {
      "V4Hp2QQ9": {
        "path": "attributes.manipulation"
      },
      "U1aURcBC": {
        "path": "renown.glory"
      }
    },
    "duration": "",
    "gamesystem": "werewolf",
    "macroid": ""
  },
  "effects": [],
  "sort": 0,
  "ownership": {
    "default": 0,
    "zzaXLX6rQo9UZdTe": 3,
    "fFnQnXT35gLXdlH1": 3
  },
  "flags": {
    "vtm5e": {
      "dataItemId": "gift-geas"
    }
  },
  "_stats": {
    "compendiumSource": null,
    "duplicateSource": null,
    "exportSource": null,
    "coreVersion": "13.346",
    "systemId": "vtm5e",
    "systemVersion": "5.1.4",
    "createdTime": 1754598800370,
    "modifiedTime": 1754598800370,
    "lastModifiedBy": "fFnQnXT35gLXdlH1"
  },
  "_key": "!items!cVl0naUoSnqXl8So"
}