{
  "folder": "pwNyBSrhvJV7eFda",
  "name": "Гремліни",
  "type": "gift",
  "_id": "74Hzvi8ZsThK92gm",
  "img": "modules/werewolf-the-apocalypse-5e-compendium/packs/assets/W5AuspiceRagabash.png",
  "system": {
    "description": "Залякуючи духа всередині технологічного пристрою, Гару може змусити цей пристрій вийти з ладу або зламатися назавжди. Цей Дар дарує дух хаосу.\n\nРепутація: Слава\n\nВартість: 1 перевірка Люті\n\nДія: Повна\n\nРезерв: Харизма + Слава\n\nСистема: Користувач обирає ціллю пристрій в полі зору та в межах п'яти метрів і робить перевірку Харизма + Слава проти Складності пристрою (нижче). Успіх означає, що пристрій стає непридатним для використання до кінця сцени; критичний успіх робить пристрій повністю непрацездатним і таким, що не підлягає ремонту. Цей Дар також можна використовувати у формі Вовка.\n\nРівень складності пристрою | Складність\n\nКомп'ютери (включно з мобільними телефонами) 2\nЕлектроніка (включно з камерами) 3\nЕлектричні двигуни або двигуни внутрішнього згоряння (автомобілі, потяги тощо) 4\nВогнепальна зброя та інші хімічні реакції (вибухівка, вогонь тощо) 5\nСуто механічні пристрої (лебідка, велосипед, механічний замок) 6+\n\nТривалість: Одна сцена або назавжди",
    "bonuses": [],
    "giftType": "ragabash",
    "renown": "glory",
    "level": 2,
    "cost": 1,
    "willpowercost": 0,
    "action": "",
    "dicepool": {
      "L6lH8MEB": {
        "path": "attributes.charisma"
      },
      "U6g6X6FC": {
        "path": "renown.glory"
      }
    },
    "duration": "",
    "gamesystem": "werewolf",
    "macroid": ""
  },
  "effects": [],
  "sort": 0,
  "ownership": {
    "default": 0,
    "zzaXLX6rQo9UZdTe": 3,
    "fFnQnXT35gLXdlH1": 3
  },
  "flags": {
    "vtm5e": {
      "dataItemId": "gift-gremlins"
    }
  },
  "_stats": {
    "compendiumSource": null,
    "duplicateSource": null,
    "exportSource": null,
    "coreVersion": "13.346",
    "systemId": "vtm5e",
    "systemVersion": "5.1.4",
    "createdTime": 1754598800370,
    "modifiedTime": 1754598800370,
    "lastModifiedBy": "fFnQnXT35gLXdlH1"
  },
  "_key": "!items!74Hzvi8ZsThK92gm"
}