{
  "folder": "3CMiDb2KkxVLm9hx",
  "name": "Зупини втечу боягуза",
  "type": "gift",
  "_id": "bpUvLUdleouBlRq0",
  "img": "modules/werewolf-the-apocalypse-5e-compendium/packs/assets/W5AuspiceAhroun.png",
  "system": {
    "description": "Гару може сповільнити ціль, що тікає, змушуючи її ноги підкошуватися, землю під ногами м'якшати, а шини — ковзати. Цей Дар дарує болотний дух.\n\nРепутація: Честь\n\nВартість: 1 перевірка Люті\n\nДія: Повна\n\nПул кісток: Зосередженість + Честь проти Стриманість + Виживання\n\nСистема: Гару видає страхітливе виття, спрямоване на видиму ціль, що тікає від нього чи члена його зграї і перебуває в межах 50 метрів. Швидкість руху жертви цього Дару зменшується до швидкості кроку, доки вона намагається втекти від користувача. Цілі в повітрі притягуються до землі. Дар автоматично спрацьовує на звичайних людях, транспортних засобах і тваринах. Надприродні жертви, як-от вампір чи інший перевертень, повинні бути переможені в протистоянні Зосередженість + Честь проти Стриманість + Виживання. (На розсуд Розповідача, надзвичайно вмотивовані або іншим чином підготовлені люди можуть чинити опір у подібний спосіб.)\n\nТривалість: Одна сцена",
    "bonuses": [],
    "giftType": "ahroun",
    "renown": "honor",
    "level": 2,
    "cost": 1,
    "willpowercost": 0,
    "action": "",
    "dicepool": {
      "iH6wCjwH": {
        "path": "attributes.resolve"
      },
      "KUSX25fo": {
        "path": "renown.honor"
      }
    },
    "duration": "",
    "gamesystem": "werewolf",
    "macroid": ""
  },
  "effects": [],
  "sort": 0,
  "ownership": {
    "default": 0,
    "zzaXLX6rQo9UZdTe": 3,
    "fFnQnXT35gLXdlH1": 3
  },
  "flags": {
    "vtm5e": {
      "dataItemId": "gift-halt-the-coward's-flight"
    }
  },
  "_stats": {
    "compendiumSource": null,
    "duplicateSource": null,
    "exportSource": null,
    "coreVersion": "13.346",
    "systemId": "vtm5e",
    "systemVersion": "5.1.4",
    "createdTime": 1754598800370,
    "modifiedTime": 1754598800370,
    "lastModifiedBy": "fFnQnXT35gLXdlH1"
  },
  "_key": "!items!bpUvLUdleouBlRq0"
}