{
  "folder": "ESxXWnUqJPXgAOMd",
  "name": "Руки Землі",
  "type": "gift",
  "_id": "IL3bTvEpdXhjNw43",
  "img": "modules/werewolf-the-apocalypse-5e-compendium/packs/assets/W5TribeGhostCouncil.png",
  "system": {
    "description": "<p>З цим Даром Гару може маніпулювати об'єктами на відстані, піднімаючи, тягнучи та кидаючи їх за допомогою духів. Цей Дар дарує дух землі чи каменю.</p><p>Репутація: Мудрість</p><p>Вартість: 1 перевірка Люті</p><p>Дія: Повна</p><p>Пул: Зосередженість + Мудрість, Кмітливість + Мудрість</p><p>Система: Щоб використати цей Дар, Гару повинен концентруватися протягом повного ходу і не може робити нічого іншого, поки використовує його. Обраний об'єкт можна вільно переміщувати, але важкі об'єкти вимагають перевірки Зосередженість + Мудрість замість Сили (див. «Прояви Сили», стор. 130). Легші об'єкти можна кидати, використовуючи Кмітливість + Мудрість як пул для дальньої атаки. Дар можна застосувати до будь-якого об'єкта, який бачить Гару, але за кожні 10 метрів понад початкові 10 Складнощі зростають на 1.</p><p>Тривалість: До однієї сцени</p>",
    "bonuses": [],
    "giftType": "ghostcouncil",
    "renown": "wisdom",
    "level": 6,
    "cost": 1,
    "willpowercost": 0,
    "action": "",
    "dicepool": {
      "S6ZpONJB": {
        "path": "attributes.resolve"
      },
      "DK155Qfe": {
        "path": "renown.wisdom"
      }
    },
    "duration": "",
    "gamesystem": "werewolf",
    "macroid": ""
  },
  "effects": [],
  "sort": 0,
  "ownership": {
    "default": 0,
    "zzaXLX6rQo9UZdTe": 3,
    "fFnQnXT35gLXdlH1": 3
  },
  "flags": {
    "vtm5e": {
      "dataItemId": "gift-hands-of-earth"
    }
  },
  "_stats": {
    "compendiumSource": null,
    "duplicateSource": null,
    "exportSource": null,
    "coreVersion": "13.346",
    "systemId": "vtm5e",
    "systemVersion": "5.1.4",
    "createdTime": 1754598802991,
    "modifiedTime": 1754598802991,
    "lastModifiedBy": "fFnQnXT35gLXdlH1"
  },
  "_key": "!items!IL3bTvEpdXhjNw43"
}