{
  "folder": "0PQXlauPseaf3KUT",
  "name": "Вий збору",
  "type": "gift",
  "_id": "2R95mLdRg2SM6lNc",
  "img": "modules/werewolf-the-apocalypse-5e-compendium/packs/assets/W5TribeSilverFangs.png",
  "system": {
    "description": "Гару виє так, що його чути далеко за межами звичайного діапазону звуку, і сповнює своє виття могутньою емоцією, що зворушує серця інших перевертнів. Ті, хто дослухається до поклику, відчувають, як міцнішає їхня рішучість. Цей Дар дарує дух пісні або дух тварини, відомої своїм унікальним криком.\n\nРепутація: Честь\n\nВартість: 1 перевірка Люті\n\nДія: Мала\n\nРезерв: Харизма + Честь\n\nСистема: Гравець Гару робить перевірку Харизма + Честь проти Складності 2. У разі успіху інші Гару, які чують виття і приєднуються до користувача Дару, відновлюють один пункт Сили Волі. За кожен успіх понад складність звук поширюється на додаткові 100 метрів. Персонаж може зазнати впливу цього Дару лише один раз за сесію. Цей Дар також можна використовувати у формі Вовка.\n\nТривалість: —",
    "bonuses": [],
    "giftType": "silverfang",
    "renown": "honor",
    "level": 3,
    "cost": 1,
    "willpowercost": 0,
    "action": "",
    "dicepool": {
      "gPliXSQs": {
        "path": "attributes.charisma"
      },
      "4N4zl3fm": {
        "path": "renown.honor"
      }
    },
    "duration": "",
    "gamesystem": "werewolf",
    "macroid": ""
  },
  "effects": [],
  "sort": 0,
  "ownership": {
    "default": 0,
    "zzaXLX6rQo9UZdTe": 3,
    "fFnQnXT35gLXdlH1": 3
  },
  "flags": {
    "vtm5e": {
      "dataItemId": "gift-howl-of-assembly"
    }
  },
  "_stats": {
    "compendiumSource": null,
    "duplicateSource": null,
    "exportSource": null,
    "coreVersion": "13.346",
    "systemId": "vtm5e",
    "systemVersion": "5.1.4",
    "createdTime": 1754598802991,
    "modifiedTime": 1754598802991,
    "lastModifiedBy": "fFnQnXT35gLXdlH1"
  },
  "_key": "!items!2R95mLdRg2SM6lNc"
}