{
  "folder": "wgQFHhChUWtkpjqq",
  "name": "Крижаний холод відчаю",
  "type": "gift",
  "_id": "kpVwGsAxMOxMWOcY",
  "img": "modules/werewolf-the-apocalypse-5e-compendium/packs/assets/W5TribeShadowLords.png",
  "system": {
    "description": "Гару, здається, стає більшим і грізнішим, перетворюючись на жахливу, тіньову версію себе, а серця всіх навколо перевертня сковує нищівна безнадія. Цей Дар дарує Штормкрук.\n\nРепутація: Слава\n\nВартість: 1 перевірка Люті\n\nДія: Незначна\n\nЗапас: —\n\nСистема: Поки цей Дар активний, Гару отримує свою Славу як бонус до всіх перевірок Залякування, а всі, окрім членів своєї зграї, в радіусі 10 метрів не можуть використовувати Силу Волі, щоб перекинути кістки чи відновлювати її інакше, як містичними способами.\n\nТривалість: Одна сцена",
    "bonuses": [],
    "giftType": "shadowlord",
    "renown": "glory",
    "level": 3,
    "cost": 1,
    "willpowercost": 0,
    "action": "",
    "dicepool": {},
    "duration": "",
    "gamesystem": "werewolf",
    "macroid": ""
  },
  "effects": [],
  "sort": 0,
  "ownership": {
    "default": 0,
    "zzaXLX6rQo9UZdTe": 3,
    "fFnQnXT35gLXdlH1": 3
  },
  "flags": {
    "vtm5e": {
      "dataItemId": "gift-icy-chill-of-despair"
    }
  },
  "_stats": {
    "compendiumSource": null,
    "duplicateSource": null,
    "exportSource": null,
    "coreVersion": "13.346",
    "systemId": "vtm5e",
    "systemVersion": "5.1.4",
    "createdTime": 1754598802991,
    "modifiedTime": 1754598802991,
    "lastModifiedBy": "fFnQnXT35gLXdlH1"
  },
  "_key": "!items!kpVwGsAxMOxMWOcY"
}