{
  "folder": "AeN36I8y932J57cM",
  "name": "Заклинювання Технології",
  "type": "gift",
  "_id": "Am7BNNvbWgyoStKf",
  "img": "modules/werewolf-the-apocalypse-5e-compendium/packs/assets/gift.png",
  "system": {
    "description": "<p>Як створіння, яким притаманна мінливість, Гару, що вивчають цей Дар, можуть поширювати енергію Вайлда, яка існує всередині них, щоб сіяти хаос у найдрібніших законах порядку, що керують технологією — будь-яким пристроєм, що залежить від електроніки або рухомих частин — аж доки ті не перестануть працювати. Комп'ютери зависають, автомобілі не заводяться, а камери показують лише перешкоди. Ефект є лише тимчасовим, і обладнання відновлює роботу після закінчення тривалості дії. Цей Дар дарує дух розбрату з Вайлда.</p><p>Репутація: Честь</p><p>Вартість: 1 Перевірка Люті</p><p>Дія: Повна</p><p>Резерв: Зосередженість + Честь</p><p>Система: Гару звертається до духа протягом одного ходу, і його гравець робить перевірку Зосередженість + Честь згідно з таблицею нижче:</p><p>Рівень складності пристрою Складність</p><p>Комп'ютери (включно з мобільними телефонами) 2</p><p>Електроніка (включно з камерами) 3</p><p>Електричні двигуни або двигуни внутрішнього згоряння (автомобілі, потяги тощо) 4</p><p>Вогнепальна зброя та інші хімічні реакції (вибухівка, вогонь тощо) 5</p><p>Суто механічні пристрої (лебідка, велосипед, механічний замок) 6+</p><p>Усе обладнання в радіусі 20 метрів зі Складністю, що дорівнює або є нижчою (див. таблицю) за кількість отриманих успіхів, припиняє працювати на час дії Дару. Зауважте, що цілком можливо перестаратися й вивести з ладу набагато ширший спектр пристроїв, ніж планувалося, але такі вже примхи Вайлда.</p><p>Тривалість: Одна сцена</p>",
    "bonuses": [],
    "giftType": "native",
    "renown": "honor",
    "level": 7,
    "cost": 1,
    "willpowercost": 0,
    "action": "",
    "dicepool": {
      "32MMtHFt": {
        "path": "attributes.resolve"
      },
      "PR4a0byB": {
        "path": "renown.honor"
      }
    },
    "duration": "",
    "gamesystem": "werewolf",
    "macroid": ""
  },
  "effects": [],
  "sort": 0,
  "ownership": {
    "default": 0,
    "zzaXLX6rQo9UZdTe": 3,
    "fFnQnXT35gLXdlH1": 3
  },
  "flags": {},
  "_stats": {
    "compendiumSource": null,
    "duplicateSource": null,
    "exportSource": null,
    "coreVersion": "13.346",
    "systemId": "vtm5e",
    "systemVersion": "5.1.4",
    "createdTime": 1754598801605,
    "modifiedTime": 1754598801605,
    "lastModifiedBy": "fFnQnXT35gLXdlH1"
  },
  "_key": "!items!Am7BNNvbWgyoStKf"
}