{
  "folder": "mFR8IBYRbPYIXJJX",
  "name": "Шрам Калі",
  "type": "gift",
  "_id": "XEgucPZRKK5DeNne",
  "img": "modules/werewolf-the-apocalypse-5e-compendium/packs/assets/W5TribeBlackFuries.png",
  "system": {
    "description": "",
    "bonuses": [],
    "giftType": "blackfury",
    "renown": "glory",
    "level": 6,
    "cost": 1,
    "willpowercost": 0,
    "action": "",
    "dicepool": {},
    "duration": "",
    "gamesystem": "werewolf",
    "macroid": ""
  },
  "effects": [],
  "sort": 0,
  "ownership": {
    "default": 0,
    "zzaXLX6rQo9UZdTe": 3,
    "fFnQnXT35gLXdlH1": 3
  },
  "flags": {
    "vtm5e": {
      "dataItemId": "gift-kali's-scar"
    }
  },
  "_stats": {
    "compendiumSource": null,
    "duplicateSource": null,
    "exportSource": null,
    "coreVersion": "13.346",
    "systemId": "vtm5e",
    "systemVersion": "5.1.4",
    "createdTime": 1754598802991,
    "modifiedTime": 1754598802991,
    "lastModifiedBy": "fFnQnXT35gLXdlH1"
  },
  "_key": "!items!XEgucPZRKK5DeNne"
}