{
  "folder": "KGE9wsG4mNpEC9Sn",
  "name": "Kiss of Helios",
  "type": "gift",
  "_id": "lhX2uGklTiT4wNxz",
  "img": "modules/werewolf-the-apocalypse-5e-compendium/packs/assets/W5AuspiceAhroun.png",
  "system": {
    "description": "<p>Calling upon the sun-spirit Helios, the werewolf is infused with a supernatural heat and becomes almost immune to fire and other heat-based damage. A sun ray spirit grants this Gift.</p><p>Renown: Glory</p><p>Cost: 1 Rage Check</p><p>Action: Minor</p><p>Pool: —</p><p>System: The werewolf takes no damage from fire and other similar heat sources for the duration of this Gift, and reduces damage from stronger sources by an amount of their Glory per turn. In addition, anyone striking the user with their bare flesh sustains Superficial damage equal to the user’s Glory, as the attacker is seared by the smoldering skin of the werewolf.</p><p>Duration: One scene</p>",
    "bonuses": [],
    "giftType": "ahroun",
    "renown": "glory",
    "level": 8,
    "cost": 1,
    "willpowercost": 0,
    "action": "",
    "dicepool": {},
    "duration": "",
    "gamesystem": "werewolf",
    "macroid": ""
  },
  "effects": [],
  "sort": 0,
  "ownership": {
    "default": 0,
    "zzaXLX6rQo9UZdTe": 3,
    "fFnQnXT35gLXdlH1": 3
  },
  "flags": {
    "vtm5e": {
      "dataItemId": "gift-kiss-of-helios"
    }
  },
  "_stats": {
    "compendiumSource": null,
    "duplicateSource": null,
    "exportSource": null,
    "coreVersion": "13.346",
    "systemId": "vtm5e",
    "systemVersion": "5.1.4",
    "createdTime": 1754598800370,
    "modifiedTime": 1754598800370,
    "lastModifiedBy": "fFnQnXT35gLXdlH1"
  },
  "_key": "!items!lhX2uGklTiT4wNxz"
}
