{
  "folder": "YoRsAJ5CphKRtKLu",
  "name": "Живий оберіг",
  "type": "gift",
  "_id": "ElrgMAfiLPkkfCZd",
  "img": "modules/werewolf-the-apocalypse-5e-compendium/packs/assets/W5TribeHartWardens.png",
  "system": {
    "description": "Зосередившись, Гару може перетворити себе на оберіг проти духів, який відштовхує всі Умбральні сутності, крім наймогутніших. Однак, поки Гару підтримує цей оберіг, він не може виконувати інших дій, а його тривале підтримання сильно виснажує розум. Цей Дар надає легендарний дух-вовк.\n\nРепутація: Честь\n\nВартість: 1 перевірка Люті\n\nДія: Повна\n\nЗапас кісток: Зосередженість + Честь проти Могутності\n\nСистема: Доки користувач зосереджений, жоден дух не може наблизитися до живого оберега ближче ніж на три метри, не перемігши гравця перевертня у змаганні Могутності проти Зосередженості + Честі. Якщо Гару, що використовує цей Дар, програє у цьому змаганні, він мусить негайно зняти оберіг або витратити Силу Волі в кількості, що дорівнює різниці, з якою він програв змагання.\n\nТривалість: Одна сцена, якщо не зняти раніше",
    "bonuses": [],
    "giftType": "hartwarden",
    "renown": "honor",
    "level": 9,
    "cost": 1,
    "willpowercost": 0,
    "action": "",
    "dicepool": {
      "oPrZQ2m6": {
        "path": "attributes.resolve"
      },
      "7Av3c6gl": {
        "path": "renown.honor"
      }
    },
    "duration": "",
    "gamesystem": "werewolf",
    "macroid": ""
  },
  "effects": [],
  "sort": 0,
  "ownership": {
    "default": 0,
    "zzaXLX6rQo9UZdTe": 3,
    "fFnQnXT35gLXdlH1": 3
  },
  "flags": {
    "vtm5e": {
      "dataItemId": "gift-living-ward"
    }
  },
  "_stats": {
    "compendiumSource": null,
    "duplicateSource": null,
    "exportSource": null,
    "coreVersion": "13.346",
    "systemId": "vtm5e",
    "systemVersion": "5.1.4",
    "createdTime": 1754598802991,
    "modifiedTime": 1754598802991,
    "lastModifiedBy": "fFnQnXT35gLXdlH1"
  },
  "_key": "!items!ElrgMAfiLPkkfCZd"
}