{
  "folder": "6WbcnEtvMbn3cVLO",
  "name": "Месник Луни",
  "type": "gift",
  "img": "modules/werewolf-the-apocalypse-5e-compendium/packs/assets/W5TribeSilverFangs.png",
  "system": {
    "description": "<p>Гару стає все сміливішим, коли його Зграя зазнає шкоди та втрат, що дозволяє йому захищати поранених і мститися за полеглих. Цей Дар дарує Лунь.</p><p>Репутація: Честь</p><p>Вартість: 1 перевірка Люті</p><p>Дія: Вільна</p><p>Запас кісток: —</p><p>Система: Поки цей Дар активний, гравець Гару отримує бонус до всіх перевірок фізичної атаки та захисту в бою: одну кістку за кожного Травмованого члена Зграї та дві бонусні кістки за кожного члена на межі смерті (чия шкала Здоров’я заповнена Агравованою шкодою). Цей бонус кісток не може перевищувати показник Честі користувача Дару.</p><p>Тривалість: Одна сцена</p>",
    "bonuses": [],
    "giftType": "native",
    "renown": "honor",
    "level": 9,
    "cost": 1,
    "willpowercost": 0,
    "action": "",
    "dicepool": {},
    "duration": "",
    "gamesystem": "werewolf",
    "macroid": ""
  },
  "effects": [],
  "ownership": {
    "default": 0,
    "zzaXLX6rQo9UZdTe": 3,
    "fFnQnXT35gLXdlH1": 3
  },
  "flags": {},
  "_stats": {
    "compendiumSource": null,
    "duplicateSource": null,
    "exportSource": null,
    "coreVersion": "13.346",
    "systemId": "vtm5e",
    "systemVersion": "5.1.4",
    "createdTime": 1754598802991,
    "modifiedTime": 1754598802991,
    "lastModifiedBy": "fFnQnXT35gLXdlH1"
  },
  "_id": "er9AtJEmOJ5xpiLO",
  "sort": 300000,
  "_key": "!items!er9AtJEmOJ5xpiLO"
}