{
  "folder": "d5QHn1vTu64bKFan",
  "name": "Броня Луни",
  "type": "gift",
  "_id": "prMtidukHBuQeUyd",
  "img": "modules/werewolf-the-apocalypse-5e-compendium/packs/assets/W5TribeChildrenofGaia.png",
  "system": {
    "description": "<p>Оповитий сріблястим туманом, Гару отримує захист від шкоди, спричиненої вогнем та сріблом. Цей Дар дарує Лун.</p><p>Репутація: Честь</p><p>Вартість: 1 Сила Волі</p><p>Дія: Мала</p><p>Пул: Немає</p><p>Система: Щоразу, коли Гару отримує (зазвичай Агровані) пошкодження від вогню чи срібла, кількість, що дорівнює його Честі, натомість перетворюється на Поверхневі пошкодження (хоча згодом вони не зменшуються вдвічі).</p><p>Тривалість: Одна сцена</p>",
    "bonuses": [],
    "giftType": "childrenofgaia",
    "renown": "honor",
    "level": 9,
    "cost": 0,
    "willpowercost": 0,
    "action": "",
    "dicepool": {},
    "duration": "",
    "gamesystem": "werewolf",
    "macroid": ""
  },
  "effects": [],
  "sort": 0,
  "ownership": {
    "default": 0,
    "zzaXLX6rQo9UZdTe": 3,
    "fFnQnXT35gLXdlH1": 3
  },
  "flags": {
    "vtm5e": {
      "dataItemId": "gift-luna's-armor"
    }
  },
  "_stats": {
    "compendiumSource": null,
    "duplicateSource": null,
    "exportSource": null,
    "coreVersion": "13.346",
    "systemId": "vtm5e",
    "systemVersion": "5.1.4",
    "createdTime": 1754598802991,
    "modifiedTime": 1754598802991,
    "lastModifiedBy": "fFnQnXT35gLXdlH1"
  },
  "_key": "!items!prMtidukHBuQeUyd"
}