{
  "folder": "6WbcnEtvMbn3cVLO",
  "name": "Благословення Луни",
  "type": "gift",
  "img": "modules/werewolf-the-apocalypse-5e-compendium/packs/assets/W5TribeSilverFangs.png",
  "system": {
    "description": "<p>Виючи молитву до Луни, коли вона видима на небі, Гару може переконати її тимчасово скасувати своє срібне прокляття. До наступного сходу сонця, поки користувач бачить місяць на небі, Гару більше не вразливий до срібла, і цей місячний метал вважається будь-яким іншим. Цей Дар дарує лун.</p><p>Репутація: Мудрість</p><p>Вартість: 1 перевірка Люті + 1 Сила Волі</p><p>Дія: Повна</p><p>Пул: —</p><p>Система: Щоб активувати цей Дар, місяць має бути видимим для Гару. Після активації благальним виттям, спрямованим до Луни, ушкодження від срібла, що не перевищують значення Мудрості користувача (з одного джерела ушкоджень), вважаються поверхневими.</p><p>Тривалість: Одна ніч</p>",
    "bonuses": [],
    "giftType": "silverfang",
    "renown": "wisdom",
    "level": 9,
    "cost": 1,
    "willpowercost": 1,
    "action": "",
    "dicepool": {},
    "duration": "",
    "gamesystem": "werewolf",
    "macroid": ""
  },
  "effects": [],
  "ownership": {
    "default": 0,
    "zzaXLX6rQo9UZdTe": 3,
    "fFnQnXT35gLXdlH1": 3
  },
  "flags": {
    "vtm5e": {
      "dataItemId": "gift-luna's-blessing"
    }
  },
  "_stats": {
    "compendiumSource": null,
    "duplicateSource": null,
    "exportSource": null,
    "coreVersion": "13.346",
    "systemId": "vtm5e",
    "systemVersion": "5.1.4",
    "createdTime": 1754598802991,
    "modifiedTime": 1754598802991,
    "lastModifiedBy": "fFnQnXT35gLXdlH1"
  },
  "_id": "5TkAUJ6xcUBYRaOd",
  "sort": 200000,
  "_key": "!items!5TkAUJ6xcUBYRaOd"
}