{
  "folder": "ESxXWnUqJPXgAOMd",
  "name": "Думкомова",
  "type": "gift",
  "_id": "qFJ5A6vwFYcEZWze",
  "img": "modules/werewolf-the-apocalypse-5e-compendium/packs/assets/W5TribeGhostCouncil.png",
  "system": {
    "description": "Гару може надсилати й отримувати думки одного суб'єкта, встановлюючи за бажанням двосторонній зв'язок. Цей Дар надає дух сновидінь.\n\nРепутація: Мудрість\n\nВартість: 1 Сила волі\n\nДія: Повна\n\nРезерв: Зосередженість + Мудрість\n\nСистема: Користувач концентрується та надсилає ментальне повідомлення обраному суб'єкту. Якщо користувач не зустрічав суб'єкта особисто, ціль має бути в полі зору. Якщо суб'єкт знайомий користувачеві, але відсутній, потрібна перевірка Зосередженість + Мудрість, щоб встановити контакт. (Складність залежить від відстані та того, чи знайоме користувачеві місцеперебування суб'єкта. Суб'єкт, що відпочиває вдома, — це 2, тоді як суб'єкт, що ховається на іншому континенті, — це 5.) Щойно контакт встановлено, думки можуть передаватися в обох напрямках, допоки обидва учасники згодні. Цей Дар не можна використовувати для читання думок суб'єкта; можна відчути лише ті думки, що призначені іншій стороні. Будь-яке серйозне відволікання, наприклад, якщо будь-яка зі сторін зазнає шкоди, розриває зв'язок. Цей Дар можна використовувати в будь-якій формі.\n\nТривалість: Одна сцена або до розриву контакту.",
    "bonuses": [],
    "giftType": "ghostcouncil",
    "renown": "wisdom",
    "level": 6,
    "cost": 0,
    "willpowercost": 1,
    "action": "",
    "dicepool": {
      "J1REDIHP": {
        "path": "attributes.resolve"
      },
      "nGhKgKjZ": {
        "path": "renown.wisdom"
      }
    },
    "duration": "",
    "gamesystem": "werewolf",
    "macroid": ""
  },
  "effects": [],
  "sort": 0,
  "ownership": {
    "default": 0,
    "zzaXLX6rQo9UZdTe": 3,
    "fFnQnXT35gLXdlH1": 3
  },
  "flags": {
    "vtm5e": {
      "dataItemId": "gift-mindspeak"
    }
  },
  "_stats": {
    "compendiumSource": null,
    "duplicateSource": null,
    "exportSource": null,
    "coreVersion": "13.346",
    "systemId": "vtm5e",
    "systemVersion": "5.1.4",
    "createdTime": 1754598802991,
    "modifiedTime": 1754598802991,
    "lastModifiedBy": "fFnQnXT35gLXdlH1"
  },
  "_key": "!items!qFJ5A6vwFYcEZWze"
}