{
  "folder": "HEECJeAhw0SNUJbI",
  "name": "Відкрити Печатку",
  "type": "gift",
  "_id": "uACpOXhnZHDC488L",
  "img": "modules/werewolf-the-apocalypse-5e-compendium/packs/assets/W5AuspiceRagabash.png",
  "system": {
    "description": "<p>Гару вмовляє духа відкрити фізично замкнену або заблоковану кришку, двері чи печатку. Електронні замки становлять дедалі вищу Складність, як і пристрої, запечатані містичним чином. Цей Дар дарує дух-єнот.</p><p>Репутація: Честь</p><p>Вартість: 1 перевірка Люті</p><p>Дія: Повна</p><p>Резерв: Маніпулвання + Честь</p><p>Система: Суто механічні замки або засуви відкриваються автоматично, коли застосовується цей Дар. Електронні або надприродні пристрої вимагають перевірки Маніпулвання + Честь проти Складності, встановленої Розповідачем (2 для звичайного електронного замка, 5 для чаклунськи посиленого сканера відбитків пальців). Деякі надзвичайно складні замки можуть бути навіть поза межами можливостей цього Дару, на розсуд Розповідача. Цей Дар також можна використовувати у формі Гомід.</p><p>Тривалість: —</p>",
    "bonuses": [],
    "giftType": "ragabash",
    "renown": "honor",
    "level": 5,
    "cost": 1,
    "willpowercost": 0,
    "action": "",
    "dicepool": {
      "lMsPSda6": {
        "path": "attributes.manipulation"
      },
      "CiMBKZBV": {
        "path": "renown.honor"
      }
    },
    "duration": "",
    "gamesystem": "werewolf",
    "macroid": ""
  },
  "effects": [],
  "sort": 0,
  "ownership": {
    "default": 0,
    "zzaXLX6rQo9UZdTe": 3,
    "fFnQnXT35gLXdlH1": 3
  },
  "flags": {
    "vtm5e": {
      "dataItemId": "gift-open-seal"
    }
  },
  "_stats": {
    "compendiumSource": null,
    "duplicateSource": null,
    "exportSource": null,
    "coreVersion": "13.346",
    "systemId": "vtm5e",
    "systemVersion": "5.1.4",
    "createdTime": 1754598800370,
    "modifiedTime": 1754598800370,
    "lastModifiedBy": "fFnQnXT35gLXdlH1"
  },
  "_key": "!items!uACpOXhnZHDC488L"
}