{
  "folder": "0PQXlauPseaf3KUT",
  "name": "Інстинкт зграї",
  "type": "gift",
  "_id": "XdP9PD3z3PJoqPD6",
  "img": "modules/werewolf-the-apocalypse-5e-compendium/packs/assets/W5TribeSilverFangs.png",
  "system": {
    "description": "<p>Гару отримує інстинктивне знання про фізичний та психічний стан, а також приблизне місцезнаходження кожного члена Зграї. Цей Дар дарує дух бджоли або іншої ройової комахи.</p><p>Репутація: Честь</p><p>Ціна: Безкоштовно / 1 Сила волі</p><p>Дія: Безкоштовно</p><p>Резерв: Стриманість + Честь</p><p>Система: Користувач Дару завжди має загальне уявлення про фізичне та психічне самопочуття членів своєї Зграї. Якщо він витратить 1 Силу волі та пройде перевірку Стриманість + Честь зі складністю 2, він зможе отримати точну інформацію про одного члена зграї, наприклад, його поточне значення Здоров'я та місцезнаходження, за умови, що той перебуває в радіусі 10 кілометрів від користувача. Цей Дар можна використовувати в будь-якій формі.</p><p>Тривалість: Одна сцена</p>",
    "bonuses": [],
    "giftType": "silverfang",
    "renown": "honor",
    "level": 3,
    "cost": 0,
    "willpowercost": 1,
    "action": "",
    "dicepool": {
      "qvEdQni2": {
        "path": "attributes.composure"
      },
      "qmtrme54": {
        "path": "renown.honor"
      }
    },
    "duration": "",
    "gamesystem": "werewolf",
    "macroid": ""
  },
  "effects": [],
  "sort": 0,
  "ownership": {
    "default": 0,
    "zzaXLX6rQo9UZdTe": 3,
    "fFnQnXT35gLXdlH1": 3
  },
  "flags": {
    "vtm5e": {
      "dataItemId": "gift-pack-instinct"
    }
  },
  "_stats": {
    "compendiumSource": null,
    "duplicateSource": null,
    "exportSource": null,
    "coreVersion": "13.346",
    "systemId": "vtm5e",
    "systemVersion": "5.1.4",
    "createdTime": 1754598802991,
    "modifiedTime": 1754598802991,
    "lastModifiedBy": "fFnQnXT35gLXdlH1"
  },
  "_key": "!items!XdP9PD3z3PJoqPD6"
}