{
  "folder": "XFrvyoLnX79HCXNr",
  "name": "Відплата Дикобраза",
  "type": "gift",
  "_id": "abNMXN4zhCs7UX9n",
  "img": "modules/werewolf-the-apocalypse-5e-compendium/packs/assets/W5TribeBlackFuries.png",
  "system": {
    "description": "<p>Шкода, завдана Гару в ближньому бою, відбивається на нападнику, вершачи миттєве правосуддя. Цей Дар дарує дух-їжак.</p><p>Репутація: Слава</p><p>Вартість: 1 перевірка Люті</p><p>Дія: Вільна</p><p>Резерв: —</p><p>Система: Отримавши шкоду від атаки в Бійці чи Ближньому бою, користувач може зробити перевірку Люті, щоб негайно завдати нападнику Поверхневої шкоди, що дорівнює показнику його Слави. Завдана шкода не може перевищувати шкоду, отриману від початкової атаки.</p><p>Тривалість: —</p>",
    "bonuses": [],
    "giftType": "blackfury",
    "renown": "glory",
    "level": 3,
    "cost": 1,
    "willpowercost": 0,
    "action": "",
    "dicepool": {},
    "duration": "",
    "gamesystem": "werewolf",
    "macroid": ""
  },
  "effects": [],
  "sort": 0,
  "ownership": {
    "default": 0,
    "zzaXLX6rQo9UZdTe": 3,
    "fFnQnXT35gLXdlH1": 3
  },
  "flags": {
    "vtm5e": {
      "dataItemId": "gift-porcupine's-reprisal"
    }
  },
  "_stats": {
    "compendiumSource": null,
    "duplicateSource": null,
    "exportSource": null,
    "coreVersion": "13.346",
    "systemId": "vtm5e",
    "systemVersion": "5.1.4",
    "createdTime": 1754598802991,
    "modifiedTime": 1754598802991,
    "lastModifiedBy": "fFnQnXT35gLXdlH1"
  },
  "_key": "!items!abNMXN4zhCs7UX9n"
}