{
  "folder": "BfvAaxBg2zbyV0H1",
  "name": "Первісний гнів",
  "type": "gift",
  "_id": "7UhpzoSjrmPF4IAn",
  "img": "modules/werewolf-the-apocalypse-5e-compendium/packs/assets/W5AuspiceAhroun.png",
  "system": {
    "description": "<p>Цей Дар, що використовується як останній засіб, дозволяє Гару підживлювати свою Лють субстанцією власного тіла, споживаючи плоть, кров і кістки як паливо для своєї надприродної люті. Цей дар надає легендарний вовчий дух.</p><p>Репутація: Слава</p><p>Вартість: —</p><p>Дія: Незначна</p><p>Пул: —</p><p>Система: Активація цього Дару завдає один рівень Агрованих ушкоджень, що відчувається жертвою як екзистенційне печіння. Натомість Гару отримує Лють у кількості, що дорівнює кількості успіхів у прямому тесті Слави.</p><p>Цей Дар можна використовувати лише один раз за сесію.</p><p>Тривалість: —</p>",
    "bonuses": [],
    "giftType": "ahroun",
    "renown": "glory",
    "level": 5,
    "cost": 0,
    "willpowercost": 0,
    "action": "",
    "dicepool": {
      "d0rWHnC9": {
        "path": "renown.glory"
      }
    },
    "duration": "",
    "gamesystem": "werewolf",
    "macroid": ""
  },
  "effects": [],
  "sort": 0,
  "ownership": {
    "default": 0,
    "zzaXLX6rQo9UZdTe": 3,
    "fFnQnXT35gLXdlH1": 3
  },
  "flags": {
    "vtm5e": {
      "dataItemId": "gift-primal-anger"
    }
  },
  "_stats": {
    "compendiumSource": null,
    "duplicateSource": null,
    "exportSource": null,
    "coreVersion": "13.346",
    "systemId": "vtm5e",
    "systemVersion": "5.1.4",
    "createdTime": 1754598800370,
    "modifiedTime": 1754598800370,
    "lastModifiedBy": "fFnQnXT35gLXdlH1"
  },
  "_key": "!items!7UhpzoSjrmPF4IAn"
}