{
  "folder": "HEECJeAhw0SNUJbI",
  "name": "Пульс здобичі",
  "type": "gift",
  "_id": "y735Psdxw85pUMmR",
  "img": "modules/werewolf-the-apocalypse-5e-compendium/packs/assets/W5AuspiceRagabash.png",
  "system": {
    "description": "Перевертень може вистежити будь-кого, якщо користувач знає ім'я та обличчя цілі. Цілі, які активно ховаються, відстежити важче, але навіть їх можна знайти, якщо докласти достатньо часу та зусиль. Цей Дар дарує дух-собака.\n\nРепутація: Мудрість\n\nВартість: 1 Сила волі\n\nДія: Повна\n\nЗапас: Інтелект + Мудрість\n\nСистема: Для відстеження людини, яка не ховається, кидок не потрібен. Відстеження надприродної істоти або людини, яка активно ховається, вимагає перевірки Інтелект + Мудрість проти Інтелект + Знання вулиць (для міських схованок) або Інтелект + Виживання (у сільській місцевості). Складність зростає, якщо ціль має надприродні способи приховування. Необхідний час залежить як від відстані до цілі, так і від результату кидка. Що більший успіх, то швидше можна знайти ціль. Цей Дар також можна використовувати у формі Вовка.\n\nТривалість: Одна сесія",
    "bonuses": [],
    "giftType": "ragabash",
    "renown": "wisdom",
    "level": 5,
    "cost": 0,
    "willpowercost": 1,
    "action": "",
    "dicepool": {
      "axl77OJz": {
        "path": "attributes.intelligence"
      },
      "DFTIaiSi": {
        "path": "renown.wisdom"
      }
    },
    "duration": "",
    "gamesystem": "werewolf",
    "macroid": ""
  },
  "effects": [],
  "sort": 0,
  "ownership": {
    "default": 0,
    "zzaXLX6rQo9UZdTe": 3,
    "fFnQnXT35gLXdlH1": 3
  },
  "flags": {
    "vtm5e": {
      "dataItemId": "gift-pulse-of-the-prey"
    }
  },
  "_stats": {
    "compendiumSource": null,
    "duplicateSource": null,
    "exportSource": null,
    "coreVersion": "13.346",
    "systemId": "vtm5e",
    "systemVersion": "5.1.4",
    "createdTime": 1754598800370,
    "modifiedTime": 1754598800370,
    "lastModifiedBy": "fFnQnXT35gLXdlH1"
  },
  "_key": "!items!y735Psdxw85pUMmR"
}