{
  "folder": "gmNkMm5k0LpHZvDk",
  "name": "Хиткі піски",
  "type": "gift",
  "_id": "fbZHyf8nmNsU6bYo",
  "img": "modules/werewolf-the-apocalypse-5e-compendium/packs/assets/W5TribeRedTalons.png",
  "system": {
    "description": "<p>Гару здатен перетворити землю на липку трясовину, що ловить ворогів і не дає їм втекти чи ухилитися. Цей Дар дарує елементаль землі.</p><p>Репутація: Честь</p><p>Вартість: 1 перевірка Люті</p><p>Дія: Повна</p><p>Резерв: Інтелект + Честь</p><p>Система: Користувач Дару обирає ціллю ділянку землі, приблизно п'ять метрів у діаметрі, в межах видимості та на відстані до десяти метрів. Гравець користувача робить перевірку Дару зі Складністю 2. (Складність зростає на 1 за кожні додаткові десять метрів відстані.) Усі в цій зоні отримують штраф у 2 кістки до своїх резервів фізичного захисту й не можуть рухатися швидше, ніж повільним кроком, перебуваючи в зоні дії Дару, оскільки земля перетворюється на засмоктуючу трясовину. Зверніть увагу, що Дар можна використовувати лише на природній землі, і він не діє в приміщеннях або на мощених поверхнях.</p><p>Тривалість: Одна сцена</p>",
    "bonuses": [],
    "giftType": "redtalon",
    "renown": "honor",
    "level": 6,
    "cost": 1,
    "willpowercost": 0,
    "action": "",
    "dicepool": {
      "YAEJzCAq": {
        "path": "attributes.intelligence"
      },
      "IFRtC8Zi": {
        "path": "renown.honor"
      }
    },
    "duration": "",
    "gamesystem": "werewolf",
    "macroid": ""
  },
  "effects": [],
  "sort": 0,
  "ownership": {
    "default": 0,
    "zzaXLX6rQo9UZdTe": 3,
    "fFnQnXT35gLXdlH1": 3
  },
  "flags": {
    "vtm5e": {
      "dataItemId": "gift-quicksand"
    }
  },
  "_stats": {
    "compendiumSource": null,
    "duplicateSource": null,
    "exportSource": null,
    "coreVersion": "13.346",
    "systemId": "vtm5e",
    "systemVersion": "5.1.4",
    "createdTime": 1754598802991,
    "modifiedTime": 1754598802991,
    "lastModifiedBy": "fFnQnXT35gLXdlH1"
  },
  "_key": "!items!fbZHyf8nmNsU6bYo"
}