{
  "folder": "VY4Gfaux2TPUbYQ9",
  "name": "Швидка Зміна",
  "type": "gift",
  "_id": "TDPZD3wFj3qjP6IS",
  "img": "modules/werewolf-the-apocalypse-5e-compendium/packs/assets/W5TribeBoneGnawers.png",
  "system": {
    "description": "Перевертень здатен змінювати форму в одну мить. Однак це ризиковано, оскільки Гару може зазнати серйозних тілесних ушкоджень, якщо ця спроба провалиться. Цей Дар надає будь-який дух Геї.\n\nРепутація: Слава\n\nВартість: Безкоштовно (вартість зміни форми все ще застосовується)\n\nДія: Безкоштовно\n\nРезерв: Спритність + Слава\n\nСистема: Персонаж змінює форму, а гравець робить перевірку Дару проти Складності форми: 1 для Гоміда та Вовка, 2 для Ґлабро та Хіспо, і 3 для Кріноса. У разі успіху штраф за малу дію для зміни форми ігнорується. Якщо перевірка провалюється, персонаж отримує Поверхневі ушкодження, що дорівнюють різниці провалу, хоча штраф до кісток за зміну форми все одно скасовується. Цей Дар можна використовувати в будь-якій формі.\n\nТривалість: —",
    "bonuses": [],
    "giftType": "bonegnawer",
    "renown": "glory",
    "level": 3,
    "cost": 0,
    "willpowercost": 0,
    "action": "",
    "dicepool": {
      "EtoU0POR": {
        "path": "attributes.dexterity"
      },
      "NhrzDNFX": {
        "path": "renown.glory"
      }
    },
    "duration": "",
    "gamesystem": "werewolf",
    "macroid": ""
  },
  "effects": [],
  "sort": 0,
  "ownership": {
    "default": 0,
    "zzaXLX6rQo9UZdTe": 3,
    "fFnQnXT35gLXdlH1": 3
  },
  "flags": {
    "vtm5e": {
      "dataItemId": "gift-rapid-shift"
    }
  },
  "_stats": {
    "compendiumSource": null,
    "duplicateSource": null,
    "exportSource": null,
    "coreVersion": "13.346",
    "systemId": "vtm5e",
    "systemVersion": "5.1.4",
    "createdTime": 1754598802991,
    "modifiedTime": 1754598802991,
    "lastModifiedBy": "fFnQnXT35gLXdlH1"
  },
  "_key": "!items!TDPZD3wFj3qjP6IS"
}