{
  "folder": "3CMiDb2KkxVLm9hx",
  "name": "Швидка Зміна",
  "type": "gift",
  "_id": "F5rFu5e5b7PRLPtA",
  "img": "modules/werewolf-the-apocalypse-5e-compendium/packs/assets/W5AuspiceAhroun.png",
  "system": {
    "description": "Гару здатен змінювати форму за мить ока. Однак це ризиковано, оскільки Гару може зазнати серйозних тілесних ушкоджень, якщо спроба провалиться. Цей Дар може надати будь-який дух Геї.\n\nРепутація: Слава\n\nВартість: Безкоштовно (вартість зміни форми все одно застосовується)\n\nДія: Безкоштовна\n\nРезерв: Спритність + Слава\n\nСистема: Користувач змінює форму, а гравець робить перевірку Дару проти Складності форми: 1 для Гомід та Вовк, 2 для Ґлабро та Хіспо, і 3 для Крінос. В разі успіху штраф за малу дію на зміну форми ігнорується. Якщо перевірка провалюється, користувач отримує поверхневу шкоду, що дорівнює різниці провалу, хоча штраф до кісток за зміну форми все одно скасовується. Цей Дар можна використовувати в будь-якій формі.\n\nТривалість: —",
    "bonuses": [],
    "giftType": "ahroun",
    "renown": "glory",
    "level": 2,
    "cost": 0,
    "willpowercost": 0,
    "action": "",
    "dicepool": {
      "wJzuZZrE": {
        "path": "attributes.dexterity"
      },
      "fgGYbLkF": {
        "path": "renown.glory"
      }
    },
    "duration": "",
    "gamesystem": "werewolf",
    "macroid": ""
  },
  "effects": [],
  "sort": 0,
  "ownership": {
    "default": 0,
    "zzaXLX6rQo9UZdTe": 3,
    "fFnQnXT35gLXdlH1": 3
  },
  "flags": {
    "vtm5e": {
      "dataItemId": "gift-rapid-shift"
    }
  },
  "_stats": {
    "compendiumSource": null,
    "duplicateSource": null,
    "exportSource": null,
    "coreVersion": "13.346",
    "systemId": "vtm5e",
    "systemVersion": "5.1.4",
    "createdTime": 1754598800370,
    "modifiedTime": 1754598800370,
    "lastModifiedBy": "fFnQnXT35gLXdlH1"
  },
  "_key": "!items!F5rFu5e5b7PRLPtA"
}