{
  "folder": "58hoTgw5ys30Yz56",
  "name": "Бритвені кігті",
  "type": "gift",
  "_id": "hIWsb7nnpISBRUkZ",
  "img": "modules/werewolf-the-apocalypse-5e-compendium/packs/assets/W5TribeRedTalons.png",
  "system": {
    "description": "Природні кігті Гару стають надприродно гострими та жорстокими, дозволяючи їм завдавати ще більшої шкоди своїм ворогам. Дух хижої тварини наділяє цим Даром.\n\nРепутація: Слава\n\nЦіна: Безкоштовно / 1 перевірка Люті\n\nДія: Безкоштовна / незначна\n\nРезерв: —\n\nСистема: Цей Дар є безкоштовним і миттєвим у формі Крінос. Додайте половину Слави Гару (округлюючи вгору) до шкоди від їхніх атак кігтями. Якщо їхня поточна форма не має кігтів, вона отримує атаку кігтями зі шкодою, що дорівнює половині Слави, оскільки нігті видовжуються та тверднуть.\n\nТривалість: Одна сцена\n\nДари кігтів\n\nДеякі Дари змінюють кігті Гару або надають їм переваги. Одночасно в Гару може бути активним лише один Дар кігтів, і використання іншого Дару кігтів до того, як закінчиться дія попереднього, замінює ефект.",
    "bonuses": [],
    "giftType": "redtalon",
    "renown": "glory",
    "level": 3,
    "cost": 1,
    "willpowercost": 0,
    "action": "",
    "dicepool": {},
    "duration": "",
    "gamesystem": "werewolf",
    "macroid": ""
  },
  "effects": [],
  "sort": 0,
  "ownership": {
    "default": 0,
    "zzaXLX6rQo9UZdTe": 3,
    "fFnQnXT35gLXdlH1": 3
  },
  "flags": {
    "vtm5e": {
      "dataItemId": "gift-razor-claws"
    }
  },
  "_stats": {
    "compendiumSource": null,
    "duplicateSource": null,
    "exportSource": null,
    "coreVersion": "13.346",
    "systemId": "vtm5e",
    "systemVersion": "5.1.4",
    "createdTime": 1754598802991,
    "modifiedTime": 1754598802991,
    "lastModifiedBy": "fFnQnXT35gLXdlH1"
  },
  "_key": "!items!hIWsb7nnpISBRUkZ"
}