{
  "folder": "58hoTgw5ys30Yz56",
  "name": "Розщеплення",
  "type": "gift",
  "_id": "9xkyX3UAILzQHLmT",
  "img": "modules/werewolf-the-apocalypse-5e-compendium/packs/assets/W5TribeRedTalons.png",
  "system": {
    "description": "<p>За лічені секунди Гару може спричинити корозію, гниття чи інший розпад будь-якого неживого матеріалу, якого торкнеться, ніби той десятиліттями перебував під впливом стихій. Цей Дар надає дух-комаха або дух, пов'язаний із падлом.</p><p>Репутація: Честь</p><p>Вартість: 1 перевірка Люті</p><p>Дія: Повна</p><p>Резерв: Зосередженість + Честь</p><p>Система: Гару має торкнутися бажаного об'єкта. Гравець користувача робить перевірку Зосередженість + Честь зі Складністю, що залежить від розміру та матеріалу об'єкта. Природні речовини, як-от дерево чи камінь, більш стійкі, тоді як штучні речовини (особливо пластик) знищити легше. Так само сплави більш вразливі до цієї сили, ніж чисті метали. Таким чином, Складнощі варіюються від 2 для такого предмета, як пістолет, до 5 для різьбленого кам'яного стовпа. Обмеження за розміром для цієї сили — приблизно одна тонна, або середньостатистичний автомобіль, і ефект поширюється на весь об'єкт. (Його не можна використати, щоб проїсти отвір у дверях, але можна спробувати вплинути на двері цілком.) Процес займає кілька хвилин, протягом яких користувач повинен залишатися в контакті з об'єктом, що ускладнює його використання у фізичному бою, якщо тільки не захопити супротивника.</p><p>Тривалість: —</p>",
    "bonuses": [],
    "giftType": "redtalon",
    "renown": "honor",
    "level": 3,
    "cost": 1,
    "willpowercost": 0,
    "action": "",
    "dicepool": {
      "0bH03JVa": {
        "path": "attributes.resolve"
      },
      "Jig9uHSl": {
        "path": "renown.honor"
      }
    },
    "duration": "",
    "gamesystem": "werewolf",
    "macroid": ""
  },
  "effects": [],
  "sort": 0,
  "ownership": {
    "default": 0,
    "zzaXLX6rQo9UZdTe": 3,
    "fFnQnXT35gLXdlH1": 3
  },
  "flags": {
    "vtm5e": {
      "dataItemId": "gift-render-down"
    }
  },
  "_stats": {
    "compendiumSource": null,
    "duplicateSource": null,
    "exportSource": null,
    "coreVersion": "13.346",
    "systemId": "vtm5e",
    "systemVersion": "5.1.4",
    "createdTime": 1754598802991,
    "modifiedTime": 1754598802991,
    "lastModifiedBy": "fFnQnXT35gLXdlH1"
  },
  "_key": "!items!9xkyX3UAILzQHLmT"
}