{
  "folder": "AMjyOVxwMPN4szrS",
  "name": "Священна межа",
  "type": "gift",
  "_id": "qw84zF6snMiI46lN",
  "img": "modules/werewolf-the-apocalypse-5e-compendium/packs/assets/W5TribeHartWardens.png",
  "system": {
    "description": "Цей Дар дозволяє Гару швидко позначити межу (використовуючи священну воду з Каерну, кров або власну сечу), перетин якої стає відомим користувачеві. Молоді Гару іноді нешанобливо називають цей Дар «Стежкова Стрічка». Цей Дар дарує дух собаки.\n\nРепутація: Слава\n\nВартість: Безкоштовно\n\nДія: Повна\n\nРезерв: —\n\nСистема: Використовуючи відповідний матеріал, користувач позначає межу між двома об'єктами або по колу. Довжина цієї межі обмежується 10 метрами за кожну цятку Репутації Слави користувача. Будь-який рух через цю межу стає відомим користувачеві, ніби він побачив його краєм ока, незалежно від місцезнаходження користувача, доки межа активна. Для виявлення будь-якого надприродного приховування потрібна перевірка Кмітливість + Слава, зі Складністю, що залежить від сили та природи порушника. Межа залишається активною протягом дня і ночі або доки об'єкти, що її закріплюють, не будуть переміщені чи знищені. Користувач Дару може мати лише одну активну межу в будь-який момент часу. Цей Дар можна використовувати в будь-якій формі.\n\nТривалість: День і ніч або доки не буде порушена (див. вище)",
    "bonuses": [],
    "giftType": "hartwarden",
    "renown": "glory",
    "level": 3,
    "cost": 0,
    "willpowercost": 0,
    "action": "",
    "dicepool": {},
    "duration": "",
    "gamesystem": "werewolf",
    "macroid": ""
  },
  "effects": [],
  "sort": 0,
  "ownership": {
    "default": 0,
    "zzaXLX6rQo9UZdTe": 3,
    "fFnQnXT35gLXdlH1": 3
  },
  "flags": {
    "vtm5e": {
      "dataItemId": "gift-sacred-boundary"
    }
  },
  "_stats": {
    "compendiumSource": null,
    "duplicateSource": null,
    "exportSource": null,
    "coreVersion": "13.346",
    "systemId": "vtm5e",
    "systemVersion": "5.1.4",
    "createdTime": 1754598802991,
    "modifiedTime": 1754598802991,
    "lastModifiedBy": "fFnQnXT35gLXdlH1"
  },
  "_key": "!items!qw84zF6snMiI46lN"
}