{
  "folder": "3UWj4DEc80oW74d9",
  "name": "Запах минулого",
  "type": "gift",
  "_id": "Cve0Lo84KSthtiwk",
  "img": "modules/werewolf-the-apocalypse-5e-compendium/packs/assets/W5AuspicePhilodox.png",
  "system": {
    "description": "<p>Вдихаючи запах предмета чи місця, Гару може побачити уривки подій, що сталися поблизу цілі. Більш драматичні події залишають сильніші запахи, а розрізнення деталей і незначних випадків вимагає великої майстерності. Дух-ворона або інший дух-тварина, що процвітає в різних середовищах і є свідком багатьох подій, може дарувати цей Дар.</p><p>Репутація: Мудрість</p><p>Ціна: 1 Сила Волі</p><p>Дія: Повна</p><p>Пул: Інтелект + Мудрість</p><p>Система: Зробіть перевірку Інтелект + Мудрість проти Складності, що залежить від бажаної інформації. Відчути обставини дуелі, що відбулася минулого тижня з використанням певної зброї, має Складність 2, але отримання інформації про учасників таємної зустрічі в парку багато років тому наближається до Складності 6 або вище. Кожне очко переваги на кидку дозволяє користувачеві отримати все більш детальну інформацію. Цей Дар також можна використовувати у формі Вовка.</p><p>Тривалість: Один хід</p>",
    "bonuses": [],
    "giftType": "philodox",
    "renown": "wisdom",
    "level": 5,
    "cost": 0,
    "willpowercost": 1,
    "action": "",
    "dicepool": {
      "r4dhpYHn": {
        "path": "attributes.intelligence"
      },
      "ghLKeRt2": {
        "path": "renown.wisdom"
      }
    },
    "duration": "",
    "gamesystem": "werewolf",
    "macroid": ""
  },
  "effects": [],
  "sort": 0,
  "ownership": {
    "default": 0,
    "zzaXLX6rQo9UZdTe": 3,
    "fFnQnXT35gLXdlH1": 3
  },
  "flags": {
    "vtm5e": {
      "dataItemId": "gift-scent-of-the-past"
    }
  },
  "_stats": {
    "compendiumSource": null,
    "duplicateSource": null,
    "exportSource": null,
    "coreVersion": "13.346",
    "systemId": "vtm5e",
    "systemVersion": "5.1.4",
    "createdTime": 1754598800370,
    "modifiedTime": 1754598800370,
    "lastModifiedBy": "fFnQnXT35gLXdlH1"
  },
  "_key": "!items!Cve0Lo84KSthtiwk"
}