{
  "folder": "TQRSNL7mmTDseqN8",
  "name": "",
  "type": "gift",
  "_id": "GXIpQN6CCcA7swMv",
  "img": "modules/werewolf-the-apocalypse-5e-compendium/packs/assets/W5TribeSilentStriders.png",
  "system": {
    "description": "<p>Використання цього Дару дозволяє Гару зробити себе неможливим для відстеження звичайними способами, а також ускладнює надприродне відстеження. Цей Дар дарує дух лисиці.</p><p>Репутація: Мудрість</p><p>Вартість: Безкоштовно / 1 Сила Волі</p><p>Дія: Незначна</p><p>Пул: —</p><p>Система: Після активації Дару Гару не залишає жодних фізичних доказів свого проходження (відбитків ніг, пошкодженої рослинності, слідів ДНК тощо). Гару також отримує свою Мудрість як бонус до будь-якої перевірки, щоб уникнути надприродного відстеження. Активація цього Дару безкоштовна для його користувача, але, витративши одиницю Сили Волі, гравець може поширити дію Дару на зграю свого персонажа на одну сцену. Цей Дар також можна використовувати у формі Вовка.</p><p>Тривалість: Одна сцена</p>",
    "bonuses": [],
    "giftType": "silentstrider",
    "renown": "wisdom",
    "level": 6,
    "cost": 0,
    "willpowercost": 1,
    "action": "",
    "dicepool": {},
    "duration": "",
    "gamesystem": "werewolf",
    "macroid": ""
  },
  "effects": [],
  "sort": 0,
  "ownership": {
    "default": 0,
    "zzaXLX6rQo9UZdTe": 3,
    "fFnQnXT35gLXdlH1": 3
  },
  "flags": {
    "vtm5e": {
      "dataItemId": "gift-scent-of-running-water"
    }
  },
  "_stats": {
    "compendiumSource": null,
    "duplicateSource": null,
    "exportSource": null,
    "coreVersion": "13.346",
    "systemId": "vtm5e",
    "systemVersion": "5.1.4",
    "createdTime": 1754598802991,
    "modifiedTime": 1754598802991,
    "lastModifiedBy": "fFnQnXT35gLXdlH1"
  },
  "_key": "!items!GXIpQN6CCcA7swMv"
}