{
  "folder": "3CMiDb2KkxVLm9hx",
  "name": "Відчуття небезпеки",
  "type": "gift",
  "_id": "rdi1ljG2ilyunXe4",
  "img": "modules/werewolf-the-apocalypse-5e-compendium/packs/assets/W5AuspiceAhroun.png",
  "system": {
    "description": "<p>Гару стає надприродно пильним до небезпеки і здатний реагувати на раптові загрози, такі як засідка, з дивовижною швидкістю. Цей Дар дарує дух тварини-жертви.</p><p>Репутація: Мудрість</p><p>Ціна: —</p><p>Дія: Безплатно</p><p>Резерв: —</p><p>Система: Гравець Гару додає Мудрість користувача до будь-якої спроби виявити пастки, засідки чи раптові напади. Додавайте ці кістки лише тоді, коли провал призведе до безпосередньої небезпеки для користувача Дару, а не під час активного обшуку місцевості. Цей Дар можна використовувати в будь-якій формі.</p><p>Тривалість: —</p>",
    "bonuses": [],
    "giftType": "ahroun",
    "renown": "wisdom",
    "level": 2,
    "cost": 0,
    "willpowercost": 0,
    "action": "",
    "dicepool": {},
    "duration": "",
    "gamesystem": "werewolf",
    "macroid": ""
  },
  "effects": [],
  "sort": 0,
  "ownership": {
    "default": 0,
    "zzaXLX6rQo9UZdTe": 3,
    "fFnQnXT35gLXdlH1": 3
  },
  "flags": {
    "vtm5e": {
      "dataItemId": "gift-sense-danger"
    }
  },
  "_stats": {
    "compendiumSource": null,
    "duplicateSource": null,
    "exportSource": null,
    "coreVersion": "13.346",
    "systemId": "vtm5e",
    "systemVersion": "5.1.4",
    "createdTime": 1754598800370,
    "modifiedTime": 1754598800370,
    "lastModifiedBy": "fFnQnXT35gLXdlH1"
  },
  "_key": "!items!rdi1ljG2ilyunXe4"
}