{
  "folder": "ESxXWnUqJPXgAOMd",
  "name": "Кільце Змія",
  "type": "gift",
  "_id": "IRyfh6nhdGauBpH4",
  "img": "modules/werewolf-the-apocalypse-5e-compendium/packs/assets/W5TribeGhostCouncil.png",
  "system": {
    "description": "Гару викликає туманного змія, який може обвивати ворогів і утримувати їх на місці. Довжина зміїного тіла становить 10 метрів, і його можна розділити між меншими ворогами, якщо користувач цього забажає. Цей Дар дарує дух змія-душителя.\n\nРепутація: Мудрість\n\nВартість: 1 перевірка Люті\n\nДія: Незначна\n\nРезерв: Кмітливість + Мудрість\n\nСистема: Викликавши навколишній туман, користувач може здійснювати атаки захопленням проти віддалених цілей на відстані до 10 метрів. Додаткові «кільця» можна створити, розділивши запас кісток гравця, що дозволяє користувачеві атакувати кількох супротивників (див. с. 125). Туман використовує Кмітливість + Мудрість Гару для захоплення. Змії мають три спільні рівні здоров'я і використовують Кмітливість + Мудрість свого власника, щоб ухилятися від атак і витримувати їх, хоча їм може зашкодити лише вогонь або надприродні атаки, здатні пошкодити безтілесні цілі.\n\nТривалість: Одна сцена або до завершення чи знищення",
    "bonuses": [],
    "giftType": "ghostcouncil",
    "renown": "wisdom",
    "level": 6,
    "cost": 1,
    "willpowercost": 0,
    "action": "",
    "dicepool": {
      "fgAc6wOE": {
        "path": "attributes.wits"
      },
      "RUZIUp4n": {
        "path": "renown.wisdom"
      }
    },
    "duration": "",
    "gamesystem": "werewolf",
    "macroid": ""
  },
  "effects": [],
  "sort": 0,
  "ownership": {
    "default": 0,
    "zzaXLX6rQo9UZdTe": 3,
    "fFnQnXT35gLXdlH1": 3
  },
  "flags": {
    "vtm5e": {
      "dataItemId": "gift-serpent's-coil"
    }
  },
  "_stats": {
    "compendiumSource": null,
    "duplicateSource": null,
    "exportSource": null,
    "coreVersion": "13.346",
    "systemId": "vtm5e",
    "systemVersion": "5.1.4",
    "createdTime": 1754598802991,
    "modifiedTime": 1754598802991,
    "lastModifiedBy": "fFnQnXT35gLXdlH1"
  },
  "_key": "!items!IRyfh6nhdGauBpH4"
}