{
  "folder": "nG2GqKR7ymRniC0V",
  "name": "Загострені чуття",
  "type": "gift",
  "_id": "02TDp7yzdqtXnPND",
  "img": "modules/werewolf-the-apocalypse-5e-compendium/packs/assets/gift.png",
  "system": {
    "description": "<p>Перевертень загострює свої чуття до рівня, що поєднує найчутливіші риси вовка та людини. У формах Гомід та Ґлабро він отримує чуття вовка, тоді як інші чуття у формах Крінос, Хіспо чи Вовк загострюються до людських. Цей Дар дарує дух вовка.</p><p>Репутація: Мудрість</p><p>Вартість: 1 Сила волі</p><p>Дія: Вільна</p><p>Пул: —</p><p>Система: Після активації цього Дару, Складність усіх перевірок Уважності гравця знижується на значення Мудрості персонажа, до мінімуму 2. Цей Дар можна використовувати у будь-якій формі.</p><p>Тривалість: Одна сцена</p>",
    "bonuses": [],
    "giftType": "native",
    "renown": "wisdom",
    "level": 4,
    "cost": 0,
    "willpowercost": 1,
    "action": "",
    "dicepool": {},
    "duration": "",
    "gamesystem": "werewolf",
    "macroid": ""
  },
  "effects": [],
  "sort": 0,
  "ownership": {
    "default": 0,
    "zzaXLX6rQo9UZdTe": 3,
    "fFnQnXT35gLXdlH1": 3
  },
  "flags": {},
  "_stats": {
    "compendiumSource": null,
    "duplicateSource": null,
    "exportSource": null,
    "coreVersion": "13.346",
    "systemId": "vtm5e",
    "systemVersion": "5.1.4",
    "createdTime": 1754598801605,
    "modifiedTime": 1754598801605,
    "lastModifiedBy": "fFnQnXT35gLXdlH1"
  },
  "_key": "!items!02TDp7yzdqtXnPND"
}