{
  "folder": "d5QHn1vTu64bKFan",
  "name": "Розділи біль",
  "type": "gift",
  "_id": "eIVRaEW1foGCdZrN",
  "img": "modules/werewolf-the-apocalypse-5e-compendium/packs/assets/W5TribeChildrenofGaia.png",
  "system": {
    "description": "Гару може взяти на себе частину фізичної шкоди, завданої іншому члену своєї зграї. Його тіло або розум переймає тягар соратника по зграї. Цей Дар дарує дух бджоли.\n\nРепутація: Мудрість\n\nЦіна: 1 перевірка Люті\n\nДія: Вільна\n\nРезерв: —\n\nСистема: Гару обирає кількість членів зграї, що дорівнює значенню його Мудрості. Щоразу, коли один із цих членів отримує фізичну шкоду будь-якого виду, вона ділиться навпіл, а користувач Дару отримує іншу половину як шкоду Здоров'ю або Силі волі. Будь-які захисні Дари, активні у користувача, застосовуються як зазвичай.\n\nТривалість: Одна сцена",
    "bonuses": [],
    "giftType": "childrenofgaia",
    "renown": "wisdom",
    "level": 9,
    "cost": 1,
    "willpowercost": 0,
    "action": "",
    "dicepool": {},
    "duration": "",
    "gamesystem": "werewolf",
    "macroid": ""
  },
  "effects": [],
  "sort": 0,
  "ownership": {
    "default": 0,
    "zzaXLX6rQo9UZdTe": 3,
    "fFnQnXT35gLXdlH1": 3
  },
  "flags": {
    "vtm5e": {
      "dataItemId": "gift-share-the-pain"
    }
  },
  "_stats": {
    "compendiumSource": null,
    "duplicateSource": null,
    "exportSource": null,
    "coreVersion": "13.346",
    "systemId": "vtm5e",
    "systemVersion": "5.1.4",
    "createdTime": 1754598802991,
    "modifiedTime": 1754598802991,
    "lastModifiedBy": "fFnQnXT35gLXdlH1"
  },
  "_key": "!items!eIVRaEW1foGCdZrN"
}