{
  "folder": "CsYfkgCgjiXKeF4Y",
  "name": "Оповитий аспект",
  "type": "gift",
  "_id": "OvyyyiSGMnjT6N7X",
  "img": "modules/werewolf-the-apocalypse-5e-compendium/packs/assets/W5TribeGhostCouncil.png",
  "system": {
    "description": "Більше ніж просто приховування, Гару може стати повністю невидимим як для очей спостерігачів, так і для камер, але лише у видимому спектрі світла (наприклад, інфрачервоні камери все ще їх виявляють). Цей Дар дарує дух диму.\n\nРепутація: Мудрість\n\nВартість: 1 Сила Волі\n\nДія: Повна\n\nРезерв: —\n\nСистема: Гару неможливо виявити зором або звичайною камерою. Поки цей Дар активний, Гару може рухатися не швидше за крок, оскільки будь-який різкий рух припиняє дію ефекту. Спроби влаштувати засідку на ціль, використовуючи цей Дар, будуть зірвані, якщо ціль зможе виграти перевірку Кмітливість + Уважність проти Кмітливості + Мудрості користувача Дару.\n\nТривалість: Кількість ходів (або приблизно десять секунд у довшій сцені), що дорівнює Мудрості користувача.",
    "bonuses": [],
    "giftType": "ghostcouncil",
    "renown": "wisdom",
    "level": 9,
    "cost": 0,
    "willpowercost": 1,
    "action": "",
    "dicepool": {},
    "duration": "",
    "gamesystem": "werewolf",
    "macroid": ""
  },
  "effects": [],
  "sort": 0,
  "ownership": {
    "default": 0,
    "zzaXLX6rQo9UZdTe": 3,
    "fFnQnXT35gLXdlH1": 3
  },
  "flags": {
    "vtm5e": {
      "dataItemId": "gift-shrouded-aspect"
    }
  },
  "_stats": {
    "compendiumSource": null,
    "duplicateSource": null,
    "exportSource": null,
    "coreVersion": "13.346",
    "systemId": "vtm5e",
    "systemVersion": "5.1.4",
    "createdTime": 1754598802991,
    "modifiedTime": 1754598802991,
    "lastModifiedBy": "fFnQnXT35gLXdlH1"
  },
  "_key": "!items!OvyyyiSGMnjT6N7X"
}