{
  "folder": "VY4Gfaux2TPUbYQ9",
  "name": "Зір з Потойбіччя",
  "type": "gift",
  "_id": "f51PR3Mqd1uYzmD3",
  "img": "modules/werewolf-the-apocalypse-5e-compendium/packs/assets/W5TribeBoneGnawers.png",
  "system": {
    "description": "<p>Володар цього Дару отримує пророчі видіння — проблиски пейзажу Умбри, майбутнього чи минулого, іноді уві сні, а іноді під час неспання. Видіння рідко бувають чіткими й виглядають сновидними чи символічними, але вони можуть попереджати про безпосередню небезпеку або слугувати маяками перед обличчям складних рішень. Цей Дар надає дух снів.</p><p>Репутація: Мудрість</p><p>Вартість: 1 Сила волі або безкоштовно</p><p>Дія: Повна або вільна</p><p>Резерв: Інтелект + Мудрість</p><p>Система: Пророчі видіння можуть з'являтися непрохано, і в такому разі Розповідач вирішує, коли й як вони проявляються. За бажанням Розповідач може попросити гравця зробити перевірку Інтелект + Мудрість, щоб розкрити підказки до історії або попередити про небезпеку; ступінь і чіткість інформації визначаються кількістю успіхів. Раз на сцену гравець також може спробувати викликати ці видіння навмисно, витративши одиницю Сили волі. Тоді робиться аналогічна перевірка, і Розповідач розкриває підказки, чіткість і обсяг яких залежать від кількості успіхів.</p><p>Тривалість: —</p>",
    "bonuses": [],
    "giftType": "bonegnawer",
    "renown": "wisdom",
    "level": 3,
    "cost": 0,
    "willpowercost": 1,
    "action": "",
    "dicepool": {
      "3yDq1Xu5": {
        "path": "attributes.intelligence"
      },
      "oVyq01wH": {
        "path": "renown.wisdom"
      }
    },
    "duration": "",
    "gamesystem": "werewolf",
    "macroid": ""
  },
  "effects": [],
  "sort": 0,
  "ownership": {
    "default": 0,
    "zzaXLX6rQo9UZdTe": 3,
    "fFnQnXT35gLXdlH1": 3
  },
  "flags": {
    "vtm5e": {
      "dataItemId": "gift-sight-from-beyond"
    }
  },
  "_stats": {
    "compendiumSource": null,
    "duplicateSource": null,
    "exportSource": null,
    "coreVersion": "13.346",
    "systemId": "vtm5e",
    "systemVersion": "5.1.4",
    "createdTime": 1754598802991,
    "modifiedTime": 1754598802991,
    "lastModifiedBy": "fFnQnXT35gLXdlH1"
  },
  "_key": "!items!f51PR3Mqd1uYzmD3"
}