{
  "folder": "5dMoFoz8pv1GcARG",
  "name": "Пісня спокою",
  "type": "gift",
  "_id": "v7LQJ8i8kfyNccvt",
  "img": "modules/werewolf-the-apocalypse-5e-compendium/packs/assets/W5AuspiceGalliard.png",
  "system": {
    "description": "Гару співає милозвучну пісню, що нагадує про мирні часи та близьких, заспокоюючи шалений вогонь у серцях зграї.\n\nРепутація: Честь\n\nВартість: 1 Сила волі\n\nДія: Повна\n\nЗапас: Стриманість + Честь\n\nСистема: Зробіть перевірку Дару зі складністю 3. У разі успіху всі члени зграї користувача в межах чутності втрачають один пункт Люті, або два пункти в разі критичної перемоги, до мінімуму в 1. Члени зграї в стані Шаленства можуть зробити перевірку Стриманість + Зосередженість зі складністю 3, щоб вийти з Шаленства і покинути форму Крінос як зазвичай (див. стор. 139). Персонаж може зазнати впливу цього Дару лише один раз за сцену.\n\nТривалість: —\n\nДари-пісні\n\nДеякі Дари позначені як «Пісні». Лише одна Пісня може бути активною для зграї протягом сцени, і будь-яка спроба члена зграї заспівати іншу Пісню в тій самій сцені автоматично провалюється. Пісні є частиною культури та ідентичності Гару, і даруються духами легендарних перевертнів, якщо не зазначено інше.",
    "bonuses": [],
    "giftType": "galliard",
    "renown": "honor",
    "level": 2,
    "cost": 0,
    "willpowercost": 1,
    "action": "",
    "dicepool": {
      "Lw59ePIp": {
        "path": "attributes.composure"
      },
      "iHyhSqHH": {
        "path": "renown.honor"
      }
    },
    "duration": "",
    "gamesystem": "werewolf",
    "macroid": ""
  },
  "effects": [],
  "sort": 0,
  "ownership": {
    "default": 0,
    "zzaXLX6rQo9UZdTe": 3,
    "fFnQnXT35gLXdlH1": 3
  },
  "flags": {
    "vtm5e": {
      "dataItemId": "gift-song-of-serenity"
    }
  },
  "_stats": {
    "compendiumSource": null,
    "duplicateSource": null,
    "exportSource": null,
    "coreVersion": "13.346",
    "systemId": "vtm5e",
    "systemVersion": "5.1.4",
    "createdTime": 1754598800370,
    "modifiedTime": 1754598800370,
    "lastModifiedBy": "fFnQnXT35gLXdlH1"
  },
  "_key": "!items!v7LQJ8i8kfyNccvt"
}