{
  "folder": "FPQ2ZCUzJqtvS2SI",
  "name": "Пісня Спокою",
  "type": "gift",
  "_id": "j0xMtII0dhVVg65K",
  "img": "modules/werewolf-the-apocalypse-5e-compendium/packs/assets/W5TribeChildrenofGaia.png",
  "system": {
    "description": "Гару співає милозвучну пісню, нагадуючи про мирні часи та близьких, заспокоюючи шалений вогонь у серцях зграї.\n\nРепутація: Честь\n\nВартість: 1 Сила Волі\n\nДія: Повна\n\nРезерв: Стриманість + Честь\n\nСистема: Зробіть перевірку Дару зі Складністю 3. У разі успіху, усі члени зграї користувача в межах чутності втрачають один пункт Люті, або два пункти у разі критичного успіху, до мінімуму в 1. Члени зграї, що перебувають у Шаленстві, можуть зробити перевірку Стриманість + Зосередженість зі Складністю 3, щоб вийти з Шаленства та вийти з форми Крінос як зазвичай (див. с. 139). Персонаж може зазнати впливу цього Дару лише один раз за сцену.\n\nТривалість: —\n\nДари-Пісні\n\nДеякі Дари позначені як «Пісні». Лише одна Пісня може бути активною для зграї протягом сцени, і будь-яка спроба члена зграї заспівати іншу Пісню в тій самій сцені автоматично провалюється. Пісні є частиною культури та ідентичності Гару, і даруються духами легендарних перевертнів, якщо не зазначено інше.",
    "bonuses": [],
    "giftType": "childrenofgaia",
    "renown": "honor",
    "level": 3,
    "cost": 0,
    "willpowercost": 1,
    "action": "",
    "dicepool": {
      "PAnAqQ6m": {
        "path": "attributes.composure"
      },
      "9jiY4Cxe": {
        "path": "renown.honor"
      }
    },
    "duration": "",
    "gamesystem": "werewolf",
    "macroid": ""
  },
  "effects": [],
  "sort": 0,
  "ownership": {
    "default": 0,
    "zzaXLX6rQo9UZdTe": 3,
    "fFnQnXT35gLXdlH1": 3
  },
  "flags": {
    "vtm5e": {
      "dataItemId": "gift-song-of-serenity"
    }
  },
  "_stats": {
    "compendiumSource": null,
    "duplicateSource": null,
    "exportSource": null,
    "coreVersion": "13.346",
    "systemId": "vtm5e",
    "systemVersion": "5.1.4",
    "createdTime": 1754598802991,
    "modifiedTime": 1754598802991,
    "lastModifiedBy": "fFnQnXT35gLXdlH1"
  },
  "_key": "!items!j0xMtII0dhVVg65K"
}