{
  "folder": "58hoTgw5ys30Yz56",
  "name": "Пісня Люті",
  "type": "gift",
  "_id": "YcpJoKGHpAUvI2cl",
  "img": "modules/werewolf-the-apocalypse-5e-compendium/packs/assets/W5TribeRedTalons.png",
  "system": {
    "description": "<p>Гару співає пісню про минулі образи, теперішню небезпеку та майбутній біль, озвучуючи страждання Геї та розпалюючи Лють у членів своєї зграї.</p><p>Репутація: Слава</p><p>Вартість: 1 перевірка Люті</p><p>Дія: Повна</p><p>Запас: Харизма + Слава</p><p>Система: Зробіть перевірку Дару зі Складністю 3. У разі успіху всі інші члени зграї користувача в межах чутності отримують один пункт Люті, або два пункти у разі критичного успіху. Цей Дар може вплинути на персонажа лише раз за сесію.</p><p>Тривалість: —</p><p>Дари-пісні</p><blockquote><p>Деякі Дари позначені як «Пісні». Лише одна Пісня може бути активною для зграї протягом сцени, і будь-яка спроба члена зграї заспівати іншу Пісню в тій самій сцені автоматично провалюється. Пісні є частиною культури та ідентичності Гару, і їх дарують духи легендарних перевертнів, якщо не вказано інше.</p></blockquote>",
    "bonuses": [],
    "giftType": "redtalon",
    "renown": "glory",
    "level": 3,
    "cost": 1,
    "willpowercost": 0,
    "action": "",
    "dicepool": {
      "IlEA7Jev": {
        "path": "attributes.charisma"
      },
      "74c4b6pK": {
        "path": "renown.glory"
      }
    },
    "duration": "",
    "gamesystem": "werewolf",
    "macroid": ""
  },
  "effects": [],
  "sort": 0,
  "ownership": {
    "default": 0,
    "zzaXLX6rQo9UZdTe": 3,
    "fFnQnXT35gLXdlH1": 3
  },
  "flags": {
    "vtm5e": {
      "dataItemId": "gift-song-of-rage"
    }
  },
  "_stats": {
    "compendiumSource": null,
    "duplicateSource": null,
    "exportSource": null,
    "coreVersion": "13.346",
    "systemId": "vtm5e",
    "systemVersion": "5.1.4",
    "createdTime": 1754598802991,
    "modifiedTime": 1754598802991,
    "lastModifiedBy": "fFnQnXT35gLXdlH1"
  },
  "_key": "!items!YcpJoKGHpAUvI2cl"
}