{
  "folder": "5dMoFoz8pv1GcARG",
  "name": "Пісня Люті",
  "type": "gift",
  "_id": "cAPewXjwWsBT7fJr",
  "img": "modules/werewolf-the-apocalypse-5e-compendium/packs/assets/W5AuspiceGalliard.png",
  "system": {
    "description": "<p>Гару співає пісню про минулі кривди, теперішню небезпеку та майбутній біль, озвучуючи страждання Геї та розпалюючи Лють у своїх товаришів по зграї.</p><p>Репутація: Слава</p><p>Ціна: 1 перевірка Люті</p><p>Дія: Повна</p><p>Кістки: Харизма + Слава</p><p>Система: Зробіть перевірку Дару зі складністю 3. У разі успіху всі інші члени зграї користувача в межах чутності отримують один пункт Люті, або два пункти в разі критичної перемоги. Персонаж може зазнати впливу цього Дару лише один раз за сесію.</p><p>Тривалість: —</p><p>Дари-пісні</p><blockquote><p>Деякі Дари позначені як «Пісні». Лише одна Пісня може бути активною для зграї протягом сцени, і будь-яка спроба члена зграї заспівати іншу Пісню в тій самій сцені автоматично провалюється. Пісні є частиною культури та ідентичності Гару, і, якщо не зазначено інше, їх дарують духи легендарних перевертнів.</p></blockquote>",
    "bonuses": [],
    "giftType": "galliard",
    "renown": "glory",
    "level": 2,
    "cost": 1,
    "willpowercost": 0,
    "action": "",
    "dicepool": {
      "PBJsSS2p": {
        "path": "attributes.charisma"
      },
      "cXVxfjIJ": {
        "path": "renown.glory"
      }
    },
    "duration": "",
    "gamesystem": "werewolf",
    "macroid": ""
  },
  "effects": [],
  "sort": 0,
  "ownership": {
    "default": 0,
    "zzaXLX6rQo9UZdTe": 3,
    "fFnQnXT35gLXdlH1": 3
  },
  "flags": {
    "vtm5e": {
      "dataItemId": "gift-song-of-rage"
    }
  },
  "_stats": {
    "compendiumSource": null,
    "duplicateSource": null,
    "exportSource": null,
    "coreVersion": "13.346",
    "systemId": "vtm5e",
    "systemVersion": "5.1.4",
    "createdTime": 1754598800370,
    "modifiedTime": 1754598800370,
    "lastModifiedBy": "fFnQnXT35gLXdlH1"
  },
  "_key": "!items!cAPewXjwWsBT7fJr"
}