{
  "folder": "CMJdU3indViQqPZw",
  "name": "Сила мети",
  "type": "gift",
  "_id": "tQdQpefftjKT2dkw",
  "img": "modules/werewolf-the-apocalypse-5e-compendium/packs/assets/W5TribeSilentStriders.png",
  "system": {
    "description": "<p>Черпаючи силу зі своєї відповідальності як захисників Геї, користувач Дару може поповнити свої запаси душевної стійкості за рахунок своєї Люті. Цей Дар дарує дух каменя або вогню.</p><p>Репутація: Честь</p><p>Вартість: 1 перевірка Люті</p><p>Дія: Мала</p><p>Резерв: Честь</p><p>Система: Гравець Гару кидає одну кістку за кожне очко Честі, яким володіє персонаж, зцілюючи одне очко поверхневого ушкодження Сили Волі за кожен успіх, або одне очко агрованого ушкодження Сили Волі за два успіхи. Цей Дар можна використовувати лише раз на сесію та в будь-якій формі.</p><p>Тривалість: —</p>",
    "bonuses": [],
    "giftType": "silentstrider",
    "renown": "honor",
    "level": 9,
    "cost": 1,
    "willpowercost": 0,
    "action": "",
    "dicepool": {
      "zGyprGnN": {
        "path": "renown.honor"
      }
    },
    "duration": "",
    "gamesystem": "werewolf",
    "macroid": ""
  },
  "effects": [],
  "sort": 0,
  "ownership": {
    "default": 0,
    "zzaXLX6rQo9UZdTe": 3,
    "fFnQnXT35gLXdlH1": 3
  },
  "flags": {
    "vtm5e": {
      "dataItemId": "gift-strength-of-purpose"
    }
  },
  "_stats": {
    "compendiumSource": null,
    "duplicateSource": null,
    "exportSource": null,
    "coreVersion": "13.346",
    "systemId": "vtm5e",
    "systemVersion": "5.1.4",
    "createdTime": 1754598802991,
    "modifiedTime": 1754598802991,
    "lastModifiedBy": "fFnQnXT35gLXdlH1"
  },
  "_key": "!items!tQdQpefftjKT2dkw"
}