{
  "folder": "CsYfkgCgjiXKeF4Y",
  "name": "Прийняти справжню форму",
  "type": "gift",
  "_id": "SKn7jQPIZcGfHGcK",
  "img": "modules/werewolf-the-apocalypse-5e-compendium/packs/assets/W5TribeGhostCouncil.png",
  "system": {
    "description": "<p>Гару змушує істоту, здатну змінювати форму, повернутися до своєї «природної» форми. Це стосується Гару, деяких вампірів та інших, дивніших істот, що можуть змінювати форму. Цей Дар дарує дух ріки, змиваючи прикраси та обман.</p><p>Репутація: Честь</p><p>Ціна: 1 Сила Волі</p><p>Дія: Повна</p><p>Пул: Маніпулювання + Честь проти Витривалість + Зосередженість</p><p>Система: Гару наказує суб'єкту повернутися до своєї природної форми, і гравець робить перевірку Маніпулювання + Честь проти Витривалість + Зосередженість цілі. У разі перемоги суб'єкт повертається до своєї звичайної форми, дотримуючись звичних правил, і не може змінювати форму протягом кількості ходів, що дорівнює перевазі. Цей Дар можна використовувати у формі Гомід або Вовк, і Дар припиняє діяти, якщо користувач змінює форму під час його дії.</p><p>Тривалість: Кількість ходів, що дорівнює перевазі, або доки користувач не змінить форму</p>",
    "bonuses": [],
    "giftType": "ghostcouncil",
    "renown": "honor",
    "level": 9,
    "cost": 0,
    "willpowercost": 1,
    "action": "",
    "dicepool": {
      "0HhPT9m8": {
        "path": "attributes.manipulation"
      },
      "5i25AeSk": {
        "path": "renown.honor"
      }
    },
    "duration": "",
    "gamesystem": "werewolf",
    "macroid": ""
  },
  "effects": [],
  "sort": 0,
  "ownership": {
    "default": 0,
    "zzaXLX6rQo9UZdTe": 3,
    "fFnQnXT35gLXdlH1": 3
  },
  "flags": {
    "vtm5e": {
      "dataItemId": "gift-take-the-true-form"
    }
  },
  "_stats": {
    "compendiumSource": null,
    "duplicateSource": null,
    "exportSource": null,
    "coreVersion": "13.346",
    "systemId": "vtm5e",
    "systemVersion": "5.1.4",
    "createdTime": 1754598802991,
    "modifiedTime": 1754598802991,
    "lastModifiedBy": "fFnQnXT35gLXdlH1"
  },
  "_key": "!items!SKn7jQPIZcGfHGcK"
}