{
  "folder": "3qo0U392FyrKSD13",
  "name": "Територіальне домінування",
  "type": "gift",
  "_id": "VY6UbZKhkuSugbBA",
  "img": "modules/werewolf-the-apocalypse-5e-compendium/packs/assets/W5TribeHartWardens.png",
  "system": {
    "description": "Перебуваючи на своїй позначеній території, Гару зміцнюється, черпаючи силу з землі. Однак вони зобов'язані захищати цю територію, оскільки будь-які шрами на ній відбиваються на дусі користувача. Цей Дар дарує дух лева або іншої дикої кішки.\n\nРепутація: Слава\n\nЦіна: 1 перевірка Люті\n\nДія: —\n\nРезерв: —\n\nСистема: Користувач позначає місця на межі території (використовуючи воду з Каерну, кров або власну сечу), прив'язуючи свій дух до землі. Вони можуть позначати територію лише під світлом повного місяця, і її розмір необмежений, доки Гару може позначити принаймні п'ять місць по її периметру за одну ніч. Перебуваючи на цій території, гравець Гару отримує додаткову кістку на всі фізичні перевірки. Однак будь-яка шкода, завдана території, завдає шкоди Силі Волі користувача, розмір якої визначає Розповідач. (Розповідач остаточно вирішує, що вважати шкодою та якими будуть її наслідки. Зрубане дерево може завдати лише одне Поверхневе ушкодження Сили Волі, тоді як катастрофічний розлив нафти спричинить кілька рівнів Агравованих ушкоджень.) Якщо територія вже пошкоджена, Гару може отримати ушкодження Сили Волі просто від використання Дару, тому більшість перевертнів уникають його застосування, окрім як на незайманих територіях, які вони добре знають.\n\nТривалість: Кількість ночей, що дорівнює Славі користувача",
    "bonuses": [],
    "giftType": "hartwarden",
    "renown": "glory",
    "level": 6,
    "cost": 1,
    "willpowercost": 0,
    "action": "",
    "dicepool": {},
    "duration": "",
    "gamesystem": "werewolf",
    "macroid": ""
  },
  "effects": [],
  "sort": 0,
  "ownership": {
    "default": 0,
    "zzaXLX6rQo9UZdTe": 3,
    "fFnQnXT35gLXdlH1": 3
  },
  "flags": {
    "vtm5e": {
      "dataItemId": "gift-territorial-dominance"
    }
  },
  "_stats": {
    "compendiumSource": null,
    "duplicateSource": null,
    "exportSource": null,
    "coreVersion": "13.346",
    "systemId": "vtm5e",
    "systemVersion": "5.1.4",
    "createdTime": 1754598802991,
    "modifiedTime": 1754598802991,
    "lastModifiedBy": "fFnQnXT35gLXdlH1"
  },
  "_key": "!items!VY6UbZKhkuSugbBA"
}