{
  "folder": "CsYfkgCgjiXKeF4Y",
  "name": "Злодійські Кігті Сороки",
  "type": "gift",
  "_id": "j0pAPpg9zm6vfocP",
  "img": "modules/werewolf-the-apocalypse-5e-compendium/packs/assets/W5TribeGhostCouncil.png",
  "system": {
    "description": "<p>Гару можуть викрадати надприродні сили — Дари перевертнів, кровні прокляття вампірів або інші відповідники — в інших для власного використання. Поки ці сили перебувають у володінні користувача, вони недоступні для свого початкового власника. Цей Дар дарує дух-сорока.</p><p>Репутація: Честь</p><p>Вартість: 1 Сила волі</p><p>Дія: Повна</p><p>Резерв: Інтелект + Честь</p><p>Система: Цей Дар може бути спрямований на надприродну силу або здатність будь-кого в полі зору користувача, якому достатньо було лише побачити застосування цієї сили суб'єктом. Здатність має бути вивченою, а не вродженою для цілі. (Наприклад, Дар Гару можна вкрасти, а їхню здатність змінювати форму — ні.) Гравець робить перевірку Інтелект + Честь проти рейтингу сили: Рангу Дару або відповідного значення для іншої надприродної цілі. (Якщо рейтингу не існує, Розповідач повинен призначити відповідну Складність.) У разі успіху ціль втрачає силу, і будь-які ефекти, що походять від неї, негайно припиняються. Починаючи з наступного ходу, перевертень може використовувати цю силу так, ніби це його власний Дар, замінюючи Честь на будь-яку необхідну рису, що не належить Гару. На початку кожного наступного ходу потрібно витратити очко Сили волі, інакше сила повернеться до початкового власника.</p><p>Тривалість: Один хід за кожне витрачене очко Сили волі</p>",
    "bonuses": [],
    "giftType": "ghostcouncil",
    "renown": "honor",
    "level": 9,
    "cost": 0,
    "willpowercost": 1,
    "action": "",
    "dicepool": {
      "uWeWlWfD": {
        "path": "attributes.intelligence"
      },
      "NuGwakPt": {
        "path": "renown.honor"
      }
    },
    "duration": "",
    "gamesystem": "werewolf",
    "macroid": ""
  },
  "effects": [],
  "sort": 0,
  "ownership": {
    "default": 0,
    "zzaXLX6rQo9UZdTe": 3,
    "fFnQnXT35gLXdlH1": 3
  },
  "flags": {
    "vtm5e": {
      "dataItemId": "gift-thieving-talons-of-the-magpie"
    }
  },
  "_stats": {
    "compendiumSource": null,
    "duplicateSource": null,
    "exportSource": null,
    "coreVersion": "13.346",
    "systemId": "vtm5e",
    "systemVersion": "5.1.4",
    "createdTime": 1754598802991,
    "modifiedTime": 1754598802991,
    "lastModifiedBy": "fFnQnXT35gLXdlH1"
  },
  "_key": "!items!j0pAPpg9zm6vfocP"
}