{
  "folder": "nG2GqKR7ymRniC0V",
  "name": "Протидія Стрілі",
  "type": "gift",
  "_id": "XlhwJfe0hrWEptYl",
  "img": "modules/werewolf-the-apocalypse-5e-compendium/packs/assets/gift.png",
  "system": {
    "description": "Поєднуючи свою людську природу, що використовує знаряддя, з непередбачуваними нюансами духу, Гару панує над снарядами, що летять у нього — списами, стрілами й навіть кулями, — змушуючи їх хитатися в польоті, немов вони не бажають завдати шкоди власнику Дару. Цей Дар дарує дух-вектор Ткалі.\n\nРепутація: Честь\n\nВартість: 1 Сила Волі\n\nДія: Незначна\n\nРезерв: —\n\nСистема: Гару отримує свою Честь як бонусні кістки до всіх перевірок на ухилення від снарядів. Цей Дар можна використовувати лише у формі Крінос.\n\nТривалість: Одна сцена",
    "bonuses": [],
    "giftType": "native",
    "renown": "honor",
    "level": 4,
    "cost": 0,
    "willpowercost": 1,
    "action": "",
    "dicepool": {},
    "duration": "",
    "gamesystem": "werewolf",
    "macroid": ""
  },
  "effects": [],
  "sort": 0,
  "ownership": {
    "default": 0,
    "zzaXLX6rQo9UZdTe": 3,
    "fFnQnXT35gLXdlH1": 3
  },
  "flags": {},
  "_stats": {
    "compendiumSource": null,
    "duplicateSource": null,
    "exportSource": null,
    "coreVersion": "13.346",
    "systemId": "vtm5e",
    "systemVersion": "5.1.4",
    "createdTime": 1754598801605,
    "modifiedTime": 1754598801605,
    "lastModifiedBy": "fFnQnXT35gLXdlH1"
  },
  "_key": "!items!XlhwJfe0hrWEptYl"
}