{
  "folder": "AeN36I8y932J57cM",
  "name": "Мова звірів",
  "type": "gift",
  "_id": "K8Fq1nvED3k5DENA",
  "img": "modules/werewolf-the-apocalypse-5e-compendium/packs/assets/gift.png",
  "system": {
    "description": "Гару вивчив одну з таємних мов тваринного світу і може спілкуватися з дикими тваринами, і навіть наказувати їм. Цей Дар дарує дух лева або лося.\n\nРепутація: Мудрість\n\nВартість: 1 Сила Волі\n\nДія: Повна\n\nРезерв: Маніпулвання + Мудрість, Харизма + Мудрість\n\nСистема: Перевертень може вільно розмовляти з будь-якою твариною, розуміючи її так само, як людину, з обмеженнями, що накладаються світоглядом і розумом тварини. Зазвичай тварини можуть бути не схильні допомагати Гару, але їх можна переконати надати інформацію за допомогою перевірки Маніпулвання + Мудрість або виконати завдання чи послугу за допомогою перевірки Харизма + Мудрість. Складність коливається від 2 (запитати єнота, куди фабрика скидає сміття) до 5 (змусити домашнього паличника пожертвувати собою, замкнувши стару розподільну коробку). Загалом, чим далі тварина від ссавців і чим важливіша інформація або послуга, тим вища Складність.\n\nТривалість: Одна сцена",
    "bonuses": [],
    "giftType": "native",
    "renown": "wisdom",
    "level": 7,
    "cost": 0,
    "willpowercost": 1,
    "action": "",
    "dicepool": {},
    "duration": "",
    "gamesystem": "werewolf",
    "macroid": ""
  },
  "effects": [],
  "sort": 0,
  "ownership": {
    "default": 0,
    "zzaXLX6rQo9UZdTe": 3,
    "fFnQnXT35gLXdlH1": 3
  },
  "flags": {
    "vtm5e": {
      "dataItemId": "gift-tongue-of-beasts"
    }
  },
  "_stats": {
    "compendiumSource": null,
    "duplicateSource": null,
    "exportSource": null,
    "coreVersion": "13.346",
    "systemId": "vtm5e",
    "systemVersion": "5.1.4",
    "createdTime": 1754598801605,
    "modifiedTime": 1754598801605,
    "lastModifiedBy": "fFnQnXT35gLXdlH1"
  },
  "_key": "!items!K8Fq1nvED3k5DENA"
}