{
  "name": "Дари Племен",
  "sorting": "a",
  "folder": null,
  "type": "Item",
  "_id": "ETXpQ9rMnxfrl56Q",
  "description": "",
  "sort": 300000,
  "color": "#8f6a19",
  "flags": {},
  "_stats": {
    "compendiumSource": null,
    "duplicateSource": null,
    "exportSource": null,
    "coreVersion": "13.346",
    "systemId": "vtm5e",
    "systemVersion": "5.1.4",
    "createdTime": 1754598802951,
    "modifiedTime": 1754598803021,
    "lastModifiedBy": "fFnQnXT35gLXdlH1"
  },
  "_key": "!folders!ETXpQ9rMnxfrl56Q"
}