{
  "folder": "BfvAaxBg2zbyV0H1",
  "name": "Справжній страх",
  "type": "gift",
  "_id": "K7hP5L59UusAgQdF",
  "img": "modules/werewolf-the-apocalypse-5e-compendium/packs/assets/W5AuspiceAhroun.png",
  "system": {
    "description": "<p>Перевертень наганяє жах на одного ворога, вишкіривши зуби чи пазурі, завиваючи, або просто зловісно нависаючи над ним і гарчачи. Цьому Дару навчають духи страху.</p><p>Репутація: Слава</p><p>Вартість: 1 перевірка Люті</p><p>Дія: Повна</p><p>Пул: Харизма + Слава проти Стриманість + Зосередженість</p><p>Система: Цей Дар можна застосувати до однієї цілі в радіусі п'яти метрів, і він автоматично спрацьовує проти звичайних людей і тварин, тоді як надприродні істоти та люди, які знають про Гару та їхні сили, мають бути переможені у перевірці Харизма + Слава проти Стриманість + Зосередженість. Суб'єкт, на якого впливає цей Дар, або ціпеніє від страху, або його охоплює такий жах, що він зробить будь-що, аби втекти від перевертня. Надприродні істоти можуть позбутися ефекту через один хід, витративши очко Сили Волі.</p><p>Тривалість: Одна сцена</p>",
    "bonuses": [],
    "giftType": "ahroun",
    "renown": "glory",
    "level": 5,
    "cost": 1,
    "willpowercost": 0,
    "action": "",
    "dicepool": {
      "wAUY3GIO": {
        "path": "attributes.charisma"
      },
      "UJtMLcXk": {
        "path": "renown.glory"
      }
    },
    "duration": "",
    "gamesystem": "werewolf",
    "macroid": ""
  },
  "effects": [],
  "sort": 0,
  "ownership": {
    "default": 0,
    "zzaXLX6rQo9UZdTe": 3,
    "fFnQnXT35gLXdlH1": 3
  },
  "flags": {
    "vtm5e": {
      "dataItemId": "gift-true-fear"
    }
  },
  "_stats": {
    "compendiumSource": null,
    "duplicateSource": null,
    "exportSource": null,
    "coreVersion": "13.346",
    "systemId": "vtm5e",
    "systemVersion": "5.1.4",
    "createdTime": 1754598800370,
    "modifiedTime": 1754598800370,
    "lastModifiedBy": "fFnQnXT35gLXdlH1"
  },
  "_key": "!items!K7hP5L59UusAgQdF"
}