{
  "folder": "TQRSNL7mmTDseqN8",
  "name": "Умбральна прив'язка",
  "type": "gift",
  "_id": "xBThoGDR5Ce6uKMs",
  "img": "modules/werewolf-the-apocalypse-5e-compendium/packs/assets/W5TribeSilentStriders.png",
  "system": {
    "description": "<p>Проникнення в Умбру завжди небезпечне, не в останню чергу через її мінливу духовну географію, яка в одну мить відповідає фізичному світу, а в наступну постає чимось зовсім іншим. Цей Дар дозволяє користувачеві знайти шлях назад до точки входу, створюючи сріблясту нитку, яка з'єднує його з місцем, де він уперше перетнув Завісу. Цей Дар дарує дух-голуб.</p><p>Репутація: Мудрість</p><p>Вартість: 1 Сила Волі</p><p>Дія: Вільна</p><p>Резерв: —</p><p>Система: Користувач повинен активувати цей Дар під час входу в Умбру. Відтоді й до виходу з Умбри він завжди може знайти шлях назад, слідуючи за срібною ниткою, яку бачить лише він. Він також отримує бонусні кістки, що дорівнюють його Мудрості, до будь-яких спроб навігації в Духовній Дичині, оскільки прив'язь допомагає йому не ходити колами й не повертатися власними слідами. Цей Дар можна використовувати в будь-якій формі.</p><p>Тривалість: До виходу з Умбри</p>",
    "bonuses": [],
    "giftType": "silentstrider",
    "renown": "wisdom",
    "level": 6,
    "cost": 0,
    "willpowercost": 1,
    "action": "",
    "dicepool": {},
    "duration": "",
    "gamesystem": "werewolf",
    "macroid": ""
  },
  "effects": [],
  "sort": 0,
  "ownership": {
    "default": 0,
    "zzaXLX6rQo9UZdTe": 3,
    "fFnQnXT35gLXdlH1": 3
  },
  "flags": {
    "vtm5e": {
      "dataItemId": "gift-umbral-tether"
    }
  },
  "_stats": {
    "compendiumSource": null,
    "duplicateSource": null,
    "exportSource": null,
    "coreVersion": "13.346",
    "systemId": "vtm5e",
    "systemVersion": "5.1.4",
    "createdTime": 1754598802991,
    "modifiedTime": 1754598802991,
    "lastModifiedBy": "fFnQnXT35gLXdlH1"
  },
  "_key": "!items!xBThoGDR5Ce6uKMs"
}