{
  "folder": "kVrFzgXEqq9ZbBme",
  "name": "Під дулом",
  "type": "gift",
  "_id": "z1L9J0tgewo6tGrM",
  "img": "modules/werewolf-the-apocalypse-5e-compendium/packs/assets/W5TribeShadowLords.png",
  "system": {
    "description": "Гару проклинає ціль, роблячи її надприродно легкою для влучання снарядами. Поки діє це духовне прокляття, кулі (а також стріли, метальні ножі та будь-яка інша метальна зброя) дивним чином притягуються до цілі. Цей Дар надає дух ворона.\n\nРепутація: Слава\n\nВартість: 1 Сила Волі\n\nДія: Повна\n\nРезерв: —\n\nСистема: Гару, що використовує цей Дар, достатньо лише торкнутися цілі, щоб активувати його. (При використанні в бою користувач повинен спочатку здійснити успішну атаку в Бійці.) Поки Дар діє, жертва не отримує жодної вигоди від Дарів, які могли б захистити її від метальної зброї, а будь-яка дистанційна атака проти неї отримує бонус у дві кістки. Прокляття триває один день за кожну цятку Слави користувача, але його можна зняти раніше, виконавши Обряд Вигнання (стор. 180). Цей Дар можна використовувати в будь-якій формі.\n\nТривалість: Один день за кожну цятку Слави користувача",
    "bonuses": [],
    "giftType": "shadowlord",
    "renown": "glory",
    "level": 9,
    "cost": 0,
    "willpowercost": 1,
    "action": "",
    "dicepool": {},
    "duration": "",
    "gamesystem": "werewolf",
    "macroid": ""
  },
  "effects": [],
  "sort": 0,
  "ownership": {
    "default": 0,
    "zzaXLX6rQo9UZdTe": 3,
    "fFnQnXT35gLXdlH1": 3
  },
  "flags": {
    "vtm5e": {
      "dataItemId": "gift-under-the-gun"
    }
  },
  "_stats": {
    "compendiumSource": null,
    "duplicateSource": null,
    "exportSource": null,
    "coreVersion": "13.346",
    "systemId": "vtm5e",
    "systemVersion": "5.1.4",
    "createdTime": 1754598802991,
    "modifiedTime": 1754598802991,
    "lastModifiedBy": "fFnQnXT35gLXdlH1"
  },
  "_key": "!items!z1L9J0tgewo6tGrM"
}