{
  "folder": "p5HTLPPJamJlhepE",
  "name": "Єдність Зграї",
  "type": "gift",
  "img": "modules/werewolf-the-apocalypse-5e-compendium/packs/assets/W5TribeSilverFangs.png",
  "system": {
    "description": "<p>Гару стає об'єднуючим осередком наміру, дозволяючи членам Зграї переймати розумове навантаження один одного та зміцнювати внутрішню силу духу один одного. Цей Дар може надати будь-який родинний дух.</p><p>Репутація: Честь</p><p>Вартість: 1 Сила волі</p><p>Дія: Вільна</p><p>Резерв: —</p><p>Система: Поки цей Дар активний, члени зграї можуть витрачати Силу волі один за одного. Загальна кількість Сили волі, яку можна витратити таким чином, дорівнює Честі користувача Дару. «Єдність Зграї» не можна використовувати, якщо в тій самій сцені було використано «Кров Зграї». Цей Дар можна використовувати в будь-якій формі.</p><p>Тривалість: Один хід</p>",
    "bonuses": [],
    "giftType": "silverfang",
    "renown": "honor",
    "level": 6,
    "cost": 0,
    "willpowercost": 1,
    "action": "",
    "dicepool": {},
    "duration": "",
    "gamesystem": "werewolf",
    "macroid": ""
  },
  "effects": [],
  "ownership": {
    "default": 0,
    "zzaXLX6rQo9UZdTe": 3,
    "fFnQnXT35gLXdlH1": 3
  },
  "flags": {
    "vtm5e": {
      "dataItemId": "gift-unity-of-the-pack"
    }
  },
  "_stats": {
    "compendiumSource": null,
    "duplicateSource": null,
    "exportSource": null,
    "coreVersion": "13.346",
    "systemId": "vtm5e",
    "systemVersion": "5.1.4",
    "createdTime": 1754598802991,
    "modifiedTime": 1754598802991,
    "lastModifiedBy": "fFnQnXT35gLXdlH1"
  },
  "_id": "inJaU1IE4Dc12zhi",
  "sort": 200000,
  "_key": "!items!inJaU1IE4Dc12zhi"
}