{
  "folder": "mFR8IBYRbPYIXJJX",
  "name": "Осині кігті",
  "type": "gift",
  "_id": "pMrFqCO605VvLaHo",
  "img": "modules/werewolf-the-apocalypse-5e-compendium/packs/assets/W5TribeBlackFuries.png",
  "system": {
    "description": "<p>Гару можуть вистрілювати своїми кігтями, наче дротиками, завдаючи шкоди віддаленому ворогу, ніби вони стоять віч-на-віч. При цьому руки чи лапи Гару перетворюються на криваве місиво, і він залишається без кігтів, доки завдана собі рана не загоїться. Цей Дар дарує дух оси.</p><p>Репутація: Слава</p><p>Вартість: —</p><p>Дія: Повна</p><p>Пул: Спритність + Слава</p><p>Система: Користувач здійснює дальню атаку з пулом Спритність + Слава та отримує будь-які модифікатори шкоди до своїх кігтів. (Якщо його поточна форма не має кігтів, вона також отримує атаку кігтями з +0 до шкоди, але лише під час використання цього Дару.) Він також отримує рівень поверхневої шкоди від того, що кігті вириваються з його лап, і не може використовувати атаки кігтями, доки ця шкода не буде вилікувана чи регенерована.</p><p>Тривалість: —</p>",
    "bonuses": [],
    "giftType": "blackfury",
    "renown": "glory",
    "level": 6,
    "cost": 0,
    "willpowercost": 0,
    "action": "",
    "dicepool": {},
    "duration": "",
    "gamesystem": "werewolf",
    "macroid": ""
  },
  "effects": [],
  "sort": 0,
  "ownership": {
    "default": 0,
    "zzaXLX6rQo9UZdTe": 3,
    "fFnQnXT35gLXdlH1": 3
  },
  "flags": {
    "vtm5e": {
      "dataItemId": "gift-wasp-talons"
    }
  },
  "_stats": {
    "compendiumSource": null,
    "duplicateSource": null,
    "exportSource": null,
    "coreVersion": "13.346",
    "systemId": "vtm5e",
    "systemVersion": "5.1.4",
    "createdTime": 1754598802991,
    "modifiedTime": 1754598802991,
    "lastModifiedBy": "fFnQnXT35gLXdlH1"
  },
  "_key": "!items!pMrFqCO605VvLaHo"
}