{
  "folder": "zrIOZl65hhtCHFTA",
  "name": "Шепітний Прохід",
  "type": "gift",
  "_id": "3VdP3FXbFopCJlhD",
  "img": "modules/werewolf-the-apocalypse-5e-compendium/packs/assets/W5TribeSilentStriders.png",
  "system": {
    "description": "Здається, все навколо Гару, що використовує цей Дар, стихає: його рухи стають абсолютно безшумними, а інші звуки навколо приглушуються майже до нуля. Цей Дар дарує дух кота.\n\nРепутація: Мудрість\n\nВартість: 1 Сила Волі\n\nДія: Додаткова\n\nРезерв: —\n\nСистема: Будь-який природний шум, створений Гару, стає неможливо виявити, а звуки в радіусі 10 метрів приглушуються. Виявити користувача Дару лише за звуком стає неможливо, і будь-яка спроба почути звуки, створені ким-небудь у зоні дії, отримує штраф, що дорівнює значенню Мудрості користувача. Цей Дар можна використовувати в будь-якій формі.\n\nТривалість: Одна сцена",
    "bonuses": [],
    "giftType": "silentstrider",
    "renown": "wisdom",
    "level": 3,
    "cost": 0,
    "willpowercost": 1,
    "action": "",
    "dicepool": {},
    "duration": "",
    "gamesystem": "werewolf",
    "macroid": ""
  },
  "effects": [],
  "sort": 0,
  "ownership": {
    "default": 0,
    "zzaXLX6rQo9UZdTe": 3,
    "fFnQnXT35gLXdlH1": 3
  },
  "flags": {
    "vtm5e": {
      "dataItemId": "gift-whispered-passage"
    }
  },
  "_stats": {
    "compendiumSource": null,
    "duplicateSource": null,
    "exportSource": null,
    "coreVersion": "13.346",
    "systemId": "vtm5e",
    "systemVersion": "5.1.4",
    "createdTime": 1754598802991,
    "modifiedTime": 1754598802991,
    "lastModifiedBy": "fFnQnXT35gLXdlH1"
  },
  "_key": "!items!3VdP3FXbFopCJlhD"
}