{
  "folder": "pwNyBSrhvJV7eFda",
  "name": "Блаженне невігластво",
  "type": "gift",
  "_id": "BBqE2rnMzpZEwXkJ",
  "img": "modules/werewolf-the-apocalypse-5e-compendium-ukr/packs/assets/W5AuspiceRagabash.png",
  "system": {
    "description": "<p>Залишаючись абсолютно нерухомим, Гару може зробити себе невидимим для всіх спостерігачів, включно з пристроями спостереження та більшістю духів. Цей дар дарує дух-хамелеон.</p><p>Репутація: Мудрість</p><p>Ціна: 1 Сила волі</p><p>Дія: Незначна</p><p>Пул: —</p><p>Система: Гару стає практично невидимим, допоки залишається нерухомим і мовчазним. Будь-яка спроба помітити його виконується зі Складністю 2 + Мудрість користувача Дару. Будь-який рух руйнує ефект, а спроби використати Дар для засідки підпадають під звичайні правила засідки, оскільки ціль має шанс помітити нападника до того, як атака влучить. (Перевірка: Кмітливість + Уважність проти Стриманість + Непомітність нападника.)</p><p>Тривалість: Одна сцена</p>",
    "bonuses": [],
    "giftType": "ragabash",
    "renown": "wisdom",
    "level": 2,
    "cost": 0,
    "willpowercost": 1,
    "action": "",
    "dicepool": {},
    "duration": "",
    "gamesystem": "werewolf",
    "macroid": ""
  },
  "effects": [],
  "sort": 0,
  "ownership": {
    "default": 0,
    "zzaXLX6rQo9UZdTe": 3,
    "fFnQnXT35gLXdlH1": 3
  },
  "flags": {
    "vtm5e": {
      "dataItemId": "gift-blissful-ignorance"
    }
  },
  "_stats": {
    "compendiumSource": null,
    "duplicateSource": null,
    "exportSource": null,
    "coreVersion": "13.346",
    "systemId": "vtm5e",
    "systemVersion": "5.1.4",
    "createdTime": 1754598800370,
    "modifiedTime": 1754598800370,
    "lastModifiedBy": "fFnQnXT35gLXdlH1"
  },
  "_key": "!items!BBqE2rnMzpZEwXkJ"
}
