{
  "folder": "3FtVML9BxUF8x40K",
  "name": "Благословення Луни",
  "type": "gift",
  "_id": "8Lc8rrpTUJhDBul1",
  "img": "modules/werewolf-the-apocalypse-5e-compendium-ukr/packs/assets/W5AuspiceRagabash.png",
  "system": {
    "description": "Виючи молитву до Луни, коли вона видима на небі, Гару може переконати її тимчасово скасувати своє срібне прокляття. До наступного сходу сонця, поки користувач бачить місяць на небі, Гару більше не вразливий до срібла, і місячний метал вважається будь-яким іншим. Цей Дар дарує Лун.\n\nРепутація: Мудрість\n\nВартість: 1 Перевірка Люті + 1 Сила Волі\n\nДія: Повна\n\nРезерв: —\n\nСистема: Щоб активувати цей Дар, місяць має бути видимим для Гару. Після активації благальним виттям, спрямованим на Луну, срібна шкода до рівня Мудрості користувача (за джерело шкоди) вважається Поверхневою.\n\nТривалість: Одна ніч",
    "bonuses": [],
    "giftType": "ragabash",
    "renown": "wisdom",
    "level": 8,
    "cost": 1,
    "willpowercost": 1,
    "action": "",
    "dicepool": {},
    "duration": "",
    "gamesystem": "werewolf",
    "macroid": ""
  },
  "effects": [],
  "sort": 0,
  "ownership": {
    "default": 0,
    "zzaXLX6rQo9UZdTe": 3,
    "fFnQnXT35gLXdlH1": 3
  },
  "flags": {
    "vtm5e": {
      "dataItemId": "gift-luna's-blessing"
    }
  },
  "_stats": {
    "compendiumSource": null,
    "duplicateSource": null,
    "exportSource": null,
    "coreVersion": "13.346",
    "systemId": "vtm5e",
    "systemVersion": "5.1.4",
    "createdTime": 1754598800370,
    "modifiedTime": 1754598800370,
    "lastModifiedBy": "fFnQnXT35gLXdlH1"
  },
  "_key": "!items!8Lc8rrpTUJhDBul1"
}
