{
  "folder": "1mzewbylYH3hyuZ6",
  "name": "Блекаут",
  "type": "gift",
  "_id": "541mIQYg9nmlkiPh",
  "img": "modules/werewolf-the-apocalypse-5e-compendium-ukr/packs/assets/W5TribeGhostCouncil.png",
  "system": {
    "description": "<p>Цей Дар дозволяє Гару гасити джерела світла навколо себе, роблячи темряву своїм союзником. Цей Дар дарує дух нічної тварини або дух, пов'язаний із темрявою.</p><p>Репутація: Мудрість</p><p>Вартість: 1 перевірка Люті</p><p>Дія: Повна</p><p>Пул: —</p><p>Система: Користувач Дару може погасити одне джерело світла в полі зору за кожну цятку Мудрості. Кожен, хто не має нічного бачення або додаткових джерел світла, отримує штраф від однієї до трьох кісток (залежно від навколишнього освітлення) на всі перевірки, що залежать від зору. Цей Дар можна використовувати в будь-якій формі.</p><p>Тривалість: Одна сцена</p>",
    "bonuses": [],
    "giftType": "ghostcouncil",
    "renown": "wisdom",
    "level": 3,
    "cost": 1,
    "willpowercost": 0,
    "action": "",
    "dicepool": {},
    "duration": "",
    "gamesystem": "werewolf",
    "macroid": ""
  },
  "effects": [],
  "sort": 0,
  "ownership": {
    "default": 0,
    "zzaXLX6rQo9UZdTe": 3,
    "fFnQnXT35gLXdlH1": 3
  },
  "flags": {
    "vtm5e": {
      "dataItemId": "gift-blackout"
    }
  },
  "_stats": {
    "compendiumSource": null,
    "duplicateSource": null,
    "exportSource": null,
    "coreVersion": "13.346",
    "systemId": "vtm5e",
    "systemVersion": "5.1.4",
    "createdTime": 1754598802991,
    "modifiedTime": 1754598802991,
    "lastModifiedBy": "fFnQnXT35gLXdlH1"
  },
  "_key": "!items!541mIQYg9nmlkiPh"
}
