{
  "folder": "3CMiDb2KkxVLm9hx",
  "name": "Бритвені Кігті",
  "type": "gift",
  "_id": "kdggGSlarcGO2VvX",
  "img": "modules/werewolf-the-apocalypse-5e-compendium-ukr/packs/assets/W5AuspiceAhroun.png",
  "system": {
    "description": "<p>Природні пазурі Гару стають надприродно гострими та смертоносними, що дозволяє їм завдавати ще більшої шкоди своїм ворогам. Цей Дар наділяє дух хижої тварини.</p><p>Репутація: Слава</p><p>Вартість: Безкоштовно / 1 перевірка Люті</p><p>Дія: Безкоштовно / незначна</p><p>Пул: —</p><p>Система: Цей Дар є безкоштовним і миттєвим у формі Крінос. Додайте половину Слави Гару (округлюючи вгору) до шкоди від їхніх атак пазурами. Якщо їхня поточна форма не має пазурів, вона отримує атаку пазурами зі шкодою, що дорівнює половині Слави, оскільки нігті на пальцях видовжуються та тверднуть.</p><p>Тривалість: Одна сцена<br><br>Дари Пазурів</p><blockquote><p>Деякі Дари змінюють пазурі Гару або надають їм переваги. Лише один Дар пазурів може бути активним для Гару в один і той же час, і використання іншого Дару пазурів до закінчення дії попереднього замінює ефект.</p></blockquote>",
    "bonuses": [],
    "giftType": "ahroun",
    "renown": "glory",
    "level": 2,
    "cost": 1,
    "willpowercost": 0,
    "action": "",
    "dicepool": {},
    "duration": "",
    "gamesystem": "werewolf",
    "macroid": ""
  },
  "effects": [],
  "sort": 0,
  "ownership": {
    "default": 0,
    "zzaXLX6rQo9UZdTe": 3,
    "fFnQnXT35gLXdlH1": 3
  },
  "flags": {
    "vtm5e": {
      "dataItemId": "gift-razor-claws"
    }
  },
  "_stats": {
    "compendiumSource": null,
    "duplicateSource": null,
    "exportSource": null,
    "coreVersion": "13.346",
    "systemId": "vtm5e",
    "systemVersion": "5.1.4",
    "createdTime": 1754598800370,
    "modifiedTime": 1754598800370,
    "lastModifiedBy": "fFnQnXT35gLXdlH1"
  },
  "_key": "!items!kdggGSlarcGO2VvX"
}
