{
  "folder": "KGE9wsG4mNpEC9Sn",
  "name": "Броня Луни",
  "type": "gift",
  "_id": "TVOgaVwGMSNUQzAW",
  "img": "modules/werewolf-the-apocalypse-5e-compendium-ukr/packs/assets/W5AuspiceAhroun.png",
  "system": {
    "description": "<p>Оповитий сріблястим серпанком, Гару отримує захист від шкоди, завданої вогнем та сріблом. Цей Дар дарує Луна.</p><p>Репутація: Честь</p><p>Вартість: 1 Сила волі</p><p>Дія: Мала</p><p>Пул: Немає</p><p>Система: Коли Гару зазнає (зазвичай агрованих) ушкоджень від вогню чи срібла, їхня кількість, що дорівнює показнику Честі Гару, натомість стає поверхневими ушкодженнями (які згодом не зменшуються вдвічі).</p><p>Тривалість: Одна сцена</p>",
    "bonuses": [],
    "giftType": "ahroun",
    "renown": "honor",
    "level": 8,
    "cost": 0,
    "willpowercost": 1,
    "action": "",
    "dicepool": {},
    "duration": "",
    "gamesystem": "werewolf",
    "macroid": ""
  },
  "effects": [],
  "sort": 400000,
  "ownership": {
    "default": 0,
    "zzaXLX6rQo9UZdTe": 3,
    "fFnQnXT35gLXdlH1": 3
  },
  "flags": {
    "vtm5e": {
      "dataItemId": "gift-luna's-armor"
    }
  },
  "_stats": {
    "compendiumSource": null,
    "duplicateSource": null,
    "exportSource": null,
    "coreVersion": "13.347",
    "systemId": "vtm5e",
    "systemVersion": "5.1.4",
    "createdTime": 1754598800370,
    "modifiedTime": 1755475941801,
    "lastModifiedBy": "fFnQnXT35gLXdlH1"
  },
  "_key": "!items!TVOgaVwGMSNUQzAW"
}
