{
  "folder": "FPQ2ZCUzJqtvS2SI",
  "name": "Відчути Справжню Форму",
  "type": "gift",
  "_id": "HtV7lJTltLo0X4PN",
  "img": "modules/werewolf-the-apocalypse-5e-compendium-ukr/packs/assets/W5TribeChildrenofGaia.png",
  "system": {
    "description": "<p>Гару здатен відчути справжню природу будь-кого, кого зустрічає, буквально винюхуючи справжню форму особи та виявляючи все, що не є звичайною людиною. Однак, якщо він раніше не зустрічав істот такого типу, то може й не впізнати запах. Цей Дар дарує дух-стерв'ятник.</p><p>Репутація: Мудрість</p><p>Вартість: 1 Сила Волі</p><p>Дія: Вільна</p><p>Пул: Кмітливість + Мудрість</p><p>Система: Гравець робить перевірку Кмітливість + Мудрість проти Складності, що залежить від істоти: виявлення іншого Гару має Складність 2, Рідних до їхньої Першої Зміни — 3, тоді як щось майже невідрізниме від звичайної людини, наприклад, чаклун, може мати Складність 5. Вампіри знаходяться десь між Складністю 2 і 4, залежно від того, чи вони активно маскуються під смертних, та їхнього загального рівня жахливості. Цей Дар можна використовувати в будь-якій формі.</p><p>Тривалість: —</p>",
    "bonuses": [],
    "giftType": "childrenofgaia",
    "renown": "wisdom",
    "level": 3,
    "cost": 1,
    "willpowercost": 0,
    "action": "",
    "dicepool": {
      "KsdE3g52": {
        "path": "attributes.wits"
      },
      "g95AKFgB": {
        "path": "renown.wisdom"
      }
    },
    "duration": "",
    "gamesystem": "werewolf",
    "macroid": ""
  },
  "effects": [],
  "sort": 0,
  "ownership": {
    "default": 0,
    "zzaXLX6rQo9UZdTe": 3,
    "fFnQnXT35gLXdlH1": 3
  },
  "flags": {
    "vtm5e": {
      "dataItemId": "gift-sense-the-true-form"
    }
  },
  "_stats": {
    "compendiumSource": null,
    "duplicateSource": null,
    "exportSource": null,
    "coreVersion": "13.346",
    "systemId": "vtm5e",
    "systemVersion": "5.1.4",
    "createdTime": 1754598802991,
    "modifiedTime": 1754598802991,
    "lastModifiedBy": "fFnQnXT35gLXdlH1"
  },
  "_key": "!items!HtV7lJTltLo0X4PN"
}
