{
  "folder": "t1wxQo3KiSDkxJ0W",
  "name": "Відкрити Печатку",
  "type": "gift",
  "_id": "I9PgcvN3VJ7ZS5uR",
  "img": "modules/werewolf-the-apocalypse-5e-compendium-ukr/packs/assets/W5TribeChildrenofGaia.png",
  "system": {
    "description": "Перевертень вмовляє духа відкрити фізично замкнену чи заблоковану кришку, двері або печатку. Електронні замки мають прогресивно вищу Складність, як і пристрої, запечатані містичним чином. Цей Дар дарує дух-єнот.\n\nРепутація: Честь\n\nВартість: 1 перевірка Люті\n\nДія: Повна\n\nПул: Маніпулвання + Честь\n\nСистема: Суто механічні замки або засуви відкриваються автоматично, коли застосовується цей Дар. Електронні або надприродні пристрої вимагають перевірки Маніпулвання + Честь проти Складності, встановленої Розповідачем (2 для звичайного електронного замка, 5 для чаклунськи посиленого сканера відбитків пальців). Деякі надзвичайно складні замки можуть бути навіть не під силу цьому Дару, на розсуд Розповідача. Цей Дар також можна використовувати у формі Гомід.\n\nТривалість: —",
    "bonuses": [],
    "giftType": "childrenofgaia",
    "renown": "honor",
    "level": 6,
    "cost": 1,
    "willpowercost": 0,
    "action": "",
    "dicepool": {
      "Hv4jiNlo": {
        "path": "attributes.manipulation"
      },
      "gw4IRrKS": {
        "path": "renown.honor"
      }
    },
    "duration": "",
    "gamesystem": "werewolf",
    "macroid": ""
  },
  "effects": [],
  "sort": 0,
  "ownership": {
    "default": 0,
    "zzaXLX6rQo9UZdTe": 3,
    "fFnQnXT35gLXdlH1": 3
  },
  "flags": {
    "vtm5e": {
      "dataItemId": "gift-open-seal"
    }
  },
  "_stats": {
    "compendiumSource": null,
    "duplicateSource": null,
    "exportSource": null,
    "coreVersion": "13.346",
    "systemId": "vtm5e",
    "systemVersion": "5.1.4",
    "createdTime": 1754598802991,
    "modifiedTime": 1754598802991,
    "lastModifiedBy": "fFnQnXT35gLXdlH1"
  },
  "_key": "!items!I9PgcvN3VJ7ZS5uR"
}
