{
  "folder": "DVUYC0tbtdqyzy4H",
  "name": "Відплата дикобраза",
  "type": "gift",
  "_id": "Sjybwt54qVSr0dAa",
  "img": "modules/werewolf-the-apocalypse-5e-compendium-ukr/packs/assets/W5AuspicePhilodox.png",
  "system": {
    "description": "<p>Шкода, отримана Гару в ближньому бою, повертається їхньому нападнику, вершачи миттєве правосуддя. Цей Дар надає дух-їжак.</p><p>Репутація: Слава</p><p>Вартість: 1 Перевірка Люті</p><p>Дія: Вільна</p><p>Пул: —</p><p>Система: Отримавши ушкодження від атаки в Бійці або Ближньому бою, користувач може здійснити Перевірку Люті, щоб негайно завдати нападнику Поверхневої шкоди, рівної своїй Славі. Ця шкода не може перевищувати шкоду, отриману від початкової атаки.</p><p>Тривалість: —</p>",
    "bonuses": [],
    "giftType": "philodox",
    "renown": "glory",
    "level": 2,
    "cost": 1,
    "willpowercost": 0,
    "action": "",
    "dicepool": {},
    "duration": "",
    "gamesystem": "werewolf",
    "macroid": ""
  },
  "effects": [],
  "sort": 0,
  "ownership": {
    "default": 0,
    "zzaXLX6rQo9UZdTe": 3,
    "fFnQnXT35gLXdlH1": 3
  },
  "flags": {
    "vtm5e": {
      "dataItemId": "gift-porcupine's-reprisal"
    }
  },
  "_stats": {
    "compendiumSource": null,
    "duplicateSource": null,
    "exportSource": null,
    "coreVersion": "13.346",
    "systemId": "vtm5e",
    "systemVersion": "5.1.4",
    "createdTime": 1754598800370,
    "modifiedTime": 1754598800370,
    "lastModifiedBy": "fFnQnXT35gLXdlH1"
  },
  "_key": "!items!Sjybwt54qVSr0dAa"
}
