{
  "folder": "DVUYC0tbtdqyzy4H",
  "name": "Відчути справжню форму",
  "type": "gift",
  "_id": "nkAkZLlsXWiyMHOU",
  "img": "modules/werewolf-the-apocalypse-5e-compendium-ukr/packs/assets/W5AuspicePhilodox.png",
  "system": {
    "description": "Гару здатен відчути справжню природу будь-кого, кого зустріне, буквально винюхуючи справжню форму особи та виявляючи все, що не є звичайною людиною. Однак, якщо він раніше не зустрічав істоту такого типу, то може не впізнати запах. Цей Дар надає дух-стерв'ятник.\n\nРепутація: Мудрість\n\nВартість: 1 Сила Волі\n\nДія: Вільна\n\nПул: Кмітливість + Мудрість\n\nСистема: Гравець робить перевірку Кмітливість + Мудрість проти Складності, що залежить від істоти, з якою зіткнувся: виявлення іншого Гару має Складність 2, Рідних до їхньої Першої Зміни — 3, тоді як щось майже невідрізниме від звичайної людини, наприклад, чаклун, може мати Складність 5. Вампіри знаходяться десь між Складністю 2 і 4, залежно від того, чи активно вони видають себе за смертних, та їхнього загального рівня жахливості. Цей Дар можна використовувати в будь-якій формі.\n\nТривалість: —",
    "bonuses": [],
    "giftType": "philodox",
    "renown": "wisdom",
    "level": 2,
    "cost": 1,
    "willpowercost": 0,
    "action": "",
    "dicepool": {
      "HE9P9vMk": {
        "path": "attributes.wits"
      },
      "SdRUIFi7": {
        "path": "renown.wisdom"
      }
    },
    "duration": "",
    "gamesystem": "werewolf",
    "macroid": ""
  },
  "effects": [],
  "sort": 0,
  "ownership": {
    "default": 0,
    "zzaXLX6rQo9UZdTe": 3,
    "fFnQnXT35gLXdlH1": 3
  },
  "flags": {
    "vtm5e": {
      "dataItemId": "gift-sense-the-true-form"
    }
  },
  "_stats": {
    "compendiumSource": null,
    "duplicateSource": null,
    "exportSource": null,
    "coreVersion": "13.346",
    "systemId": "vtm5e",
    "systemVersion": "5.1.4",
    "createdTime": 1754598800370,
    "modifiedTime": 1754598800370,
    "lastModifiedBy": "fFnQnXT35gLXdlH1"
  },
  "_key": "!items!nkAkZLlsXWiyMHOU"
}
