{
  "folder": "nA6XYXASW7Lm71dG",
  "name": "Відновити пам'ять",
  "type": "gift",
  "_id": "i0bjOYDlY5azExmP",
  "img": "modules/werewolf-the-apocalypse-5e-compendium-ukr/packs/assets/W5TribeGlassWalkers.png",
  "system": {
    "description": "Викликаючи духовний залишок пошкодженої чи знищеної книги або іншого об'єкта для зберігання інформації, Гару може сприйняти частину втраченої інформації. Досвідчені користувачі цього Дару можуть навіть зчитувати інформацію з сучасних цифрових носіїв, хоча зрозуміти її — це вже інша справа. Цей Дар надає дух даних.\n\nРепутація: Мудрість\n\nВартість: 1 Сила Волі\n\nДія: Повна\n\nПул: Інтелект + Мудрість\n\nСистема: Гару, що використовує цей Дар, повинен бачити, торкатися і відчувати запах цільового об'єкта. Об'єкт може бути в будь-якому стані — підійде що завгодно, від частково розмагніченої дискети до решток спаленої книги — однак, що гірший стан об'єкта і що довше він у ньому перебував, то вища Складність для перевірки Інтелект + Мудрість. Відчуття старих зображень з недбало відформатованої флешки може мати Складність 2, тоді як вміст спаленого на клапті щоденника 17-го століття — 5 або більше. Також зауважте, що Дар не надає автоматичної здатності розуміти отриману інформацію, і можуть знадобитися додаткові перевірки (наприклад, Інтелект + Технологія, щоб зрозуміти призначення фрагмента комп'ютерного коду). Цей Дар можна використовувати в будь-якій формі.\n\nТривалість: —",
    "bonuses": [],
    "giftType": "glasswalker",
    "renown": "wisdom",
    "level": 9,
    "cost": 0,
    "willpowercost": 1,
    "action": "",
    "dicepool": {
      "1zes8DaU": {
        "path": "attributes.intelligence"
      },
      "f4a5etkU": {
        "path": "renown.wisdom"
      }
    },
    "duration": "",
    "gamesystem": "werewolf",
    "macroid": ""
  },
  "effects": [],
  "sort": 0,
  "ownership": {
    "default": 0,
    "zzaXLX6rQo9UZdTe": 3,
    "fFnQnXT35gLXdlH1": 3
  },
  "flags": {
    "vtm5e": {
      "dataItemId": "gift-recover-memory"
    }
  },
  "_stats": {
    "compendiumSource": null,
    "duplicateSource": null,
    "exportSource": null,
    "coreVersion": "13.346",
    "systemId": "vtm5e",
    "systemVersion": "5.1.4",
    "createdTime": 1754598802991,
    "modifiedTime": 1754598802991,
    "lastModifiedBy": "fFnQnXT35gLXdlH1"
  },
  "_key": "!items!i0bjOYDlY5azExmP"
}
