{
  "folder": "3UWj4DEc80oW74d9",
  "name": "Вірність Звіра",
  "type": "gift",
  "_id": "6Qrigu8EhjxGVdv8",
  "img": "modules/werewolf-the-apocalypse-5e-compendium-ukr/packs/assets/W5AuspicePhilodox.png",
  "system": {
    "description": "<p>Влада Гару поширюється на світ звичайних звірів, тож вони можуть заручитися вірністю будь-якої однієї тварини. Тварина беззаперечно виконує їхні накази. Цей Дар дарує дух лева або Сокола.</p><p>Репутація: Честь</p><p>Вартість: 1 перевірка Люті</p><p>Дія: Повна</p><p>Фонд: Харизма + Честь</p><p>Система: Гару обирає за ціль одну тварину в межах прямої видимості, а гравець робить кидок Харизма + Честь проти Складності 3. У разі успіху користувач може спілкуватися з твариною та віддавати їй накази, і тварина коритиметься до самої смерті. Сила діє, доки Гару не звільнить тварину від її зобов'язання або доки тварина не загине. Цей Дар може одночасно впливати лише на одну тварину.</p><p>Тривалість: До скасування</p>",
    "bonuses": [],
    "giftType": "philodox",
    "renown": "honor",
    "level": 5,
    "cost": 1,
    "willpowercost": 0,
    "action": "",
    "dicepool": {
      "7wBvetMf": {
        "path": "attributes.charisma"
      },
      "aSfyW8qg": {
        "path": "renown.honor"
      }
    },
    "duration": "",
    "gamesystem": "werewolf",
    "macroid": ""
  },
  "effects": [],
  "sort": 0,
  "ownership": {
    "default": 0,
    "zzaXLX6rQo9UZdTe": 3,
    "fFnQnXT35gLXdlH1": 3
  },
  "flags": {
    "vtm5e": {
      "dataItemId": "gift-beast's-fealty"
    }
  },
  "_stats": {
    "compendiumSource": null,
    "duplicateSource": null,
    "exportSource": null,
    "coreVersion": "13.346",
    "systemId": "vtm5e",
    "systemVersion": "5.1.4",
    "createdTime": 1754598800370,
    "modifiedTime": 1754598800370,
    "lastModifiedBy": "fFnQnXT35gLXdlH1"
  },
  "_key": "!items!6Qrigu8EhjxGVdv8"
}
