{
  "folder": "BfvAaxBg2zbyV0H1",
  "name": "Вітрові Кігті",
  "type": "gift",
  "_id": "cAMMKT2bnb8DwR3z",
  "img": "modules/werewolf-the-apocalypse-5e-compendium-ukr/packs/assets/W5AuspiceAhroun.png",
  "system": {
    "description": "<p>Кігті Гару на мить стають нематеріальними, що дозволяє їм ігнорувати будь-яку броню, яку носить ціль. Цей Дар дарує дух вітру.</p><p>Репутація: Мудрість</p><p>Вартість: Безплатно / 1 Сила Волі</p><p>Дія: Безплатно / незначна</p><p>Кіш: Кмітливість + Мудрість</p><p>Система: Цей Дар є безплатним і миттєвим у формі Крінос. Атаки кігтями Гару ігнорують звичайну броню або зменшення шкоди на величину, що дорівнює Мудрості користувача. Надприродна броня ігнорується на розсуд Розповідача і може вимагати перевірки Кмітливість + Мудрість з відповідною Складністю для ігнорування. Цю перевірку слід виконувати лише один раз, і результат діє до кінця сцени.</p><p>Тривалість: Одна сцена</p><p>Дари кігтів</p><blockquote><p>Деякі Дари змінюють кігті Гару або надають їм переваги. Одночасно для Гару може бути активним лише один Дар кігтів, і використання іншого Дару кігтів до закінчення дії попереднього замінює ефект.</p></blockquote>",
    "bonuses": [],
    "giftType": "ahroun",
    "renown": "wisdom",
    "level": 5,
    "cost": 0,
    "willpowercost": 1,
    "action": "",
    "dicepool": {},
    "duration": "",
    "gamesystem": "werewolf",
    "macroid": ""
  },
  "effects": [],
  "sort": 0,
  "ownership": {
    "default": 0,
    "zzaXLX6rQo9UZdTe": 3,
    "fFnQnXT35gLXdlH1": 3
  },
  "flags": {
    "vtm5e": {
      "dataItemId": "gift-wind-claws"
    }
  },
  "_stats": {
    "compendiumSource": null,
    "duplicateSource": null,
    "exportSource": null,
    "coreVersion": "13.346",
    "systemId": "vtm5e",
    "systemVersion": "5.1.4",
    "createdTime": 1754598800370,
    "modifiedTime": 1754598800370,
    "lastModifiedBy": "fFnQnXT35gLXdlH1"
  },
  "_key": "!items!cAMMKT2bnb8DwR3z"
}
