{
  "folder": "xFRr3wj5v7hjwpeF",
  "name": "Вітрові Кігті",
  "type": "gift",
  "_id": "Ee5Ww3lLslSCQzan",
  "img": "modules/werewolf-the-apocalypse-5e-compendium-ukr/packs/assets/W5TribeGalestalkers.png",
  "system": {
    "description": "<p>Пазурі Гару на мить стають нематеріальними, що дозволяє їм ігнорувати будь-яку броню, яку носить ціль. Цей Дар дарує дух вітру.</p><p>Репутація: Мудрість</p><p>Вартість: Безкоштовно / 1 Сила Волі</p><p>Дія: Вільна / мала</p><p>Пул: Кмітливість + Мудрість</p><p>Система: Цей Дар є безкоштовним та миттєвим у формі Крінос. Атаки пазурями Гару ігнорують звичайну броню або зменшення шкоди на величину, що дорівнює Мудрості користувача. Надприродна броня ігнорується на розсуд Розповідача і може вимагати перевірки Кмітливість + Мудрість з відповідною Складністю. Цю перевірку слід виконувати лише один раз, і результат діє до кінця сцени.</p><p>Тривалість: Одна сцена</p><p>Дари Пазурів</p><blockquote><p>Деякі Дари змінюють пазурі Гару або надають їм переваги. Одночасно для Гару може бути активним лише один Дар пазурів, і використання іншого Дару пазурів до закінчення дії попереднього замінює ефект.</p></blockquote>",
    "bonuses": [],
    "giftType": "galestalker",
    "renown": "wisdom",
    "level": 6,
    "cost": 0,
    "willpowercost": 1,
    "action": "",
    "dicepool": {
      "N96zDCbL": {
        "path": "attributes.wits"
      },
      "WWOsm4Qx": {
        "path": "renown.wisdom"
      }
    },
    "duration": "",
    "gamesystem": "werewolf",
    "macroid": ""
  },
  "effects": [],
  "sort": 0,
  "ownership": {
    "default": 0,
    "zzaXLX6rQo9UZdTe": 3,
    "fFnQnXT35gLXdlH1": 3
  },
  "flags": {
    "vtm5e": {
      "dataItemId": "gift-wind-claws"
    }
  },
  "_stats": {
    "compendiumSource": null,
    "duplicateSource": null,
    "exportSource": null,
    "coreVersion": "13.346",
    "systemId": "vtm5e",
    "systemVersion": "5.1.4",
    "createdTime": 1754598802991,
    "modifiedTime": 1754598802991,
    "lastModifiedBy": "fFnQnXT35gLXdlH1"
  },
  "_key": "!items!Ee5Ww3lLslSCQzan"
}
