{
  "folder": "3qo0U392FyrKSD13",
  "name": "Вірність Звіра",
  "type": "gift",
  "_id": "Fbo8RepDRjo3yfIL",
  "img": "modules/werewolf-the-apocalypse-5e-compendium-ukr/packs/assets/W5TribeHartWardens.png",
  "system": {
    "description": "<p>Влада Гару поширюється на світ звичайних звірів, тож вони можуть заручитися вірністю будь-якої тварини. Тварина беззастережно виконує їхні накази. Цей Дар дарує дух лева або Сокола.</p><p>Репутація: Честь</p><p>Вартість: 1 перевірка Люті</p><p>Дія: Повна</p><p>Пул: Харизма + Честь</p><p>Система: Гару обирає ціллю одну тварину в полі зору, і гравець робить кидок Харизма + Честь проти Складності 3. У разі успіху користувач може спілкуватися з твариною та віддавати їй накази, і тварина коритиметься аж до смерті. Сила діє доти, доки Гару не звільнить тварину від її зобов'язання або доки тварина не помре. Цей Дар може впливати лише на одну тварину одночасно.</p><p>Тривалість: До скасування</p>",
    "bonuses": [],
    "giftType": "hartwarden",
    "renown": "honor",
    "level": 6,
    "cost": 1,
    "willpowercost": 0,
    "action": "",
    "dicepool": {
      "Xx8g6gz2": {
        "path": "attributes.charisma"
      },
      "s4xaZmRl": {
        "path": "renown.honor"
      }
    },
    "duration": "",
    "gamesystem": "werewolf",
    "macroid": ""
  },
  "effects": [],
  "sort": 0,
  "ownership": {
    "default": 0,
    "zzaXLX6rQo9UZdTe": 3,
    "fFnQnXT35gLXdlH1": 3
  },
  "flags": {
    "vtm5e": {
      "dataItemId": "gift-beast's-fealty"
    }
  },
  "_stats": {
    "compendiumSource": null,
    "duplicateSource": null,
    "exportSource": null,
    "coreVersion": "13.346",
    "systemId": "vtm5e",
    "systemVersion": "5.1.4",
    "createdTime": 1754598802991,
    "modifiedTime": 1754598802991,
    "lastModifiedBy": "fFnQnXT35gLXdlH1"
  },
  "_key": "!items!Fbo8RepDRjo3yfIL"
}
