{
  "folder": "qSJkEvhKYrWOo8pW",
  "name": "Висмоктування Духа",
  "type": "gift",
  "_id": "368DNEBFAeuL4P88",
  "img": "modules/werewolf-the-apocalypse-5e-compendium-ukr/packs/assets/W5TribeBlackFuries.png",
  "system": {
    "description": "<p>Гару здатен висмоктувати сутність з духа, висушуючи його, немов п'явка, щоб поповнити власні розумові резерви. Більшість перевертнів не бажають використовувати цю силу, окрім як у крайньому випадку проти вже вороже налаштованих духів, але деякі недобросовісні духівники набули безсердечної звички ставитися до кожного духа як до потенційної батарейки. Зайве казати, що використання цього Дару назавжди зробить духа, що зазнав його дії, ворожим. Цей Дар дарує дух п'явки або міноги.</p><p>Репутація: Слава</p><p>Ціна: 1 Лють</p><p>Дія: Повна</p><p>Пул: Зосередженість + Слава проти Сили</p><p>Система: Дух має бути присутнім і перебувати в тій самій реальності (фізичній чи духовній), що й користувач. Гравець виконує перевірку Зосередженість + Слава проти Сили. За кожен успіх у різниці перевертень відновлює один пункт поверхневих ушкоджень Сили Волі, завдаючи духу таку ж кількість ушкоджень. Провал перевірки завдає користувачеві один пункт агравованих ушкоджень Сили Волі. Цей Дар може вплинути на духа лише один раз за сцену.</p><p>Тривалість: —</p>",
    "bonuses": [],
    "giftType": "blackfury",
    "renown": "glory",
    "level": 9,
    "cost": 1,
    "willpowercost": 0,
    "action": "",
    "dicepool": {
      "VZV2ha2x": {
        "path": "attributes.resolve"
      },
      "gSHbQ9JZ": {
        "path": "renown.glory"
      }
    },
    "duration": "",
    "gamesystem": "werewolf",
    "macroid": ""
  },
  "effects": [],
  "sort": 0,
  "ownership": {
    "default": 0,
    "zzaXLX6rQo9UZdTe": 3,
    "fFnQnXT35gLXdlH1": 3
  },
  "flags": {
    "vtm5e": {
      "dataItemId": "gift-drain-spirit"
    }
  },
  "_stats": {
    "compendiumSource": null,
    "duplicateSource": null,
    "exportSource": null,
    "coreVersion": "13.346",
    "systemId": "vtm5e",
    "systemVersion": "5.1.4",
    "createdTime": 1754598802991,
    "modifiedTime": 1754598802991,
    "lastModifiedBy": "fFnQnXT35gLXdlH1"
  },
  "_key": "!items!368DNEBFAeuL4P88"
}
