{
  "folder": "5dMoFoz8pv1GcARG",
  "name": "Виття Зборів",
  "type": "gift",
  "_id": "8e22gqysazXR7WxP",
  "img": "modules/werewolf-the-apocalypse-5e-compendium-ukr/packs/assets/W5AuspiceGalliard.png",
  "system": {
    "description": "<p>Гару посилає своє виття далеко за межі звичайного діапазону звуку і наповнює його сильними емоціями, зворушуючи серця інших Гару. Ті, хто відгукується на поклик, відчувають, як міцнішає їхня рішучість. Цей Дар надає дух пісні або дух тварини, відомої своїм унікальним покликом.</p><p>Репутація: Честь</p><p>Вартість: 1 перевірка Люті</p><p>Дія: Мала</p><p>Пул: Харизма + Честь</p><p>Система: Гравець Гару робить перевірку Харизма + Честь проти Складності 2. У разі успіху, інші Гару, які чують виття і приходять до користувача Дару, відновлюють один пункт Сили Волі. За кожен додатковий успіх звук поширюється на додаткові 100 метрів. Персонаж може зазнати впливу цього Дару лише один раз за сесію. Цей Дар також можна використовувати у формі Вовка.</p><p>Тривалість: —</p>",
    "bonuses": [],
    "giftType": "galliard",
    "renown": "honor",
    "level": 2,
    "cost": 1,
    "willpowercost": 0,
    "action": "",
    "dicepool": {
      "65UEZw4y": {
        "path": "attributes.charisma"
      },
      "ClVjTy3M": {
        "path": "renown.honor"
      }
    },
    "duration": "",
    "gamesystem": "werewolf",
    "macroid": ""
  },
  "effects": [],
  "sort": 0,
  "ownership": {
    "default": 0,
    "zzaXLX6rQo9UZdTe": 3,
    "fFnQnXT35gLXdlH1": 3
  },
  "flags": {
    "vtm5e": {
      "dataItemId": "gift-howl-of-assembly"
    }
  },
  "_stats": {
    "compendiumSource": null,
    "duplicateSource": null,
    "exportSource": null,
    "coreVersion": "13.346",
    "systemId": "vtm5e",
    "systemVersion": "5.1.4",
    "createdTime": 1754598800370,
    "modifiedTime": 1754598800370,
    "lastModifiedBy": "fFnQnXT35gLXdlH1"
  },
  "_key": "!items!8e22gqysazXR7WxP"
}
