{
  "folder": "2pXnCklj48WmqKxY",
  "name": "Вигнати Духа",
  "type": "gift",
  "_id": "xAMPHEh2kfx5hbGE",
  "img": "modules/werewolf-the-apocalypse-5e-compendium-ukr/packs/assets/W5AuspiceTheurge.png",
  "system": {
    "description": "<p>Покликаючись на свою роль духовного охоронця, Гару вивільняє свою Лють на духа, що заволодів предметом або людиною, і намагається вигнати його назад в Умбру. Аватар Інкарни дарує цей Дар.</p><p>Репутація: Слава</p><p>Ціна: 1 Лють</p><p>Дія: Повна</p><p>Пул: Зосередженість + Слава проти Могутності</p><p>Система: Дух має бути присутнім і перебувати в тому ж царстві (фізичному чи духовному), що й користувач. У разі успішної перевірки Зосередженість + Слава проти Могутності, дух змушений покинути одержимий предмет або людину і повністю відступити в Умбру. Покидаючи носія, злий дух може завдати одержимому Агравованих пошкоджень, що дорівнюють його Могутності мінус перевага в перевірці Дару. Після вигнання більшість духів не можуть вселитися в іншого носія протягом усієї сцени, хоча деякі можуть, на розсуд Розповідача. При використанні в Умбрі, цей Дар натомість змусить духа відступити або втекти.</p><p>Тривалість: Одна сцена</p>",
    "bonuses": [],
    "giftType": "theurge",
    "renown": "glory",
    "level": 5,
    "cost": 1,
    "willpowercost": 0,
    "action": "",
    "dicepool": {
      "j2KUX8cH": {
        "path": "attributes.resolve"
      },
      "SYS0StKy": {
        "path": "renown.glory"
      }
    },
    "duration": "",
    "gamesystem": "werewolf",
    "macroid": ""
  },
  "effects": [],
  "sort": 0,
  "ownership": {
    "default": 0,
    "zzaXLX6rQo9UZdTe": 3,
    "fFnQnXT35gLXdlH1": 3
  },
  "flags": {
    "vtm5e": {
      "dataItemId": "gift-banish-spirit"
    }
  },
  "_stats": {
    "compendiumSource": null,
    "duplicateSource": null,
    "exportSource": null,
    "coreVersion": "13.346",
    "systemId": "vtm5e",
    "systemVersion": "5.1.4",
    "createdTime": 1754598800370,
    "modifiedTime": 1754598800370,
    "lastModifiedBy": "fFnQnXT35gLXdlH1"
  },
  "_key": "!items!xAMPHEh2kfx5hbGE"
}
