{
  "folder": "q5NfOoDdnzYd2xfh",
  "name": "Виснаження Духа",
  "type": "gift",
  "_id": "iqKjAtRJtbfHy4XI",
  "img": "modules/werewolf-the-apocalypse-5e-compendium-ukr/packs/assets/W5AuspiceTheurge.png",
  "system": {
    "description": "<p>Гару здатен висмоктувати сутність з духа, висушуючи його, немов п'явка, щоб поповнити власні розумові резерви. Більшість перевертнів не бажають використовувати цю силу, окрім як в крайньому випадку проти вже ворожих духів, але деякі безпринципні заклиначі духів увійшли у безжальну звичку ставитися до кожного духа як до потенційної батарейки. Зайве казати, що використання цього Дару назавжди зробить духа, на якого він був застосований, вашим ворогом. Цей Дар дарує дух-п'явка або дух-мінога.</p><p>Репутація: Слава</p><p>Вартість: 1 Лють</p><p>Дія: Повна</p><p>Пул: Зосередженість + Слава проти Сили</p><p>Система: Дух має бути присутнім і перебувати в тій самій реальності (фізичній або духовній), що й користувач. Пройшовши перевірку Зосередженість + Слава проти Сили, перевертень може відновити одну клітинку Поверхневих ушкоджень Сили Волі за кожен успіх у перекиді, завдаючи духу стільки ж ушкоджень. Провал перевірки завдає користувачу одну клітинку Агравованих ушкоджень Сили Волі. На духа можна вплинути цим Даром лише раз за сцену.</p><p>Тривалість: —</p>",
    "bonuses": [],
    "giftType": "theurge",
    "renown": "glory",
    "level": 8,
    "cost": 1,
    "willpowercost": 0,
    "action": "",
    "dicepool": {
      "tzJwCqTI": {
        "path": "attributes.resolve"
      },
      "o7Gphz7M": {
        "path": "renown.glory"
      }
    },
    "duration": "",
    "gamesystem": "werewolf",
    "macroid": ""
  },
  "effects": [],
  "sort": 0,
  "ownership": {
    "default": 0,
    "zzaXLX6rQo9UZdTe": 3,
    "fFnQnXT35gLXdlH1": 3
  },
  "flags": {
    "vtm5e": {
      "dataItemId": "gift-drain-spirit"
    }
  },
  "_stats": {
    "compendiumSource": null,
    "duplicateSource": null,
    "exportSource": null,
    "coreVersion": "13.346",
    "systemId": "vtm5e",
    "systemVersion": "5.1.4",
    "createdTime": 1754598800370,
    "modifiedTime": 1754598800370,
    "lastModifiedBy": "fFnQnXT35gLXdlH1"
  },
  "_key": "!items!iqKjAtRJtbfHy4XI"
}
