{
  "folder": "g78y9YteBy7n15CF",
  "name": "Вулиці розповідають історії",
  "type": "gift",
  "_id": "QW8MQbaw9dOAK8Ci",
  "img": "modules/werewolf-the-apocalypse-5e-compendium-ukr/packs/assets/W5TribeBoneGnawers.png",
  "system": {
    "description": "Приклавши вухо до землі, Гару може слухати будь-які та всі розмови, що відбуваються на одній вулиці або вздовж неї. Цей Дар надає дух міста.\n\nРепутація: Честь\n\nВартість: 1 Сила волі\n\nДія: Повна\n\nПул: Зосередженість + Честь\n\nСистема: Гару прикладає вухо до вулиці, і гравець робить перевірку Дару зі Складністю, встановленою Розповідачем, залежно від кількості людей на вулиці (або поруч з нею) та відстані до бажаної розмови. (Прослуховування розмови на тротуарі за два квартали на порожній вулиці матиме складність 2, тоді як розмова на 50-му поверсі в годину пік наближатиметься до 5.) У разі успіху Гару може чути все сказане так, ніби він стоїть поруч з мовцем, але чути можна лише живу мову живої людини, тому, наприклад, навколишні звуки або іншу сторону телефонної розмови почути неможливо. Цей Дар можна використовувати в будь-якій формі.\n\nТривалість: Одна сцена",
    "bonuses": [],
    "giftType": "bonegnawer",
    "renown": "honor",
    "level": 6,
    "cost": 0,
    "willpowercost": 1,
    "action": "",
    "dicepool": {
      "cimJ71K9": {
        "path": "attributes.resolve"
      },
      "ZdY0lTmW": {
        "path": "renown.honor"
      }
    },
    "duration": "",
    "gamesystem": "werewolf",
    "macroid": ""
  },
  "effects": [],
  "sort": 0,
  "ownership": {
    "default": 0,
    "zzaXLX6rQo9UZdTe": 3,
    "fFnQnXT35gLXdlH1": 3
  },
  "flags": {
    "vtm5e": {
      "dataItemId": "gift-streets-tell-stories"
    }
  },
  "_stats": {
    "compendiumSource": null,
    "duplicateSource": null,
    "exportSource": null,
    "coreVersion": "13.346",
    "systemId": "vtm5e",
    "systemVersion": "5.1.4",
    "createdTime": 1754598802991,
    "modifiedTime": 1754598802991,
    "lastModifiedBy": "fFnQnXT35gLXdlH1"
  },
  "_key": "!items!QW8MQbaw9dOAK8Ci"
}
