{
  "folder": "BfvAaxBg2zbyV0H1",
  "name": "Гарчання виклику",
  "type": "gift",
  "_id": "kpYgEHHNP5bpOdto",
  "img": "modules/werewolf-the-apocalypse-5e-compendium-ukr/packs/assets/W5AuspiceAhroun.png",
  "system": {
    "description": "<p>Гару кидає виклик усім своїм ворогам, готуючись до атак супротивників. Цей Дар надає дух-ведмідь.</p><p>Репутація: Честь</p><p>Вартість: 1 перевірка Люті</p><p>Дія: Незначна</p><p>Пул: Харизма + Честь проти Стриманість + Проникливість</p><p>Система: Гравець Гару робить перевірку Дару проти всіх ворогів у межах чутності та видимості. Зробіть лише один кидок за Гару, тоді як кожен ворог чинить опір за допомогою своєї Стриманості + Проникливості. Суб'єкти, які не змогли вчинити опір, отримують штраф у дві кістки до атаки на будь-кого, крім користувача цього Дару. Користувач отримує додаткові рівні здоров'я, що дорівнюють його Честі, якщо хоча б один ворог піддається ефекту. Ці рівні здоров'я поглинають по одному пункту Поверхневої шкоди кожен, але не захищають від Загостреної шкоди.</p><p>Тривалість: Одна сцена</p>",
    "bonuses": [],
    "giftType": "ahroun",
    "renown": "honor",
    "level": 5,
    "cost": 1,
    "willpowercost": 0,
    "action": "",
    "dicepool": {
      "7gO38wMm": {
        "path": "attributes.charisma"
      },
      "f3QxXD8h": {
        "path": "renown.honor"
      }
    },
    "duration": "",
    "gamesystem": "werewolf",
    "macroid": ""
  },
  "effects": [],
  "sort": 0,
  "ownership": {
    "default": 0,
    "zzaXLX6rQo9UZdTe": 3,
    "fFnQnXT35gLXdlH1": 3
  },
  "flags": {
    "vtm5e": {
      "dataItemId": "gift-snarl-of-challenge"
    }
  },
  "_stats": {
    "compendiumSource": null,
    "duplicateSource": null,
    "exportSource": null,
    "coreVersion": "13.346",
    "systemId": "vtm5e",
    "systemVersion": "5.1.4",
    "createdTime": 1754598800370,
    "modifiedTime": 1754598800370,
    "lastModifiedBy": "fFnQnXT35gLXdlH1"
  },
  "_key": "!items!kpYgEHHNP5bpOdto"
}
