{
  "folder": "zr6CgIDCOgQmoA0g",
  "name": "Гарчання виклику",
  "type": "gift",
  "_id": "Jcczq91UVsQptOZu",
  "img": "modules/werewolf-the-apocalypse-5e-compendium-ukr/packs/assets/W5TribeGlassWalkers.png",
  "system": {
    "description": "<p>Гару кидає виклик усім своїм ворогам, готуючись до атак супротивників. Цей Дар дарує дух-ведмідь.</p><p>Репутація: Честь</p><p>Вартість: 1 перевірка Люті</p><p>Дія: Незначна</p><p>Пул: Харизма + Честь проти Стриманість + Проникливість</p><p>Система: Гравець Гару робить перевірку Дару проти всіх ворогів у межах чутності та прямої видимості. Зробіть лише один кидок за Гару, тоді як кожен ворог чинить опір за допомогою своєї Стриманості + Проникливості. Ті, хто провалив опір, отримують штраф у дві кістки до атак на будь-кого, крім власника цього Дару. Власник отримує додаткові рівні здоров'я, що дорівнюють його Честі, якщо хоча б один ворог піддається ефекту. Ці рівні здоров'я поглинають по одному пункту поверхневої шкоди кожен, але не захищають від Загостреної шкоди.</p><p>Тривалість: Одна сцена</p>",
    "bonuses": [],
    "giftType": "glasswalker",
    "renown": "honor",
    "level": 6,
    "cost": 1,
    "willpowercost": 0,
    "action": "",
    "dicepool": {
      "5QQqVArX": {
        "path": "attributes.charisma"
      },
      "i4phmduK": {
        "path": "renown.honor"
      }
    },
    "duration": "",
    "gamesystem": "werewolf",
    "macroid": ""
  },
  "effects": [],
  "sort": 0,
  "ownership": {
    "default": 0,
    "zzaXLX6rQo9UZdTe": 3,
    "fFnQnXT35gLXdlH1": 3
  },
  "flags": {
    "vtm5e": {
      "dataItemId": "gift-snarl-of-challenge"
    }
  },
  "_stats": {
    "compendiumSource": null,
    "duplicateSource": null,
    "exportSource": null,
    "coreVersion": "13.346",
    "systemId": "vtm5e",
    "systemVersion": "5.1.4",
    "createdTime": 1754598802991,
    "modifiedTime": 1754598802991,
    "lastModifiedBy": "fFnQnXT35gLXdlH1"
  },
  "_key": "!items!Jcczq91UVsQptOZu"
}
