{
  "name": "Дари Знамення",
  "sorting": "a",
  "folder": null,
  "type": "Item",
  "_id": "aGg9aXmuCOM3k1kM",
  "description": "",
  "sort": 100000,
  "color": "#a0771c",
  "flags": {},
  "_stats": {
    "compendiumSource": null,
    "duplicateSource": null,
    "exportSource": null,
    "coreVersion": "13.346",
    "systemId": "vtm5e",
    "systemVersion": "5.1.4",
    "createdTime": 1754598800341,
    "modifiedTime": 1754598800389,
    "lastModifiedBy": "fFnQnXT35gLXdlH1"
  },
  "_key": "!folders!aGg9aXmuCOM3k1kM"
}
