{
  "folder": "q5NfOoDdnzYd2xfh",
  "name": "Дика регресія",
  "type": "gift",
  "_id": "k5nneBK897DWq9JD",
  "img": "modules/werewolf-the-apocalypse-5e-compendium-ukr/packs/assets/W5AuspiceTheurge.png",
  "system": {
    "description": "<p>Спрямовуючи силу Вільді в ціль, Гару зводить розум своєї жертви до тваринного рівня. Використання цього Дару на інших Гару вважається жахливим порушенням, і відплата зазвичай є швидкою та жорстокою. Лише ті, хто достатньо знається на залучених духах, здатні чинити значний опір цим ефектам. Цього Дару навчають різноманітні ґафлінги Вільді.</p><p>Репутація: Слава</p><p>Вартість: 1 Лють</p><p>Дія: Повна</p><p>Пул: Інтелект + Слава проти Зосередженість + Окультизм</p><p>Система: Дар може бути спрямований на будь-кого в полі зору користувача, гравець якого повинен зробити перевірку Інтелект + Слава проти Зосередженість + Окультизм цілі. За кожен успіх переваги ціль втрачає одну цятку одного зі своїх Розумових Атрибутів, однак жоден Атрибут не може опуститися нижче 0. Ефекти тривають до кінця історії, хоча іноді можуть стати постійними на розсуд Розповідача.</p><p>Тривалість: Одна історія</p>",
    "bonuses": [],
    "giftType": "theurge",
    "renown": "glory",
    "level": 8,
    "cost": 1,
    "willpowercost": 0,
    "action": "",
    "dicepool": {
      "nZro6JhG": {
        "path": "attributes.intelligence"
      },
      "1CXXfPUP": {
        "path": "renown.glory"
      }
    },
    "duration": "",
    "gamesystem": "werewolf",
    "macroid": ""
  },
  "effects": [],
  "sort": 0,
  "ownership": {
    "default": 0,
    "zzaXLX6rQo9UZdTe": 3,
    "fFnQnXT35gLXdlH1": 3
  },
  "flags": {
    "vtm5e": {
      "dataItemId": "gift-feral-regression"
    }
  },
  "_stats": {
    "compendiumSource": null,
    "duplicateSource": null,
    "exportSource": null,
    "coreVersion": "13.346",
    "systemId": "vtm5e",
    "systemVersion": "5.1.4",
    "createdTime": 1754598800370,
    "modifiedTime": 1754598800370,
    "lastModifiedBy": "fFnQnXT35gLXdlH1"
  },
  "_key": "!items!k5nneBK897DWq9JD"
}
