{
  "folder": "FPQ2ZCUzJqtvS2SI",
  "name": "Дотик Матері",
  "type": "gift",
  "_id": "8PPfAMGDyqSdzFAF",
  "img": "modules/werewolf-the-apocalypse-5e-compendium-ukr/packs/assets/W5TribeChildrenofGaia.png",
  "system": {
    "description": "<p>Теурґ спрямовує духовну силу через свої руки, щоб зцілити рани будь-якої іншої живої істоти. Цей Дар не може зцілити самого користувача, духів або немертвих. Цим Даром наділяє дух-ведмідь.</p><p>Репутація: Слава</p><p>Вартість: 1 Сила Волі</p><p>Дія: Повна</p><p>Пул: Інтелект + Слава</p><p>Система: Зробіть перевірку Дару. Суб'єкт зцілює поверхневі фізичні ушкодження в кількості, що дорівнює кількості успіхів. Якщо кількість успіхів перевищує поточну Лють суб'єкта, один рівень аґравованих ушкоджень можна зцілити замість одного поверхневого. Цей Дар можна використовувати в будь-якій формі.</p><p>Тривалість: —</p>",
    "bonuses": [],
    "giftType": "childrenofgaia",
    "renown": "glory",
    "level": 3,
    "cost": 0,
    "willpowercost": 1,
    "action": "",
    "dicepool": {
      "vjgEll0e": {
        "path": "attributes.intelligence"
      },
      "6IloEQxn": {
        "path": "renown.glory"
      }
    },
    "duration": "",
    "gamesystem": "werewolf",
    "macroid": ""
  },
  "effects": [],
  "sort": 0,
  "ownership": {
    "default": 0,
    "zzaXLX6rQo9UZdTe": 3,
    "fFnQnXT35gLXdlH1": 3
  },
  "flags": {
    "vtm5e": {
      "dataItemId": "gift-mother's-touch"
    }
  },
  "_stats": {
    "compendiumSource": null,
    "duplicateSource": null,
    "exportSource": null,
    "coreVersion": "13.346",
    "systemId": "vtm5e",
    "systemVersion": "5.1.4",
    "createdTime": 1754598802991,
    "modifiedTime": 1754598802991,
    "lastModifiedBy": "fFnQnXT35gLXdlH1"
  },
  "_key": "!items!8PPfAMGDyqSdzFAF"
}
