{
  "folder": "nA6XYXASW7Lm71dG",
  "name": "Доппельгангер",
  "type": "gift",
  "_id": "0q8c5kRXBaa6KDsh",
  "img": "modules/werewolf-the-apocalypse-5e-compendium-ukr/packs/assets/W5TribeGlassWalkers.png",
  "system": {
    "description": "Гару може набувати подоби, або принаймні наближатися до неї, будь-якого іншого конкретного гуманоїда чи вовка. Проте цей Дар не дозволяє копіювати манери, і небагато народжених людиною Гару оволодівають мистецтвом зміни свого запаху настільки, щоб обдурити справжніх вовків чи народжених вовками, що робить цей Дар небезпечним для застосування серед інших Гару. Цей Дар надає дух тіні або пересмішника.\n\nРепутація: Мудрість\n\nВартість: 1 Сила Волі\n\nДія: Повна\n\nПул: Маніпулвання + Мудрість\n\nСистема: Користувач Дару повинен знати в обличчя суб'єкта, якого копіює. Гравець користувача робить перевірку Маніпулвання + Мудрість зі Складністю 3. Кожен додатковий успіх надає бонус до кісток для подальших спроб видати себе за скопійованого суб'єкта (зазвичай із залученням Виступу або Хитрості), оскільки зовнішність користувача змінюється, щоб відповідати зовнішності особи, яку він уособлює. На розсуд Розповідача, цей бонус зменшується вдвічі, якщо скопійований суб'єкт — вовк або народжений вовком, а поблизу є інші народжені вовками. Цей Дар можна використовувати в будь-якій формі.\n\nТривалість: Одна сцена",
    "bonuses": [],
    "giftType": "glasswalker",
    "renown": "wisdom",
    "level": 9,
    "cost": 0,
    "willpowercost": 1,
    "action": "",
    "dicepool": {
      "mVZU1gmH": {
        "path": "attributes.manipulation"
      },
      "dZaoOv2m": {
        "path": "renown.wisdom"
      }
    },
    "duration": "",
    "gamesystem": "werewolf",
    "macroid": ""
  },
  "effects": [],
  "sort": 0,
  "ownership": {
    "default": 0,
    "zzaXLX6rQo9UZdTe": 3,
    "fFnQnXT35gLXdlH1": 3
  },
  "flags": {
    "vtm5e": {
      "dataItemId": "gift-doppleganger"
    }
  },
  "_stats": {
    "compendiumSource": null,
    "duplicateSource": null,
    "exportSource": null,
    "coreVersion": "13.346",
    "systemId": "vtm5e",
    "systemVersion": "5.1.4",
    "createdTime": 1754598802991,
    "modifiedTime": 1754598802991,
    "lastModifiedBy": "fFnQnXT35gLXdlH1"
  },
  "_key": "!items!0q8c5kRXBaa6KDsh"
}
