{
  "folder": "mFR8IBYRbPYIXJJX",
  "name": "Добиваючий удар",
  "type": "gift",
  "_id": "pgRCQBZ6jYpSserP",
  "img": "modules/werewolf-the-apocalypse-5e-compendium-ukr/packs/assets/W5TribeBlackFuries.png",
  "system": {
    "description": "Гару збирає всю свою силу та майстерність, щоб завдати вирішального удару, який має на меті знищити ворога одним махом. Будь-який дух, пов'язаний з гордістю, дарує цей Дар.\n\nРепутація: Слава\n\nВартість: 1 Сила волі\n\nДія: Повна\n\nПул: —\n\nСистема: Гару зосереджує свою увагу на ворозі, витрачаючи повний хід, щоб зібрати сили. Наступна атака користувача у Бійці або Ближньому бою додає його Славу до показника шкоди, але лише якщо це зменшить фізичне Здоров'я цілі до нуля. У будь-якому випадку ефект зникає після атаки.\n\nТривалість: Наступна атака в Бійці або Ближньому бою, або до кінця сцени.",
    "bonuses": [],
    "giftType": "blackfury",
    "renown": "glory",
    "level": 6,
    "cost": 0,
    "willpowercost": 1,
    "action": "",
    "dicepool": {},
    "duration": "",
    "gamesystem": "werewolf",
    "macroid": ""
  },
  "effects": [],
  "sort": 0,
  "ownership": {
    "default": 0,
    "zzaXLX6rQo9UZdTe": 3,
    "fFnQnXT35gLXdlH1": 3
  },
  "flags": {
    "vtm5e": {
      "dataItemId": "gift-coup-de-grace"
    }
  },
  "_stats": {
    "compendiumSource": null,
    "duplicateSource": null,
    "exportSource": null,
    "coreVersion": "13.346",
    "systemId": "vtm5e",
    "systemVersion": "5.1.4",
    "createdTime": 1754598802991,
    "modifiedTime": 1754598802991,
    "lastModifiedBy": "fFnQnXT35gLXdlH1"
  },
  "_key": "!items!pgRCQBZ6jYpSserP"
}
