{
  "folder": "gOgpixVpcisrbgX1",
  "name": "Дотик Матері",
  "type": "gift",
  "_id": "YJuAiaVa7zSI5J5T",
  "img": "modules/werewolf-the-apocalypse-5e-compendium-ukr/packs/assets/W5AuspiceTheurge.png",
  "system": {
    "description": "Теурґ спрямовує духовну силу через свої руки, щоб зцілити рани будь-якої іншої живої істоти. Цей Дар не може зцілювати самого користувача, духів або немертвих. Цей Дар дарує дух-ведмідь.\n\nРепутація: Слава\n\nВартість: 1 Сила Волі\n\nДія: Повна\n\nПул: Інтелект + Слава\n\nСистема: Зробіть перевірку Дару. Суб'єкт зцілює Поверхневі фізичні ушкодження в кількості, що дорівнює кількості успіхів. Якщо кількість успіхів перевищує поточну Лють суб'єкта, один рівень Агрованих ушкоджень можна зцілити замість одного Поверхневого. Цей Дар можна використовувати в будь-якій формі.\n\nТривалість: —",
    "bonuses": [],
    "giftType": "theurge",
    "renown": "glory",
    "level": 2,
    "cost": 0,
    "willpowercost": 1,
    "action": "",
    "dicepool": {
      "QGbPjBz9": {
        "path": "attributes.intelligence"
      },
      "0R7thPKB": {
        "path": "renown.glory"
      }
    },
    "duration": "",
    "gamesystem": "werewolf",
    "macroid": ""
  },
  "effects": [],
  "sort": 0,
  "ownership": {
    "default": 0,
    "zzaXLX6rQo9UZdTe": 3,
    "fFnQnXT35gLXdlH1": 3
  },
  "flags": {
    "vtm5e": {
      "dataItemId": "gift-mother's-touch"
    }
  },
  "_stats": {
    "compendiumSource": null,
    "duplicateSource": null,
    "exportSource": null,
    "coreVersion": "13.346",
    "systemId": "vtm5e",
    "systemVersion": "5.1.4",
    "createdTime": 1754598800370,
    "modifiedTime": 1754598800370,
    "lastModifiedBy": "fFnQnXT35gLXdlH1"
  },
  "_key": "!items!YJuAiaVa7zSI5J5T"
}
