{
  "folder": "2pXnCklj48WmqKxY",
  "name": "Думкомова",
  "type": "gift",
  "_id": "yie5wcs4uTYDEKrj",
  "img": "modules/werewolf-the-apocalypse-5e-compendium-ukr/packs/assets/W5AuspiceTheurge.png",
  "system": {
    "description": "Перевертень може надсилати й отримувати думки одному суб'єктові, за бажанням встановлюючи двосторонній зв'язок. Цей Дар дарує дух снів.\n\nРепутація: Мудрість\n\nЦіна: 1 Сили Волі\n\nДія: Повна\n\nПул: Зосередженість + Мудрість\n\nСистема: Користувач концентрується та надсилає ментальне повідомлення обраному суб'єкту. Якщо користувач не зустрічався із суб'єктом особисто, ціль має бути в полі зору. Якщо суб'єкт знайомий користувачеві, але не присутній, для встановлення контакту потрібна перевірка Зосередженість + Мудрість. (Складність залежить від відстані та від того, чи знайоме користувачеві місцеперебування суб'єкта. Суб'єкт, що відпочиває вдома, — це 2, тоді як суб'єкт, що ховається на іншому континенті, — це 5.) Щойно контакт встановлено, думки можуть передаватися в обох напрямках, доки обидва учасники згодні. Цей Дар не можна використовувати для читання думок суб'єкта; можна відчути лише ті думки, що призначені для іншої сторони. Будь-яке серйозне відволікання, наприклад, якщо будь-яка зі сторін зазнає шкоди, розриває зв'язок. Цей Дар можна використовувати в будь-якій формі.\n\nТривалість: Одна сцена або до розриву контакту.",
    "bonuses": [],
    "giftType": "theurge",
    "renown": "wisdom",
    "level": 5,
    "cost": 0,
    "willpowercost": 1,
    "action": "",
    "dicepool": {
      "RLZ8LsAE": {
        "path": "attributes.resolve"
      },
      "vzxWotsv": {
        "path": "renown.wisdom"
      }
    },
    "duration": "",
    "gamesystem": "werewolf",
    "macroid": ""
  },
  "effects": [],
  "sort": 0,
  "ownership": {
    "default": 0,
    "zzaXLX6rQo9UZdTe": 3,
    "fFnQnXT35gLXdlH1": 3
  },
  "flags": {
    "vtm5e": {
      "dataItemId": "gift-mindspeak"
    }
  },
  "_stats": {
    "compendiumSource": null,
    "duplicateSource": null,
    "exportSource": null,
    "coreVersion": "13.346",
    "systemId": "vtm5e",
    "systemVersion": "5.1.4",
    "createdTime": 1754598800370,
    "modifiedTime": 1754598800370,
    "lastModifiedBy": "fFnQnXT35gLXdlH1"
  },
  "_key": "!items!yie5wcs4uTYDEKrj"
}
