{
  "folder": "nG2GqKR7ymRniC0V",
  "name": "Дух Січі",
  "type": "gift",
  "_id": "oRfb0JYrbyUxEj08",
  "img": "modules/werewolf-the-apocalypse-5e-compendium-ukr/packs/assets/gift.png",
  "system": {
    "description": "<p>Рухаючись, немов розмита пляма хутра, кігтів та м'язів, Гару здатен атакувати кількох супротивників у межах досяжності. Цей Дар дарує дух росомахи або борсука.</p><p>Репутація: Слава</p><p>Вартість: Одна Перевірка Люті за кожного додаткового супротивника</p><p>Дія: Вільна</p><p>Пул: —</p><p>Система: Дар дозволяє Гару атакувати додаткових супротивників у межах досяжності, кількістю до значення Слави персонажа, без штрафів. Зробіть один кидок на атаку та застосуйте його до кожного супротивника в бою, охопленого витратою Люті (див. Вартість). Будь-який додатковий бонус до атаки застосовується до всіх супротивників.</p><p>Тривалість: Одна атака</p>",
    "bonuses": [],
    "giftType": "native",
    "renown": "glory",
    "level": 4,
    "cost": 1,
    "willpowercost": 0,
    "action": "",
    "dicepool": {},
    "duration": "",
    "gamesystem": "werewolf",
    "macroid": ""
  },
  "effects": [],
  "sort": 0,
  "ownership": {
    "default": 0,
    "zzaXLX6rQo9UZdTe": 3,
    "fFnQnXT35gLXdlH1": 3
  },
  "flags": {},
  "_stats": {
    "compendiumSource": null,
    "duplicateSource": null,
    "exportSource": null,
    "coreVersion": "13.346",
    "systemId": "vtm5e",
    "systemVersion": "5.1.4",
    "createdTime": 1754598801605,
    "modifiedTime": 1754598801605,
    "lastModifiedBy": "fFnQnXT35gLXdlH1"
  },
  "_key": "!items!oRfb0JYrbyUxEj08"
}
