{
  "folder": "q5NfOoDdnzYd2xfh",
  "name": "Живий Оберіг",
  "type": "gift",
  "_id": "iQnTsaubZU3jCvPi",
  "img": "modules/werewolf-the-apocalypse-5e-compendium-ukr/packs/assets/W5AuspiceTheurge.png",
  "system": {
    "description": "<p>Концентруючись, Гару може перетворитися на живий оберіг від духів, що відштовхує всі, крім наймогутніших, умбральних сутностей. Однак, поки він підтримує цей оберіг, він не може виконувати інших дій, а його тривале утримання сильно виснажує його розум. Цей Дар дарує легендарний дух-вовк.</p><p>Репутація: Честь</p><p>Ціна: 1 перевірка Люті</p><p>Дія: Повна</p><p>Пул: Зосередженість + Честь проти Могутності</p><p>Система: Поки користувач концентрується, жоден дух не може наблизитися до живого оберега ближче ніж на три метри, не перемігши гравця перевертня у перевірці Могутності проти Зосередженості + Честі. Якщо Гару, що використовує цей Дар, програє це змагання, він повинен негайно зняти свій оберіг або витратити Силу Волі в кількості, що дорівнює різниці, з якою він програв змагання.</p><p>Тривалість: Одна сцена, якщо не буде знятий раніше</p>",
    "bonuses": [],
    "giftType": "theurge",
    "renown": "honor",
    "level": 8,
    "cost": 1,
    "willpowercost": 0,
    "action": "",
    "dicepool": {
      "g1qMotiF": {
        "path": "attributes.resolve"
      },
      "Z9DNJ5tG": {
        "path": "renown.honor"
      }
    },
    "duration": "",
    "gamesystem": "werewolf",
    "macroid": ""
  },
  "effects": [],
  "sort": 0,
  "ownership": {
    "default": 0,
    "zzaXLX6rQo9UZdTe": 3,
    "fFnQnXT35gLXdlH1": 3
  },
  "flags": {
    "vtm5e": {
      "dataItemId": "gift-living-ward"
    }
  },
  "_stats": {
    "compendiumSource": null,
    "duplicateSource": null,
    "exportSource": null,
    "coreVersion": "13.346",
    "systemId": "vtm5e",
    "systemVersion": "5.1.4",
    "createdTime": 1754598800370,
    "modifiedTime": 1754598800370,
    "lastModifiedBy": "fFnQnXT35gLXdlH1"
  },
  "_key": "!items!iQnTsaubZU3jCvPi"
}
