{
  "folder": "d5QHn1vTu64bKFan",
  "name": "Життєва присутність",
  "type": "gift",
  "_id": "mJwmr6OAXgZkDEVc",
  "img": "modules/werewolf-the-apocalypse-5e-compendium-ukr/packs/assets/W5TribeChildrenofGaia.png",
  "system": {
    "description": "<p>Користувач Дару налаштовується на відчуття життя навколо, усвідомлюючи все живе в безпосередній близькості. Хоча Дар не надає детальної інформації, він дозволяє Гару розвідати супротивників або помітити засідку. Цей Дар дарує дух землі.</p><p>Репутація: Мудрість</p><p>Ціна: 1 Сила Волі</p><p>Дія: Повна</p><p>Кіш: Стриманість + Мудрість</p><p>Система: Користувач автоматично усвідомлює все звичайне життя — рослин, тварин і людей — а також будь-яких (живих) надприродних істот на території, що приблизно дорівнює двоповерховому будинку. Надприродних істот, які використовують сили для маскування, можна виявити лише за допомогою перевірки Стриманість + Мудрість зі Складністю, що залежить від істоти та використаної здібності, а духи взагалі не відчуваються, якщо вони не вселилися в живе тіло. Вампіри та інша нежить не виявляються, якщо вони не імітують життя, і в цьому випадку перевірка Дару зі Складністю 3 може розкрити обман.</p><p>Тривалість: Одна сцена</p>",
    "bonuses": [],
    "giftType": "childrenofgaia",
    "renown": "wisdom",
    "level": 9,
    "cost": 0,
    "willpowercost": 1,
    "action": "",
    "dicepool": {
      "EH67dKn7": {
        "path": "attributes.composure"
      },
      "XjGFyNNm": {
        "path": "renown.wisdom"
      }
    },
    "duration": "",
    "gamesystem": "werewolf",
    "macroid": ""
  },
  "effects": [],
  "sort": 0,
  "ownership": {
    "default": 0,
    "zzaXLX6rQo9UZdTe": 3,
    "fFnQnXT35gLXdlH1": 3
  },
  "flags": {
    "vtm5e": {
      "dataItemId": "gift-life's-presence"
    }
  },
  "_stats": {
    "compendiumSource": null,
    "duplicateSource": null,
    "exportSource": null,
    "coreVersion": "13.346",
    "systemId": "vtm5e",
    "systemVersion": "5.1.4",
    "createdTime": 1754598802991,
    "modifiedTime": 1754598802991,
    "lastModifiedBy": "fFnQnXT35gLXdlH1"
  },
  "_key": "!items!mJwmr6OAXgZkDEVc"
}
