{
  "folder": "YoRsAJ5CphKRtKLu",
  "name": "Живий ліс",
  "type": "gift",
  "_id": "q5vMwUQChC46AmpQ",
  "img": "modules/werewolf-the-apocalypse-5e-compendium-ukr/packs/assets/W5TribeHartWardens.png",
  "system": {
    "description": "Гару закликає дерева та рослини повстати й допомогти йому. Найближчі дерева рухаються і намагаються захистити Гару, а гілки та лози стримують, блокують і навіть б'ються з тими, хто намагається зашкодити користувачу. Цей Дар дарує Дитя Галявини.\n\nРепутація: Слава\n\nВартість: 1 Перевірка Люті\n\nДія: Повна\n\nПул: Маніпулвання + Слава\n\nСистема: Кожен, хто намагається зашкодити власнику Дару, зазнає атаки захватом від найближчих дерев та рослин (максимум одна відповідь за хід). Якщо поруч є дерева, їхній резерв становить Маніпулвання + Слава користувача. Якщо присутні лише кущі або інші, менші рослини, їхній резерв зменшується до лише Слави користувача. Якщо поблизу немає рослин відповідного розміру, Дар не діє. На розсуд Розповідача, залежно від флори та листя, можливі також інші ефекти, як-от штрафи до резерву кісток, і Дар іноді використовується як частина Обрядів, пов'язаних із вирощуванням рослин або дерев.\n\nТривалість: Одна сцена",
    "bonuses": [],
    "giftType": "hartwarden",
    "renown": "glory",
    "level": 9,
    "cost": 1,
    "willpowercost": 0,
    "action": "",
    "dicepool": {
      "RcBoDHOj": {
        "path": "attributes.manipulation"
      },
      "3nFtKjmW": {
        "path": "renown.glory"
      }
    },
    "duration": "",
    "gamesystem": "werewolf",
    "macroid": ""
  },
  "effects": [],
  "sort": 0,
  "ownership": {
    "default": 0,
    "zzaXLX6rQo9UZdTe": 3,
    "fFnQnXT35gLXdlH1": 3
  },
  "flags": {
    "vtm5e": {
      "dataItemId": "gift-the-living-wood"
    }
  },
  "_stats": {
    "compendiumSource": null,
    "duplicateSource": null,
    "exportSource": null,
    "coreVersion": "13.346",
    "systemId": "vtm5e",
    "systemVersion": "5.1.4",
    "createdTime": 1754598802991,
    "modifiedTime": 1754598802991,
    "lastModifiedBy": "fFnQnXT35gLXdlH1"
  },
  "_key": "!items!q5vMwUQChC46AmpQ"
}
