{
  "folder": "xKlGewil9Xbdga2Y",
  "name": "Заволока молочного ока",
  "type": "gift",
  "_id": "W8lOv8e7d4CwdrUv",
  "img": "modules/werewolf-the-apocalypse-5e-compendium-ukr/packs/assets/W5TribeShadowLords.png",
  "system": {
    "description": "Постать Гару стає мерехтливою, нечіткою плямою, ніби її видно крізь густий туман або викривлену лінзу, навіть серед білого дня. Гару не стає невидимим, але цей Дар значно ускладнює спроби його помітити або влучити по ньому фізичною атакою. Цей Дар дарує дух-хамелеон.\n\nРепутація: Мудрість\n\nВартість: 1 перевірка Люті\n\nДія: Незначна\n\nПул: —\n\nСистема: Раґабаш отримує бонус від своєї Мудрості до всіх перевірок Непомітності, а також до захисних перевірок проти фізичних атак до кінця сцени. Дія Дару припиняється, щойно користувач безпосередньо взаємодіє з кимось, наприклад, атакуючи його або вступаючи з ним у розмову.\n\nТривалість: Одна сцена",
    "bonuses": [],
    "giftType": "shadowlord",
    "renown": "wisdom",
    "level": 6,
    "cost": 1,
    "willpowercost": 0,
    "action": "",
    "dicepool": {},
    "duration": "",
    "gamesystem": "werewolf",
    "macroid": ""
  },
  "effects": [],
  "sort": 0,
  "ownership": {
    "default": 0,
    "zzaXLX6rQo9UZdTe": 3,
    "fFnQnXT35gLXdlH1": 3
  },
  "flags": {
    "vtm5e": {
      "dataItemId": "gift-blur-of-the-milky-eye"
    }
  },
  "_stats": {
    "compendiumSource": null,
    "duplicateSource": null,
    "exportSource": null,
    "coreVersion": "13.346",
    "systemId": "vtm5e",
    "systemVersion": "5.1.4",
    "createdTime": 1754598802991,
    "modifiedTime": 1754598802991,
    "lastModifiedBy": "fFnQnXT35gLXdlH1"
  },
  "_key": "!items!W8lOv8e7d4CwdrUv"
}
