{
  "folder": "zr6CgIDCOgQmoA0g",
  "name": "Захват з потойбіччя",
  "type": "gift",
  "_id": "TC242uxAQSuDtxUQ",
  "img": "modules/werewolf-the-apocalypse-5e-compendium-ukr/packs/assets/W5TribeGlassWalkers.png",
  "system": {
    "description": "<p>Цей Дар дозволяє користувачу переносити предмети в Умбру та з неї, за умови, що вони мають фізичну форму, навіть якщо вони не Посвячені користувачеві. (Див. Обряд Посвячення, стор. 183) Цей Дар дарує дух сороки, бобра або опосума.</p><p>Репутація: Мудрість</p><p>Вартість: 1–3 Сили волі</p><p>Дія: Вільна</p><p>Пул: Зосередженість + Мудрість</p><p>Система: Перетинаючи Завісу (див. стор. 230) або вдивляючись у фізичний світ з Умбри, користувач міцно хапає фізичний об'єкт і втягує його в Духовні Пустки — або витягує звідти, роблячи перевірку Зосередженість + Мудрість проти місцевої Завіси. Провал перевірки означає, що об'єкт залишається на місці, а користувач не зазнає жодного впливу. Вартість у Силі волі залежить від розміру об'єкта: маленький предмет (книга або ноутбук) вимагає одного пункту, а великий (автомобіль або намет) — трьох.</p><p>Тривалість: —</p>",
    "bonuses": [],
    "giftType": "glasswalker",
    "renown": "wisdom",
    "level": 6,
    "cost": 0,
    "willpowercost": 1,
    "action": "",
    "dicepool": {
      "lWK3zTCt": {
        "path": "attributes.resolve"
      },
      "zAL6aefS": {
        "path": "renown.wisdom"
      }
    },
    "duration": "",
    "gamesystem": "werewolf",
    "macroid": ""
  },
  "effects": [],
  "sort": 0,
  "ownership": {
    "default": 0,
    "zzaXLX6rQo9UZdTe": 3,
    "fFnQnXT35gLXdlH1": 3
  },
  "flags": {
    "vtm5e": {
      "dataItemId": "gift-grasp-from-beyond"
    }
  },
  "_stats": {
    "compendiumSource": null,
    "duplicateSource": null,
    "exportSource": null,
    "coreVersion": "13.346",
    "systemId": "vtm5e",
    "systemVersion": "5.1.4",
    "createdTime": 1754598802991,
    "modifiedTime": 1754598802991,
    "lastModifiedBy": "fFnQnXT35gLXdlH1"
  },
  "_key": "!items!TC242uxAQSuDtxUQ"
}
