{
  "folder": "TQRSNL7mmTDseqN8",
  "name": "Запах Проточної Води",
  "type": "gift",
  "img": "modules/werewolf-the-apocalypse-5e-compendium/packs/assets/W5TribeSilentStriders.png",
  "system": {
    "description": "<p>Використання цього Дару дозволяє Гару стати неможливим для відстеження звичайними засобами, а також ускладнює надприродне вистежування. Цей Дар дарує дух лисиці.</p><p><strong>Репутація:</strong> Мудрість (Wisdom)</p><p><strong>Ціна:</strong> Безкоштовно / 1 Сила Волі (Willpower)</p><p><strong>Дія:</strong> Мала (Minor)</p><p><strong>Дайс-пул:</strong> —</p><p><strong>Тривалість:</strong> Одна сцена (One scene)</p><p><strong>Система:</strong> Після активації Дару Гару не залишає жодних фізичних доказів своєї присутності (слідів, пошкодженої рослинності, ДНК тощо). Гару також отримує бонус, що дорівнює його Мудрості, до будь-якої перевірки для уникнення надприродного відстеження. Активація цього Дару є безкоштовною для користувача, але, витративши одиницю Сили Волі, гравець може поширити дію Дару на зграю свого персонажа на одну сцену. Цей Дар також можна використовувати у формі Люпус.</p>",
    "bonuses": [],
    "giftType": "silentstrider",
    "renown": "wisdom",
    "level": 6,
    "cost": 0,
    "willpowercost": 1,
    "action": "",
    "dicepool": {},
    "duration": "",
    "gamesystem": "werewolf",
    "macroid": ""
  },
  "effects": [],
  "ownership": {
    "default": 0,
    "zzaXLX6rQo9UZdTe": 3,
    "fFnQnXT35gLXdlH1": 3
  },
  "flags": {
    "vtm5e": {
      "dataItemId": "gift-scent-of-running-water"
    }
  },
  "_stats": {
    "compendiumSource": null,
    "duplicateSource": null,
    "exportSource": null,
    "coreVersion": "13.347",
    "systemId": "vtm5e",
    "systemVersion": "5.1.4",
    "createdTime": 1755477053671,
    "modifiedTime": 1755477521062,
    "lastModifiedBy": "fFnQnXT35gLXdlH1"
  },
  "_id": "bwkHYI9qjOq3d3U5",
  "sort": 0,
  "_key": "!items!bwkHYI9qjOq3d3U5"
}
