{
  "folder": "1Xy29R44XDHUdInL",
  "name": "Заячий стрибок",
  "type": "gift",
  "_id": "NyPjr2sisg5PxtR5",
  "img": "modules/werewolf-the-apocalypse-5e-compendium-ukr/packs/assets/gift.png",
  "system": {
    "description": "<p>Гару можуть стрибати на великі відстані по горизонталі та вертикалі. Цей Дар надається духом тварини, що стрибає, таким як дух зайця, жаби або кенгуру.</p><p>Репутація: Слава</p><p>Ціна: 1 перевірка Люті</p><p>Дія: Повна</p><p>Пул: Сила + Слава</p><p>Система: Гравець робить перевірку Сила + Слава і стрибає на три метри по горизонталі або на два метри по вертикалі за кожен успіх у перевірці.</p><p>Тривалість: —</p>",
    "bonuses": [],
    "giftType": "native",
    "renown": "glory",
    "level": 1,
    "cost": 1,
    "willpowercost": 0,
    "action": "",
    "dicepool": {
      "Qqf4Q6UN": {
        "path": "attributes.strength"
      },
      "YXZA3Rwd": {
        "path": "renown.glory"
      }
    },
    "duration": "",
    "gamesystem": "werewolf",
    "macroid": ""
  },
  "effects": [],
  "sort": 0,
  "ownership": {
    "default": 0,
    "zzaXLX6rQo9UZdTe": 3,
    "fFnQnXT35gLXdlH1": 3
  },
  "flags": {},
  "_stats": {
    "compendiumSource": null,
    "duplicateSource": null,
    "exportSource": null,
    "coreVersion": "13.346",
    "systemId": "vtm5e",
    "systemVersion": "5.1.4",
    "createdTime": 1754598801605,
    "modifiedTime": 1754598801605,
    "lastModifiedBy": "fFnQnXT35gLXdlH1"
  },
  "_key": "!items!NyPjr2sisg5PxtR5"
}
