{
  "folder": "t1wxQo3KiSDkxJ0W",
  "name": "Заспокой лютого звіра",
  "type": "gift",
  "_id": "zH1EUqJPso4ZoxPG",
  "img": "modules/werewolf-the-apocalypse-5e-compendium-ukr/packs/assets/W5TribeChildrenofGaia.png",
  "system": {
    "description": "<p>Персонаж може заспокоїти розлюченого ворога або допомогти іншому Гару, охопленому шаленством, чинити опір своїм диким інстинктам. Цей Дар дарує легендарний дух вовка.</p><p>Репутація: Мудрість</p><p>Вартість: 1 Сила Волі</p><p>Дія: Повна</p><p>Пул: Стриманість + Мудрість</p><p>Система: Гравець витрачає 1 очко Сили Волі та робить перевірку Стриманість + Мудрість проти поточної Люті цілі в шаленстві, або проти Складності 3 у випадку інших надприродних істот. У разі успіху ціль виходить зі стану шаленства, повертаючись до своєї природної форми (якщо це Гару), згідно зі звичайними правилами виходу з форми Крінос. Цей Дар можна використовувати в будь-якій формі.</p><p>Тривалість: —</p>",
    "bonuses": [],
    "giftType": "childrenofgaia",
    "renown": "wisdom",
    "level": 6,
    "cost": 0,
    "willpowercost": 1,
    "action": "",
    "dicepool": {
      "X9ruATBt": {
        "path": "attributes.composure"
      },
      "kJT9BcBp": {
        "path": "renown.wisdom"
      }
    },
    "duration": "",
    "gamesystem": "werewolf",
    "macroid": ""
  },
  "effects": [],
  "sort": 0,
  "ownership": {
    "default": 0,
    "zzaXLX6rQo9UZdTe": 3,
    "fFnQnXT35gLXdlH1": 3
  },
  "flags": {
    "vtm5e": {
      "dataItemId": "gift-calm-the-furious-beast"
    }
  },
  "_stats": {
    "compendiumSource": null,
    "duplicateSource": null,
    "exportSource": null,
    "coreVersion": "13.346",
    "systemId": "vtm5e",
    "systemVersion": "5.1.4",
    "createdTime": 1754598802991,
    "modifiedTime": 1754598802991,
    "lastModifiedBy": "fFnQnXT35gLXdlH1"
  },
  "_key": "!items!zH1EUqJPso4ZoxPG"
}
