{
  "folder": "g78y9YteBy7n15CF",
  "name": "Запах минулого",
  "type": "gift",
  "_id": "4pvAxqw2DpgjPcnG",
  "img": "modules/werewolf-the-apocalypse-5e-compendium-ukr/packs/assets/W5TribeBoneGnawers.png",
  "system": {
    "description": "<p>Вдихаючи запах предмета або місця, Гару може побачити уривки подій, що сталися поблизу цілі. Більш драматичні події залишають сильніші запахи, а розрізнення деталей та незначних випадків вимагає великої майстерності. Дух-ворона або інший дух-тварина, що процвітає в різних середовищах і є свідком багатьох подій, може дарувати цей Дар.</p><p>Репутація: Мудрість</p><p>Вартість: 1 Сила Волі</p><p>Дія: Повна</p><p>Пул: Інтелект + Мудрість</p><p>Система: Зробіть перевірку Інтелект + Мудрість проти Складності, що залежить від шуканої інформації. Відчути обставини дуелі, що відбулася минулого тижня з використанням певної зброї, має Складність 2, але отримання інформації про учасників таємної зустрічі в парку багато років тому наближається до Складності 6 або вище. Кожне очко переваги на кидку дозволяє користувачеві отримувати все більш детальну інформацію. Цей Дар також можна використовувати у вовчій формі.</p><p>Тривалість: Один хід</p>",
    "bonuses": [],
    "giftType": "bonegnawer",
    "renown": "wisdom",
    "level": 6,
    "cost": 0,
    "willpowercost": 1,
    "action": "",
    "dicepool": {
      "ncHbTA2f": {
        "path": "attributes.intelligence"
      },
      "utEw21pP": {
        "path": "renown.wisdom"
      }
    },
    "duration": "",
    "gamesystem": "werewolf",
    "macroid": ""
  },
  "effects": [],
  "sort": 0,
  "ownership": {
    "default": 0,
    "zzaXLX6rQo9UZdTe": 3,
    "fFnQnXT35gLXdlH1": 3
  },
  "flags": {
    "vtm5e": {
      "dataItemId": "gift-scent-of-the-past"
    }
  },
  "_stats": {
    "compendiumSource": null,
    "duplicateSource": null,
    "exportSource": null,
    "coreVersion": "13.346",
    "systemId": "vtm5e",
    "systemVersion": "5.1.4",
    "createdTime": 1754598802991,
    "modifiedTime": 1754598802991,
    "lastModifiedBy": "fFnQnXT35gLXdlH1"
  },
  "_key": "!items!4pvAxqw2DpgjPcnG"
}
