{
  "folder": "HEECJeAhw0SNUJbI",
  "name": "Запах текучої води",
  "type": "gift",
  "_id": "6u2KAR4cK2Fd8WZl",
  "img": "modules/werewolf-the-apocalypse-5e-compendium-ukr/packs/assets/W5AuspiceRagabash.png",
  "system": {
    "description": "Використання цього Дару дозволяє Гару стати невідстежуваним звичайними засобами, а також ускладнює надприродне відстеження. Цей Дар дарує дух лисиці.\n\nРепутація: Мудрість\n\nЦіна: Безкоштовно / 1 Сили Волі\n\nДія: Додаткова\n\nПул: —\n\nСистема: Після активації Дару Гару не залишає жодних фізичних слідів свого перебування (відбитки, порушена рослинність, сліди ДНК тощо). Гару також отримує бонус, що дорівнює його Мудрості, до будь-якої перевірки на уникнення надприродного відстеження. Активація цього Дару є безкоштовною, але витративши 1 Сили Волі, гравець може поширити його дію на зграю свого персонажа на одну сцену. Цей Дар також можна використовувати у формі Вовка.\n\nТривалість: Одна сцена",
    "bonuses": [],
    "giftType": "ragabash",
    "renown": "wisdom",
    "level": 5,
    "cost": 0,
    "willpowercost": 1,
    "action": "",
    "dicepool": {},
    "duration": "",
    "gamesystem": "werewolf",
    "macroid": ""
  },
  "effects": [],
  "sort": 0,
  "ownership": {
    "default": 0,
    "zzaXLX6rQo9UZdTe": 3,
    "fFnQnXT35gLXdlH1": 3
  },
  "flags": {
    "vtm5e": {
      "dataItemId": "gift-scent-of-running-water"
    }
  },
  "_stats": {
    "compendiumSource": null,
    "duplicateSource": null,
    "exportSource": null,
    "coreVersion": "13.346",
    "systemId": "vtm5e",
    "systemVersion": "5.1.4",
    "createdTime": 1754598800370,
    "modifiedTime": 1754598800370,
    "lastModifiedBy": "fFnQnXT35gLXdlH1"
  },
  "_key": "!items!6u2KAR4cK2Fd8WZl"
}
