{
  "folder": "MQwDrLIz7TpFeHCN",
  "name": "Звіряча регресія",
  "type": "gift",
  "_id": "YRw6QqkFLLBWKVRg",
  "img": "modules/werewolf-the-apocalypse-5e-compendium-ukr/packs/assets/W5TribeRedTalons.png",
  "system": {
    "description": "Спрямовуючи силу Вирію в суб'єкта, Гару зводить розум своєї цілі до тваринного. Використання цього Дару на інших Гару вважається жахливим порушенням, і відплата зазвичай є швидкою та страшною. Лише ті, хто достатньо знається на залучених духах, здатні виставити значний захист проти цих ефектів. Цьому Дару навчають різні ґафлінґи Вирію.\n\nРепутація: Слава\n\nЦіна: 1 Лють\n\nДія: Повна\n\nПул: Інтелект + Слава проти Зосередженість + Окультизм\n\nСистема: Дар може бути спрямований на будь-кого в полі зору користувача, гравець якого повинен зробити перевірку Інтелект + Слава проти Зосередженість + Окультизм цілі. За кожен успіх у перевазі ціль втрачає одну крапку одного зі своїх Розумових Атрибутів, хоча жоден Атрибут не може опуститися нижче 0. Ефекти тривають до кінця історії, хоча іноді можуть стати постійними на розсуд Розповідача.\n\nТривалість: Одна історія",
    "bonuses": [],
    "giftType": "redtalon",
    "renown": "glory",
    "level": 9,
    "cost": 1,
    "willpowercost": 0,
    "action": "",
    "dicepool": {
      "45SxjRme": {
        "path": "attributes.intelligence"
      },
      "VV9ZdLVl": {
        "path": "renown.glory"
      }
    },
    "duration": "",
    "gamesystem": "werewolf",
    "macroid": ""
  },
  "effects": [],
  "sort": 0,
  "ownership": {
    "default": 0,
    "zzaXLX6rQo9UZdTe": 3,
    "fFnQnXT35gLXdlH1": 3
  },
  "flags": {
    "vtm5e": {
      "dataItemId": "gift-feral-regression"
    }
  },
  "_stats": {
    "compendiumSource": null,
    "duplicateSource": null,
    "exportSource": null,
    "coreVersion": "13.346",
    "systemId": "vtm5e",
    "systemVersion": "5.1.4",
    "createdTime": 1754598802991,
    "modifiedTime": 1754598802991,
    "lastModifiedBy": "fFnQnXT35gLXdlH1"
  },
  "_key": "!items!YRw6QqkFLLBWKVRg"
}
