{
  "folder": "5BYcCq5IZOn5CqL5",
  "name": "Згуба клятвопорушника",
  "type": "gift",
  "_id": "V2UxTwpUZjCknf3T",
  "img": "modules/werewolf-the-apocalypse-5e-compendium-ukr/packs/assets/W5AuspicePhilodox.png",
  "system": {
    "description": "<p>Гару може прив'язати іншу особу до обіцянки і надприродно відчувати її дотримання. Щойно її порушено, користувач дізнається про це. Цей Дар дарує дух слона або дух змії.</p><p>Репутація: Честь</p><p>Вартість: 1 Сила Волі</p><p>Дія: Повна</p><p>Пул: —</p><p>Система: Суб'єкт має особисто дати клятву користувачу. Клятва має бути такою, щоб той, хто її дає, і розумів, і приймав її. Вона може бути настільки стислою або детальною, наскільки бажає користувач Дару, але обіцянка залишається чинною, доки і творець клятви, і той, хто її дав, пам'ятають про неї. Тому нерідко творець клятви розшукує того, хто її дав, щоб нагадати про обіцянку. Гару негайно відчуває порушення клятви, незалежно від відстані чи часу, що минув. Після цього будь-яка спроба користувача вистежити порушника клятви дає гравцеві бонусні кістки в кількості, що дорівнює Честі Гару.</p><p>Тривалість: Безстроково або до порушення клятви</p>",
    "bonuses": [],
    "giftType": "philodox",
    "renown": "honor",
    "level": 8,
    "cost": 0,
    "willpowercost": 1,
    "action": "",
    "dicepool": {},
    "duration": "",
    "gamesystem": "werewolf",
    "macroid": ""
  },
  "effects": [],
  "sort": 0,
  "ownership": {
    "default": 0,
    "zzaXLX6rQo9UZdTe": 3,
    "fFnQnXT35gLXdlH1": 3
  },
  "flags": {
    "vtm5e": {
      "dataItemId": "gift-oathbreaker's-bane"
    }
  },
  "_stats": {
    "compendiumSource": null,
    "duplicateSource": null,
    "exportSource": null,
    "coreVersion": "13.346",
    "systemId": "vtm5e",
    "systemVersion": "5.1.4",
    "createdTime": 1754598800370,
    "modifiedTime": 1754598800370,
    "lastModifiedBy": "fFnQnXT35gLXdlH1"
  },
  "_key": "!items!V2UxTwpUZjCknf3T"
}
