{
  "folder": "9akPN6BupTnPv4lP",
  "name": "Згуба клятвопорушника",
  "type": "gift",
  "_id": "zNTAYIQQsRakQnv7",
  "img": "modules/werewolf-the-apocalypse-5e-compendium-ukr/packs/assets/W5TribeGalestalkers.png",
  "system": {
    "description": "Гару може прив'язати іншу особу до обіцянки та надприродно відчувати її дотримання. В мить, коли обіцянку порушують, користувач про це дізнається. Цей Дар дарує дух слона або дух змії.\n\nРепутація: Честь\n\nВартість: 1 Сила Волі\n\nДія: Повна\n\nПул: —\n\nСистема: Особа має дати клятву особисто користувачеві. Клятва має бути чимось, що той, хто її дає, розуміє та приймає. Вона може бути настільки стислою чи детальною, наскільки забажає користувач Дару, але обіцянка залишається чинною, доки і творець клятви, і той, хто її дав, пам'ятають про неї. Тому творець клятви нерідко розшукує того, хто її дав, щоб нагадати про обіцянку. Гару негайно відчуває порушення клятви, незалежно від відстані чи часу, що минув. Після цього будь-яка спроба користувача вистежити порушника клятви дає гравцеві бонусні кістки, кількість яких дорівнює Честі Гару.\n\nТривалість: Безстроково або до порушення клятви",
    "bonuses": [],
    "giftType": "galestalker",
    "renown": "honor",
    "level": 9,
    "cost": 0,
    "willpowercost": 1,
    "action": "",
    "dicepool": {},
    "duration": "",
    "gamesystem": "werewolf",
    "macroid": ""
  },
  "effects": [],
  "sort": 0,
  "ownership": {
    "default": 0,
    "zzaXLX6rQo9UZdTe": 3,
    "fFnQnXT35gLXdlH1": 3
  },
  "flags": {
    "vtm5e": {
      "dataItemId": "gift-oathbreaker's-bane"
    }
  },
  "_stats": {
    "compendiumSource": null,
    "duplicateSource": null,
    "exportSource": null,
    "coreVersion": "13.346",
    "systemId": "vtm5e",
    "systemVersion": "5.1.4",
    "createdTime": 1754598802991,
    "modifiedTime": 1754598802991,
    "lastModifiedBy": "fFnQnXT35gLXdlH1"
  },
  "_key": "!items!zNTAYIQQsRakQnv7"
}
