{
  "folder": "CMJdU3indViQqPZw",
  "name": "Золотий Шлях",
  "type": "gift",
  "_id": "YnzO4K4CwODgt1u6",
  "img": "modules/werewolf-the-apocalypse-5e-compendium-ukr/packs/assets/W5TribeSilentStriders.png",
  "system": {
    "description": "Гару здатен відчути найбезпечніший шлях через небезпечну місцевість, як-от мінне поле чи звивисті незнайомі вулиці, слідуючи за вказівками місцевих духів. Цей Дар не створює шлях там, де його немає, але може схилити шальки терезів на користь Гару та його зграї. Цей Дар дарує дух мурахи.\n\nРепутація: Мудрість\n\nВартість: 1 Сила Волі\n\nДія: Повна\n\nПул: —\n\nСистема: Після активації цього Дару гравець Гару може додати Мудрість персонажа до будь-якої перевірки, пов'язаної з переміщенням по місцевості, що містить статичні небезпеки або перешкоди. Це може допомогти уникнути мін, розтяжок, камер або нестабільної місцевості, а також пройти лабіринт, однак цей бонус не діє при спробі уникнути охоронців чи інших свідомих істот. Якщо користувач Дару може спілкуватися з членами своєї зграї, він може надати цей бонус і їм. Цей Дар можна використовувати в будь-якій формі.\n\nТривалість: Одна сцена",
    "bonuses": [],
    "giftType": "silentstrider",
    "renown": "wisdom",
    "level": 9,
    "cost": 0,
    "willpowercost": 1,
    "action": "",
    "dicepool": {},
    "duration": "",
    "gamesystem": "werewolf",
    "macroid": ""
  },
  "effects": [],
  "sort": 0,
  "ownership": {
    "default": 0,
    "zzaXLX6rQo9UZdTe": 3,
    "fFnQnXT35gLXdlH1": 3
  },
  "flags": {
    "vtm5e": {
      "dataItemId": "gift-the-golden-path"
    }
  },
  "_stats": {
    "compendiumSource": null,
    "duplicateSource": null,
    "exportSource": null,
    "coreVersion": "13.346",
    "systemId": "vtm5e",
    "systemVersion": "5.1.4",
    "createdTime": 1754598802991,
    "modifiedTime": 1754598802991,
    "lastModifiedBy": "fFnQnXT35gLXdlH1"
  },
  "_key": "!items!YnzO4K4CwODgt1u6"
}
