{
  "folder": "XFrvyoLnX79HCXNr",
  "name": "Зупини втечу боягуза",
  "type": "gift",
  "_id": "8giPvMjyQEWE0roL",
  "img": "modules/werewolf-the-apocalypse-5e-compendium-ukr/packs/assets/W5TribeBlackFuries.png",
  "system": {
    "description": "Гару може сповільнити ціль, що тікає, змушуючи її ноги підкошуватися, землю під ногами розм'якати, а шини пробуксовувати. Цей Дар дарує болотяний дух.\n\nРепутація: Честь\n\nВартість: 1 перевірка Люті\n\nДія: Повна\n\nПул: Зосередженість + Честь проти Стриманість + Виживання\n\nСистема: Гару видає страхітливе виття, спрямоване на видиму ціль, що тікає від нього чи члена його зграї і перебуває в межах 50 метрів. Швидкість пересування жертви цього Дару знижується до швидкості ходи, доки вона намагається втекти від користувача. Цілі в повітрі притягуються до землі. Дар автоматично спрацьовує на звичайних людях, транспортних засобах і тваринах. Надприродні жертви, як-от вампір або інший перевертень, мають бути переможені в перевірці Зосередженість + Честь проти Стриманість + Виживання. (На розсуд Розповідача, надзвичайно вмотивовані або іншим чином підготовлені люди можуть чинити опір аналогічним чином.)\n\nТривалість: Одна сцена",
    "bonuses": [],
    "giftType": "blackfury",
    "renown": "honor",
    "level": 3,
    "cost": 1,
    "willpowercost": 0,
    "action": "",
    "dicepool": {},
    "duration": "",
    "gamesystem": "werewolf",
    "macroid": ""
  },
  "effects": [],
  "sort": 0,
  "ownership": {
    "default": 0,
    "zzaXLX6rQo9UZdTe": 3,
    "fFnQnXT35gLXdlH1": 3
  },
  "flags": {
    "vtm5e": {
      "dataItemId": "gift-halt-the-coward's-flight"
    }
  },
  "_stats": {
    "compendiumSource": null,
    "duplicateSource": null,
    "exportSource": null,
    "coreVersion": "13.346",
    "systemId": "vtm5e",
    "systemVersion": "5.1.4",
    "createdTime": 1754598802991,
    "modifiedTime": 1754598802991,
    "lastModifiedBy": "fFnQnXT35gLXdlH1"
  },
  "_key": "!items!8giPvMjyQEWE0roL"
}
