{
  "folder": "9akPN6BupTnPv4lP",
  "name": "Кігті крижаної смерті",
  "type": "gift",
  "_id": "WKpwb72e0uo4LgEE",
  "img": "modules/werewolf-the-apocalypse-5e-compendium-ukr/packs/assets/W5TribeGalestalkers.png",
  "system": {
    "description": "<p>Пазурі Гару вкриваються памороззю, що проймає смертельним холодом до кісток кожного, кого ранить користувач. Під дією цього ефекту жертва стає млявою, що полегшує наступні атаки. Цей Дар дарує дух льоду або зими.</p><p>Репутація: Честь</p><p>Вартість: Безплатно / 1 Лють</p><p>Дія: Безплатна / незначна</p><p>Кидок: Кмітливість + Честь проти Витривалість + Виживання</p><p>Система: Цей Дар є безплатним і миттєвим, доки користувач перебуває у формі Крінос. Коли ціль вперше отримує ушкодження від пазурів Гару, доки цей Дар активний, гравець робить перевірку Кмітливість + Честь проти Витривалості + Виживання цілі. У разі перемоги ціль замерзає, отримуючи штраф у дві кістки на захист чи ухилення від майбутніх фізичних атак.</p><p>Тривалість: Одна сцена</p><p>Дари Пазурів</p><blockquote><p>Деякі Дари змінюють пазурі Гару або надають їм переваги. Лише один Дар пазурів може бути активним у Гару одночасно, і використання іншого Дару пазурів до того, як закінчиться дія попереднього, замінює його ефект.</p></blockquote>",
    "bonuses": [],
    "giftType": "galestalker",
    "renown": "honor",
    "level": 9,
    "cost": 1,
    "willpowercost": 0,
    "action": "",
    "dicepool": {
      "nk6SmWCW": {
        "path": "attributes.wits"
      },
      "u8VdvVth": {
        "path": "renown.honor"
      }
    },
    "duration": "",
    "gamesystem": "werewolf",
    "macroid": ""
  },
  "effects": [],
  "sort": 0,
  "ownership": {
    "default": 0,
    "zzaXLX6rQo9UZdTe": 3,
    "fFnQnXT35gLXdlH1": 3
  },
  "flags": {
    "vtm5e": {
      "dataItemId": "gift-claws-of-frozen-death"
    }
  },
  "_stats": {
    "compendiumSource": null,
    "duplicateSource": null,
    "exportSource": null,
    "coreVersion": "13.346",
    "systemId": "vtm5e",
    "systemVersion": "5.1.4",
    "createdTime": 1754598802991,
    "modifiedTime": 1754598802991,
    "lastModifiedBy": "fFnQnXT35gLXdlH1"
  },
  "_key": "!items!WKpwb72e0uo4LgEE"
}
