{
  "folder": "q5NfOoDdnzYd2xfh",
  "name": "Команда",
  "type": "gift",
  "_id": "IdTQszLTngKLhOyf",
  "img": "modules/werewolf-the-apocalypse-5e-compendium-ukr/packs/assets/W5AuspiceTheurge.png",
  "system": {
    "description": "Цей Дар дозволяє Гару підкоряти духа, віддаючи накази, яких той мусить слухатися. Однак, цей Дар не дозволяє Гару викликати духів за бажанням. Більшість духів ображаються, коли до них застосовують цей Дар, а кмітливі духи часто намагаються спотворити намір, перекручуючи слова наказу на свою користь — або на біду користувача. Цей Дар надає аватар Інкарни.\n\nРепутація: Честь\n\nЦіна: 1 Сила Волі\n\nДія: Повна\n\nПул: Харизма + Честь проти Сили\n\nСистема: Дух має бути присутнім і перебувати в тому ж царстві (фізичному чи духовному), що й користувач. Для кожного наказу гравець повинен перемогти духа у змаганні Харизма + Честь проти Сили. Духам не можна наказувати завдавати шкоди собі чи будь-чому, до чого вони прив'язані або чим володіють, а також не можна наказувати їм покинути прив'язаний чи одержимий об'єкт або істоту.\n\nТривалість: Одна сцена",
    "bonuses": [],
    "giftType": "theurge",
    "renown": "honor",
    "level": 8,
    "cost": 0,
    "willpowercost": 1,
    "action": "",
    "dicepool": {
      "Xl41CSUy": {
        "path": "attributes.charisma"
      },
      "eEymND0m": {
        "path": "renown.honor"
      }
    },
    "duration": "",
    "gamesystem": "werewolf",
    "macroid": ""
  },
  "effects": [],
  "sort": 0,
  "ownership": {
    "default": 0,
    "zzaXLX6rQo9UZdTe": 3,
    "fFnQnXT35gLXdlH1": 3
  },
  "flags": {
    "vtm5e": {
      "dataItemId": "gift-command"
    }
  },
  "_stats": {
    "compendiumSource": null,
    "duplicateSource": null,
    "exportSource": null,
    "coreVersion": "13.346",
    "systemId": "vtm5e",
    "systemVersion": "5.1.4",
    "createdTime": 1754598800370,
    "modifiedTime": 1754598800370,
    "lastModifiedBy": "fFnQnXT35gLXdlH1"
  },
  "_key": "!items!IdTQszLTngKLhOyf"
}
