{
  "folder": "1Xy29R44XDHUdInL",
  "name": "Котячі лапи",
  "type": "gift",
  "_id": "rCp6meVhWEL7Lofx",
  "img": "modules/werewolf-the-apocalypse-5e-compendium-ukr/packs/assets/gift.png",
  "system": {
    "description": "<p>Гару отримує надприродну рівновагу та спритність, а також здатність виживати після падіння з великої висоти. Вузькі, слизькі або рухомі поверхні майже не створюють труднощів, і перевертень може пересуватися ними з однаковою легкістю. Цей Дар дарує дух-кіт.</p><p>Репутація: Честь</p><p>Вартість: 1 Сила волі</p><p>Дія: Безкоштовна</p><p>Кістки: Немає (Кмітливість + Виживання для рефлекторної активації)</p><p>Система: Гару автоматично досягає успіху в будь-якій спробі втримати рівновагу на будь-якій поверхні, за умови, що ця поверхня може витримати його вагу. Він стає невразливим до шкоди від падіння з висоти, що дорівнює його показнику Честі, помноженому на 10 метрів. Якщо його застали зненацька, Гару може рефлекторно активувати цей Дар, пройшовши перевірку Кмітливість + Виживання зі складністю 3. Цей Дар можна використовувати в будь-якій формі.</p><p>Тривалість: Одна сцена</p>",
    "bonuses": [],
    "giftType": "native",
    "renown": "honor",
    "level": 1,
    "cost": 0,
    "willpowercost": 1,
    "action": "",
    "dicepool": {
      "6DzQNLEO": {
        "path": "attributes.wits"
      },
      "5eLiJxhs": {
        "path": "skills.survival"
      }
    },
    "duration": "",
    "gamesystem": "werewolf",
    "macroid": ""
  },
  "effects": [],
  "sort": 0,
  "ownership": {
    "default": 0,
    "zzaXLX6rQo9UZdTe": 3,
    "fFnQnXT35gLXdlH1": 3
  },
  "flags": {
    "vtm5e": {
      "dataItemId": "gift-catfeet"
    }
  },
  "_stats": {
    "compendiumSource": null,
    "duplicateSource": null,
    "exportSource": null,
    "coreVersion": "13.346",
    "systemId": "vtm5e",
    "systemVersion": "5.1.4",
    "createdTime": 1754598801605,
    "modifiedTime": 1754598801605,
    "lastModifiedBy": "fFnQnXT35gLXdlH1"
  },
  "_key": "!items!rCp6meVhWEL7Lofx"
}
