{
  "folder": "p5HTLPPJamJlhepE",
  "name": "Кров Зграї",
  "type": "gift",
  "img": "modules/werewolf-the-apocalypse-5e-compendium-ukr/packs/assets/W5TribeSilverFangs.png",
  "system": {
    "description": "Гару стає провідником для Люті, пов'язуючи лють членів своєї зграї один з одним і дозволяючи їм усім ділитися запасами Люті один одного. Цей Дар дарує дух-оса.\n\nРепутація: Честь\n\nВартість: 1 Перевірка Люті\n\nДія: Вільна\n\nПул: —\n\nСистема: Поки цей Дар активний, члени зграї можуть робити Перевірки Люті один за одного. Загальна кількість Перевірок Люті, які можна зробити таким чином, дорівнює Честі користувача Дару. Кров Зграї не можна використовувати, якщо в тій самій сцені було використано Єдність Зграї. Цей Дар можна використовувати в будь-якій формі.\n\nТривалість: Один хід",
    "bonuses": [],
    "giftType": "silverfang",
    "renown": "honor",
    "level": 6,
    "cost": 1,
    "willpowercost": 0,
    "action": "",
    "dicepool": {},
    "duration": "",
    "gamesystem": "werewolf",
    "macroid": ""
  },
  "effects": [],
  "ownership": {
    "default": 0,
    "zzaXLX6rQo9UZdTe": 3,
    "fFnQnXT35gLXdlH1": 3
  },
  "flags": {
    "vtm5e": {
      "dataItemId": "gift-blood-of-the-pack"
    }
  },
  "_stats": {
    "compendiumSource": null,
    "duplicateSource": null,
    "exportSource": null,
    "coreVersion": "13.346",
    "systemId": "vtm5e",
    "systemVersion": "5.1.4",
    "createdTime": 1754598802991,
    "modifiedTime": 1754598802991,
    "lastModifiedBy": "fFnQnXT35gLXdlH1"
  },
  "_id": "CAbIfyKEfwaBHEyp",
  "sort": 100000,
  "_key": "!items!CAbIfyKEfwaBHEyp"
}
