{
  "folder": "9akPN6BupTnPv4lP",
  "name": "Кров Пусток",
  "type": "gift",
  "_id": "WwuMUmT1Cpu7JN1r",
  "img": "modules/werewolf-the-apocalypse-5e-compendium-ukr/packs/assets/W5TribeGalestalkers.png",
  "system": {
    "description": "<p>Гару стає єдиним зі стихіями, здатним вижити у найбезпліднішій тундрі чи смертоносній хуртовині. Цей Дар дарує дух витривалої тварини, що впадає в сплячку чи брумацію, наприклад, дух ведмедя чи черепахи.</p><p>Репутація: Честь</p><p>Вартість: Безкоштовно</p><p>Дія: Повна</p><p>Пул: —</p><p>Система: Користувач невразливий до будь-яких, крім найекстремальніших, умов довкілля і здатний виживати протягом тривалого часу або подорожувати без притулку. Гравець користувача може додати свою Честь до будь-якої перевірки Виживання для пошуку їжі чи води. Користувач стійкий до штрафів від довкілля, зменшуючи їх на значення своєї Честі. Цей Дар можна використовувати в будь-якій формі.</p><p>Тривалість: —</p>",
    "bonuses": [],
    "giftType": "galestalker",
    "renown": "honor",
    "level": 9,
    "cost": 0,
    "willpowercost": 0,
    "action": "",
    "dicepool": {},
    "duration": "",
    "gamesystem": "werewolf",
    "macroid": ""
  },
  "effects": [],
  "sort": 0,
  "ownership": {
    "default": 0,
    "zzaXLX6rQo9UZdTe": 3,
    "fFnQnXT35gLXdlH1": 3
  },
  "flags": {
    "vtm5e": {
      "dataItemId": "gift-blood-of-the-wastes"
    }
  },
  "_stats": {
    "compendiumSource": null,
    "duplicateSource": null,
    "exportSource": null,
    "coreVersion": "13.346",
    "systemId": "vtm5e",
    "systemVersion": "5.1.4",
    "createdTime": 1754598802991,
    "modifiedTime": 1754598802991,
    "lastModifiedBy": "fFnQnXT35gLXdlH1"
  },
  "_key": "!items!WwuMUmT1Cpu7JN1r"
}
