{
  "folder": "3FtVML9BxUF8x40K",
  "name": "Крадійські кігті сороки",
  "type": "gift",
  "_id": "FSLPq46SlDp4sN2P",
  "img": "modules/werewolf-the-apocalypse-5e-compendium-ukr/packs/assets/W5AuspiceRagabash.png",
  "system": {
    "description": "Гару може красти надприродні сили — Дари перевертнів, кровні прокляття вампірів або інші їхні еквіваленти — у інших для власного використання. Поки ці сили перебувають у володінні користувача, вони недоступні для початкового власника. Цей Дар дарує дух сороки.\n\nРепутація: Честь\n\nВартість: 1 Сила волі\n\nДія: Повна\n\nПул: Інтелект + Честь\n\nСистема: Цей Дар може бути націлений на надприродну силу чи здатність будь-кого в полі зору користувача, якому достатньо лише побачити, як суб'єкт використовує цю силу. Ця здатність має бути вивченою, а не вродженою для цілі. (Наприклад, Дар Гару можна вкрасти, а його здатність змінювати форму — ні.) Гравець робить перевірку Інтелект + Честь проти рейтингу сили: Рангу Дару або відповідного значення для іншої надприродної цілі. (Якщо рейтингу не існує, Розповідач повинен призначити відповідну Складність.) У разі успіху ціль втрачає силу, а будь-які ефекти, що походять від неї, негайно припиняються. Починаючи з наступного ходу, перевертень може використовувати цю силу так, ніби це його власний Дар, замінюючи Честь на будь-яку потрібну Рису, що не належить Гару. На початку кожного наступного ходу необхідно витратити очко Сили волі, інакше сила повертається до початкового власника.\n\nТривалість: Один хід за кожну витрачену Силу волі",
    "bonuses": [],
    "giftType": "ragabash",
    "renown": "honor",
    "level": 8,
    "cost": 0,
    "willpowercost": 1,
    "action": "",
    "dicepool": {
      "inuwKN9m": {
        "path": "attributes.intelligence"
      },
      "5jA1U5mr": {
        "path": "renown.honor"
      }
    },
    "duration": "",
    "gamesystem": "werewolf",
    "macroid": ""
  },
  "effects": [],
  "sort": 0,
  "ownership": {
    "default": 0,
    "zzaXLX6rQo9UZdTe": 3,
    "fFnQnXT35gLXdlH1": 3
  },
  "flags": {
    "vtm5e": {
      "dataItemId": "gift-thieving-talons-of-the-magpie"
    }
  },
  "_stats": {
    "compendiumSource": null,
    "duplicateSource": null,
    "exportSource": null,
    "coreVersion": "13.346",
    "systemId": "vtm5e",
    "systemVersion": "5.1.4",
    "createdTime": 1754598800370,
    "modifiedTime": 1754598800370,
    "lastModifiedBy": "fFnQnXT35gLXdlH1"
  },
  "_key": "!items!FSLPq46SlDp4sN2P"
}
