{
  "folder": "xFRr3wj5v7hjwpeF",
  "name": "Крижаний Плащ",
  "type": "gift",
  "_id": "Dc9MbHoKT6vlb6eO",
  "img": "modules/werewolf-the-apocalypse-5e-compendium-ukr/packs/assets/W5TribeGalestalkers.png",
  "system": {
    "description": "<p>Гару може маскувати тепло свого тіла та інші випромінювання, що робить його важким для виявлення, якщо не зовсім невидимим, для сучасних засобів спостереження. Дух-алігатор або інший дух холоднокровного хижака дарує цей Дар.</p><p>Репутація: Честь</p><p>Вартість: Безкоштовно / 1 Сила волі</p><p>Дія: Вільна / Повна</p><p>Пул: —</p><p>Система: Додайте Честь користувача Дару до будь-якої спроби Непомітності, Виживання або Крадіжки, щоб уникнути виявлення електронними засобами спостереження, включно з інфрачервоними камерами, детекторами руху та світловими датчиками. Звичайні камери все ще можуть їх помітити, за умови, що жива людина спостерігає за трансляцією, а суто механічні пристрої (наприклад, розтяжки) не зазнають впливу. Витративши 1 Силу волі та повний хід, користувач Дару може поширити його ефект на членів своєї Зграї в межах досяжності.</p><p>Тривалість: Одна сцена</p>",
    "bonuses": [],
    "giftType": "galestalker",
    "renown": "honor",
    "level": 6,
    "cost": 0,
    "willpowercost": 1,
    "action": "",
    "dicepool": {},
    "duration": "",
    "gamesystem": "werewolf",
    "macroid": ""
  },
  "effects": [],
  "sort": 0,
  "ownership": {
    "default": 0,
    "zzaXLX6rQo9UZdTe": 3,
    "fFnQnXT35gLXdlH1": 3
  },
  "flags": {
    "vtm5e": {
      "dataItemId": "gift-chill-cloak"
    }
  },
  "_stats": {
    "compendiumSource": null,
    "duplicateSource": null,
    "exportSource": null,
    "coreVersion": "13.346",
    "systemId": "vtm5e",
    "systemVersion": "5.1.4",
    "createdTime": 1754598802991,
    "modifiedTime": 1754598802991,
    "lastModifiedBy": "fFnQnXT35gLXdlH1"
  },
  "_key": "!items!Dc9MbHoKT6vlb6eO"
}
