{
  "folder": "qSJkEvhKYrWOo8pW",
  "name": "Лик Горгони",
  "type": "gift",
  "_id": "QQ7uykKPBl9XovKv",
  "img": "modules/werewolf-the-apocalypse-5e-compendium-ukr/packs/assets/W5TribeBlackFuries.png",
  "system": {
    "description": "<p>Цей жахливий легендарний Дар паралізує кожного, хто погляне в обличчя Гару. Жертви застигають на місці; хоча й не перетворюються на камінь, вони не здатні захищатися і повністю віддані на милість користувача. Цей Дар дарує аватар Горгони.</p><p>Репутація: Слава</p><p>Ціна: 1 Сила Волі</p><p>Дія: Повна</p><p>Дайс-пул: Харизма + Слава проти Кмітливість + Окультизм</p><p>Система: Користувач робить перевірку Харизма + Слава проти Кмітливість + Окультизм кожного, хто не відводить погляд. Жертви, які не змогли встояти, стають повністю паралізованими до кінця сцени, хоча надприродні істоти можуть звільнитися після одного ходу паралічу, витративши очко Сили Волі. Жертва, що звільнилася, не може бути паралізована знову до кінця сцени. Зауважте, що ефект достатньо повільний, щоб дати спостерігачам шанс відвести погляд, хоча нерозумні особи або ті, хто намагається зашкодити користувачеві, все одно можуть ризикнути.</p><p>Тривалість: Одна сцена</p>",
    "bonuses": [],
    "giftType": "blackfury",
    "renown": "glory",
    "level": 9,
    "cost": 0,
    "willpowercost": 1,
    "action": "",
    "dicepool": {
      "tRYJog9Y": {
        "path": "attributes.charisma"
      },
      "OPCzddHg": {
        "path": "renown.glory"
      }
    },
    "duration": "",
    "gamesystem": "werewolf",
    "macroid": ""
  },
  "effects": [],
  "sort": 0,
  "ownership": {
    "default": 0,
    "zzaXLX6rQo9UZdTe": 3,
    "fFnQnXT35gLXdlH1": 3
  },
  "flags": {
    "vtm5e": {
      "dataItemId": "gift-gorgon's-visage"
    }
  },
  "_stats": {
    "compendiumSource": null,
    "duplicateSource": null,
    "exportSource": null,
    "coreVersion": "13.346",
    "systemId": "vtm5e",
    "systemVersion": "5.1.4",
    "createdTime": 1754598802991,
    "modifiedTime": 1754598802991,
    "lastModifiedBy": "fFnQnXT35gLXdlH1"
  },
  "_key": "!items!QQ7uykKPBl9XovKv"
}
