{
  "folder": "1Xy29R44XDHUdInL",
  "name": "Лютий удар",
  "type": "gift",
  "_id": "hUKL6CJdaNGfKgEH",
  "img": "modules/werewolf-the-apocalypse-5e-compendium-ukr/packs/assets/gift.png",
  "system": {
    "description": "<p>Гару спрямовує свою Лють прямо у свої удари. Цей Дар дарує дух лютововка.</p><p>Репутація: Слава</p><p>Ціна: 1 Перевірка Люті</p><p>Дія: Вільна</p><p>Пул: —</p><p>Система: Гравець робить Перевірку Люті, щоб отримати бонусні кістки, що дорівнюють його Славі, для однієї атаки Навичкою Бійка.</p><p>Тривалість: Одна атака</p>",
    "bonuses": [],
    "giftType": "native",
    "renown": "glory",
    "level": 1,
    "cost": 1,
    "willpowercost": 0,
    "action": "",
    "dicepool": {
      "BFyGfAzD": {
        "path": "renown.glory"
      }
    },
    "duration": "",
    "gamesystem": "werewolf",
    "macroid": ""
  },
  "effects": [],
  "sort": 0,
  "ownership": {
    "default": 0,
    "zzaXLX6rQo9UZdTe": 3,
    "fFnQnXT35gLXdlH1": 3
  },
  "flags": {},
  "_stats": {
    "compendiumSource": null,
    "duplicateSource": null,
    "exportSource": null,
    "coreVersion": "13.346",
    "systemId": "vtm5e",
    "systemVersion": "5.1.4",
    "createdTime": 1754598801605,
    "modifiedTime": 1754598801605,
    "lastModifiedBy": "fFnQnXT35gLXdlH1"
  },
  "_key": "!items!hUKL6CJdaNGfKgEH"
}
