{
  "folder": "zrIOZl65hhtCHFTA",
  "name": "Мова Світу",
  "type": "gift",
  "_id": "3VmVtn6UZYSuPgCE",
  "img": "modules/werewolf-the-apocalypse-5e-compendium-ukr/packs/assets/W5TribeSilentStriders.png",
  "system": {
    "description": "Гару може говорити та читати будь-якою живою мовою, з якою стикається, хоча, ймовірно, він говоритиме з помітним акцентом. З часом він також здатний зрозуміти деякі частини мертвих мов, проте користувач не може розшифрувати будь-який навмисний код чи іншу форму заплутування. Цей Дар дарує дух-папуга.\n\nРепутація: Мудрість\n\nВартість: 1 Сила Волі\n\nДія: Повна\n\nПул: Інтелект + Мудрість\n\nСистема: Коли Гару стикається з мовою, якою він зазвичай не говорить, гравець може зробити перевірку Інтелект + Мудрість проти Складності, що залежить від поширеності мови. (Наприклад, китайська або будь-який варіант арабської матиме складність 2, табличка, написана незрозумілим діалектом шумерської — 4, а руни, викарбувані невідомою рукою до світанку людства — 5 і вище.) Цей Дар можна використовувати в будь-якій формі (проте розбірлива мова можлива лише у формі Гомід або Ґлабро).\n\nТривалість: Одна сцена",
    "bonuses": [],
    "giftType": "silentstrider",
    "renown": "wisdom",
    "level": 3,
    "cost": 0,
    "willpowercost": 1,
    "action": "",
    "dicepool": {
      "Xg1qlLTE": {
        "path": "attributes.intelligence"
      },
      "C1H2REp8": {
        "path": "renown.wisdom"
      }
    },
    "duration": "",
    "gamesystem": "werewolf",
    "macroid": ""
  },
  "effects": [],
  "sort": 0,
  "ownership": {
    "default": 0,
    "zzaXLX6rQo9UZdTe": 3,
    "fFnQnXT35gLXdlH1": 3
  },
  "flags": {
    "vtm5e": {
      "dataItemId": "gift-speech-of-the-world"
    }
  },
  "_stats": {
    "compendiumSource": null,
    "duplicateSource": null,
    "exportSource": null,
    "coreVersion": "13.346",
    "systemId": "vtm5e",
    "systemVersion": "5.1.4",
    "createdTime": 1754598802991,
    "modifiedTime": 1754598802991,
    "lastModifiedBy": "fFnQnXT35gLXdlH1"
  },
  "_key": "!items!3VmVtn6UZYSuPgCE"
}
