{
  "folder": "g78y9YteBy7n15CF",
  "name": "Обличчя в натовпі",
  "type": "gift",
  "_id": "hmuA6kdMyGtGqKsT",
  "img": "modules/werewolf-the-apocalypse-5e-compendium-ukr/packs/assets/W5TribeBoneGnawers.png",
  "system": {
    "description": "<p>Кліпни — і їх уже немає. Гару можуть приховати свою присутність у натовпі й ніби зникнути після незначної зміни зовнішності. Цей Дар наділяє дух таргана.</p><p>Репутація: Честь</p><p>Вартість: 1 Сила волі</p><p>Дія: Незначна</p><p>Пул: —</p><p>Система: Раз на сцену, сховавшись у натовпі, Гару може активувати цей Дар, щоб спробувати відірватися від будь-яких переслідувачів. Це додає їхню Честь до Складності будь-якої спроби помітити їх або слідувати за ними, доки вони перебувають у натовпі. Цей Дар можна використовувати лише у формі Гомід або (серед собак чи вовків) у формі Вовка.</p><p>Тривалість: Одна сцена</p>",
    "bonuses": [],
    "giftType": "bonegnawer",
    "renown": "honor",
    "level": 6,
    "cost": 0,
    "willpowercost": 1,
    "action": "",
    "dicepool": {},
    "duration": "",
    "gamesystem": "werewolf",
    "macroid": ""
  },
  "effects": [],
  "sort": 0,
  "ownership": {
    "default": 0,
    "zzaXLX6rQo9UZdTe": 3,
    "fFnQnXT35gLXdlH1": 3
  },
  "flags": {
    "vtm5e": {
      "dataItemId": "gift-face-in-the-crowd"
    }
  },
  "_stats": {
    "compendiumSource": null,
    "duplicateSource": null,
    "exportSource": null,
    "coreVersion": "13.346",
    "systemId": "vtm5e",
    "systemVersion": "5.1.4",
    "createdTime": 1754598802991,
    "modifiedTime": 1754598802991,
    "lastModifiedBy": "fFnQnXT35gLXdlH1"
  },
  "_key": "!items!hmuA6kdMyGtGqKsT"
}
