{
  "folder": "VY4Gfaux2TPUbYQ9",
  "name": "Огидний аромат",
  "type": "gift",
  "_id": "pghPognKLhGMXAdm",
  "img": "modules/werewolf-the-apocalypse-5e-compendium-ukr/packs/assets/W5TribeBoneGnawers.png",
  "system": {
    "description": "<p>Посилюючи свій природний запах, Гару випускає сморід, достатньо сильний, щоб відлякати будь-кого, крім найрішучіших. Цей Дар дарує дух-скунс.</p><p>Репутація: Честь</p><p>Вартість: 1 перевірка Люті</p><p>Дія: Незначна</p><p>Пул: —</p><p>Система: Будь-хто і будь-що, хто/що має нюх, окрім інших Кісткогризів, мусить витратити одиницю Сили Волі та успішно пройти перевірку Стриманість + Виживання проти Витривалість + Честь користувача, інакше буде змушений зупинитися, не досягнувши користувача. Цей Дар застосовується лише поза боєм, хоча завдяки йому вдалося уникнути багатьох фізичних сутичок. Цей Дар можна використовувати в будь-якій формі.</p><p>Тривалість: Одна сцена</p>",
    "bonuses": [],
    "giftType": "bonegnawer",
    "renown": "honor",
    "level": 3,
    "cost": 1,
    "willpowercost": 0,
    "action": "",
    "dicepool": {},
    "duration": "",
    "gamesystem": "werewolf",
    "macroid": ""
  },
  "effects": [],
  "sort": 0,
  "ownership": {
    "default": 0,
    "zzaXLX6rQo9UZdTe": 3,
    "fFnQnXT35gLXdlH1": 3
  },
  "flags": {
    "vtm5e": {
      "dataItemId": "gift-odious-aroma"
    }
  },
  "_stats": {
    "compendiumSource": null,
    "duplicateSource": null,
    "exportSource": null,
    "coreVersion": "13.346",
    "systemId": "vtm5e",
    "systemVersion": "5.1.4",
    "createdTime": 1754598802991,
    "modifiedTime": 1754598802991,
    "lastModifiedBy": "fFnQnXT35gLXdlH1"
  },
  "_key": "!items!pghPognKLhGMXAdm"
}
