{
  "folder": "k6ZhcZtVZba3fxBx",
  "name": "Очі Кобри",
  "type": "gift",
  "_id": "uK1KH3TpLwOrmynw",
  "img": "modules/werewolf-the-apocalypse-5e-compendium-ukr/packs/assets/W5AuspiceGalliard.png",
  "system": {
    "description": "<p>Встановивши зоровий контакт з об'єктом, Гару може притягнути жертву до себе однією лише силою своєї особистості. Цей Дар надає дух змії.</p><p>Репутація: Слава</p><p>Вартість: 1 Сила волі</p><p>Дія: Мала</p><p>Пул: Харизма + Слава проти Стриманість + Зосередженість</p><p>Система: Доки користувач підтримує зоровий контакт із жертвою, вона рухається до Гару, ніби в трансі, не виконуючи жодних інших дій, доки не опиниться на відстані витягнутої руки, після чого ефект припиняється. Інші надприродні істоти та люди, які знають про Гару та їхні сили, можуть спробувати протистояти Харизмі + Славі користувача за допомогою Стриманості + Зосередженості, але, потрапивши під дію Дару, вони не можуть відвести погляд. Щоб зловити погляд того, хто активно намагається уникнути погляду користувача Дару, потрібне змагання Зосередженості + Залякування користувача проти Кмітливості + Уважності цілі. Будь-яка спроба насильства щодо жертви руйнує ефект, як і інші небезпечні для життя ситуації, і жертва може, як зазвичай, намагатися ухилитися від атак.</p><p>Тривалість: Одна сцена або доки ефект не буде перервано, наприклад, коли жертва досягне користувача.</p>",
    "bonuses": [],
    "giftType": "galliard",
    "renown": "glory",
    "level": 5,
    "cost": 0,
    "willpowercost": 1,
    "action": "",
    "dicepool": {
      "fVh7dyEJ": {
        "path": "attributes.charisma"
      },
      "fqRvfzcN": {
        "path": "renown.glory"
      }
    },
    "duration": "",
    "gamesystem": "werewolf",
    "macroid": ""
  },
  "effects": [],
  "sort": 0,
  "ownership": {
    "default": 0,
    "zzaXLX6rQo9UZdTe": 3,
    "fFnQnXT35gLXdlH1": 3
  },
  "flags": {
    "vtm5e": {
      "dataItemId": "gift-eyes-of-the-cobra"
    }
  },
  "_stats": {
    "compendiumSource": null,
    "duplicateSource": null,
    "exportSource": null,
    "coreVersion": "13.346",
    "systemId": "vtm5e",
    "systemVersion": "5.1.4",
    "createdTime": 1754598800370,
    "modifiedTime": 1754598800370,
    "lastModifiedBy": "fFnQnXT35gLXdlH1"
  },
  "_key": "!items!uK1KH3TpLwOrmynw"
}
