{
  "folder": "zr6CgIDCOgQmoA0g",
  "name": "Підзарядка",
  "type": "gift",
  "img": "modules/werewolf-the-apocalypse-5e-compendium/packs/assets/W5TribeGlassWalkers.png",
  "system": {
    "description": "<p><span class=\"citation-81 citation-end-81\">Спрямовуючи свою Лють, Гару може живити будь-який справний пристрій, начебто він підключений до мережі або заправлений</span>. <span class=\"citation-80 citation-end-80\">Хоча це не дозволяє відремонтувати повністю знищену машину, вони можуть змусити працювати навіть пошкоджене обладнання, хоча б на кілька миттєвостей</span>.</p><p></p><div class=\"source-inline-chip-container ng-star-inserted\"><p><span class=\"citation-79\"><strong>Репутація:</strong></span><span class=\"citation-79 citation-end-79\"> Мудрість (Wisdom)</span></p><div class=\"source-inline-chip-container ng-star-inserted\"><p><span class=\"citation-78\"><strong>Ціна:</strong></span><span class=\"citation-78 citation-end-78\"> 1+ перевірка Люті (1+ Rage Checks)</span></p></div><div class=\"source-inline-chip-container ng-star-inserted\"><p><span class=\"citation-77\"><strong>Дія:</strong></span><span class=\"citation-77 citation-end-77\"> Повна (Full)</span></p><p><span class=\"citation-76\"><strong>Дайс-пул:</strong></span><span class=\"citation-76 citation-end-76\"> Рішучість + Мудрість (Resolve + Wisdom)</span></p><p><span class=\"citation-75\"><strong>Тривалість:</strong></span><span class=\"citation-75 citation-end-75\"> Одна сцена / Кількість ходів, що дорівнює різниці успіхів (One scene / Margin number of turns)</span></p><p></p></div></div><p><span class=\"citation-74\"><strong>Система:</strong></span><span class=\"citation-74 citation-end-74\"> Для живлення справного обладнання, такого як ноутбук або автомобіль, потрібна перевірка Люті, і на розсуд Оповідача можуть знадобитися додаткові перевірки, залежно від розміру машини</span>. <span class=\"citation-73 citation-end-73\">Якщо машина пошкоджена, необхідно зробити перевірку Рішучість + Мудрість проти Складності, що залежить від рівня пошкодження, і машина працюватиме протягом кількості ходів, що дорівнює кількості успіхів у різниці (margin)</span>. <span class=\"citation-72 citation-end-72\">Зауважте, що цей Дар, однак, не надає жодних знань щодо керування цільовим пристроєм</span></p>",
    "bonuses": [],
    "giftType": "glasswalker",
    "renown": "wisdom",
    "level": 6,
    "cost": 1,
    "willpowercost": 0,
    "action": "",
    "dicepool": {
      "1oHmWenP": {
        "path": "attributes.resolve"
      },
      "5aPmtgsQ": {
        "path": "renown.wisdom"
      }
    },
    "duration": "",
    "gamesystem": "werewolf",
    "macroid": ""
  },
  "effects": [],
  "ownership": {
    "default": 0,
    "zzaXLX6rQo9UZdTe": 3,
    "fFnQnXT35gLXdlH1": 3
  },
  "flags": {
    "vtm5e": {
      "dataItemId": "gift-energize"
    }
  },
  "_stats": {
    "compendiumSource": null,
    "duplicateSource": null,
    "exportSource": null,
    "coreVersion": "13.347",
    "systemId": "vtm5e",
    "systemVersion": "5.1.4",
    "createdTime": 1755476745644,
    "modifiedTime": 1755477005655,
    "lastModifiedBy": "fFnQnXT35gLXdlH1"
  },
  "_id": "X1Pk4QezOVudiSzw",
  "sort": 0,
  "_key": "!items!X1Pk4QezOVudiSzw"
}
