{
  "folder": "pwNyBSrhvJV7eFda",
  "name": "Пісня Павука",
  "type": "gift",
  "_id": "blDDGv1A44rqRoQ8",
  "img": "modules/werewolf-the-apocalypse-5e-compendium-ukr/packs/assets/W5AuspiceRagabash.png",
  "system": {
    "description": "<p>Прислухаючись до вібрацій павутиння Ткалі, перевертень може підслуховувати будь-яке словесне спілкування на відстані, незалежно від того, чи передається воно повітряним сигналом, чи через дротове з'єднання. Щоб підслухати розмову, Гару повинен знати, що вона відбувається, хоча йому не обов'язково знати особистості всіх учасників. Цей Дар дарує дух-Павук.</p><p>Репутація: Мудрість</p><p>Ціна: 1 Сила волі</p><p>Дія: Повна</p><p>Пул: Зосередженість + Мудрість</p><p>Система: Гравець за Гару робить перевірку Зосередженість + Мудрість, де кількість успіхів вказує, яку частину розмови йому вдалося вловити. Один успіх дає лише кілька уривчастих слів, тоді як п'ять або більше (або критична перемога) дозволяє користувачеві почути кожне слово і, можливо, навіть визначити, хто знаходиться на іншому кінці розмови. Для розмов по стаціонарних телефонах перевертень повинен прикласти вухо до телефонного дроту або шнура; щоб підслухати розмови по мобільному, йому достатньо лише бачити один із пристроїв, що використовується. Будь-яке шифрування збільшує Складність на 1 або більше. Цей Дар також можна використовувати у формі Гомід.</p><p>Тривалість: Одна сцена</p>",
    "bonuses": [],
    "giftType": "ragabash",
    "renown": "wisdom",
    "level": 2,
    "cost": 0,
    "willpowercost": 1,
    "action": "",
    "dicepool": {
      "i2gm8JoJ": {
        "path": "attributes.resolve"
      },
      "jLvn9DUV": {
        "path": "renown.wisdom"
      }
    },
    "duration": "",
    "gamesystem": "werewolf",
    "macroid": ""
  },
  "effects": [],
  "sort": 0,
  "ownership": {
    "default": 0,
    "zzaXLX6rQo9UZdTe": 3,
    "fFnQnXT35gLXdlH1": 3
  },
  "flags": {
    "vtm5e": {
      "dataItemId": "gift-spider's-song"
    }
  },
  "_stats": {
    "compendiumSource": null,
    "duplicateSource": null,
    "exportSource": null,
    "coreVersion": "13.346",
    "systemId": "vtm5e",
    "systemVersion": "5.1.4",
    "createdTime": 1754598800370,
    "modifiedTime": 1754598800370,
    "lastModifiedBy": "fFnQnXT35gLXdlH1"
  },
  "_key": "!items!blDDGv1A44rqRoQ8"
}
