{
  "folder": "k6ZhcZtVZba3fxBx",
  "name": "Пісня доблесті",
  "type": "gift",
  "_id": "qCUE1b4hHBvATy78",
  "img": "modules/werewolf-the-apocalypse-5e-compendium-ukr/packs/assets/W5AuspiceGalliard.png",
  "system": {
    "description": "<p>Співаючи про героїчні вчинки давніх Гару, власник Дару надихає своїх побратимів по Зграї. Ті, хто слухає, відчувають сплеск сили всередині себе, ніби сама Гея заохочує їх іти слідами легендарних перевертнів.</p><p>Репутація: Честь</p><p>Ціна: 1 перевірка Люті</p><p>Дія: Повна</p><p>Пул: Харизма + Честь</p><p>Система: Зробіть перевірку Дару зі Складністю 3. У разі успіху всі члени Зграї власника в межах чутності надихаються на величніші вчинки. Коли їхні гравці витрачають Силу Волі на перекидання кісток, вони можуть перекинути будь-яку кількість кісток у резерві, а не лише три (Брутальні результати все одно не можна перекидати, див. с. 133). Цей Дар можна використовувати лише один раз за сесію.</p><p>Тривалість: Одна сцена</p><p>Дари-Пісні</p><blockquote><p>Деякі Дари позначені як «Пісні». Лише одна Пісня може бути активною для Зграї протягом сцени, і будь-яка спроба члена Зграї заспівати іншу Пісню в тій самій сцені автоматично провалюється. Пісні є частиною культури та ідентичності Гару, і їх дарують духи легендарних перевертнів, якщо не зазначено інше.</p></blockquote>",
    "bonuses": [],
    "giftType": "galliard",
    "renown": "honor",
    "level": 5,
    "cost": 1,
    "willpowercost": 0,
    "action": "",
    "dicepool": {
      "zJ6utvPf": {
        "path": "attributes.charisma"
      },
      "COigw6Ex": {
        "path": "renown.honor"
      }
    },
    "duration": "",
    "gamesystem": "werewolf",
    "macroid": ""
  },
  "effects": [],
  "sort": 0,
  "ownership": {
    "default": 0,
    "zzaXLX6rQo9UZdTe": 3,
    "fFnQnXT35gLXdlH1": 3
  },
  "flags": {},
  "_stats": {
    "compendiumSource": null,
    "duplicateSource": null,
    "exportSource": null,
    "coreVersion": "13.346",
    "systemId": "vtm5e",
    "systemVersion": "5.1.4",
    "createdTime": 1754598800370,
    "modifiedTime": 1754598800370,
    "lastModifiedBy": "fFnQnXT35gLXdlH1"
  },
  "_key": "!items!qCUE1b4hHBvATy78"
}
