{
  "folder": "rddRDnXecqZwAEwr",
  "name": "Пісня Павука",
  "type": "gift",
  "_id": "Xryw7BSfo7j41Vx1",
  "img": "modules/werewolf-the-apocalypse-5e-compendium-ukr/packs/assets/W5TribeGlassWalkers.png",
  "system": {
    "description": "Прислухаючись до вібрацій павутини Ткалі, перевертень може підслуховувати будь-яку словесну розмову на відстані, незалежно від того, чи передається вона повітряним сигналом, чи через дротове з'єднання. Гару має знати, що розмова відбувається, аби підслухати її, хоча йому не потрібно знати особистості всіх учасників. Цей Дар надає дух Павука.\n\nРепутація: Мудрість\n\nВартість: 1 Сила Волі\n\nДія: Повна\n\nПул: Зосередженість + Мудрість\n\nСистема: Гравець Гару робить перевірку Зосередженість + Мудрість, де кількість успіхів вказує, яку частину розмови йому вдалося вловити. Один успіх дає лише кілька уривчастих слів, тоді як п'ять або більше (або критична перемога) дозволяють користувачеві почути кожне слово і, можливо, навіть визначити, хто перебуває на іншому кінці розмови. Для розмов по стаціонарних телефонах перевертень має прикласти вухо до телефонного дроту або шнура; щоб підслухати розмови по мобільному телефону, йому достатньо бачити один із пристроїв, що використовується. Будь-яке шифрування підвищує Складність на 1 або більше. Цей Дар також можна використовувати у формі Гомід.\n\nТривалість: Одна сцена",
    "bonuses": [],
    "giftType": "glasswalker",
    "renown": "wisdom",
    "level": 3,
    "cost": 0,
    "willpowercost": 1,
    "action": "",
    "dicepool": {
      "W73LJFs8": {
        "path": "attributes.resolve"
      },
      "wpL61RSO": {
        "path": "renown.wisdom"
      }
    },
    "duration": "",
    "gamesystem": "werewolf",
    "macroid": ""
  },
  "effects": [],
  "sort": 0,
  "ownership": {
    "default": 0,
    "zzaXLX6rQo9UZdTe": 3,
    "fFnQnXT35gLXdlH1": 3
  },
  "flags": {
    "vtm5e": {
      "dataItemId": "gift-spider's-song"
    }
  },
  "_stats": {
    "compendiumSource": null,
    "duplicateSource": null,
    "exportSource": null,
    "coreVersion": "13.346",
    "systemId": "vtm5e",
    "systemVersion": "5.1.4",
    "createdTime": 1754598802991,
    "modifiedTime": 1754598802991,
    "lastModifiedBy": "fFnQnXT35gLXdlH1"
  },
  "_key": "!items!Xryw7BSfo7j41Vx1"
}
