{
  "folder": "k6ZhcZtVZba3fxBx",
  "name": "Пісня Натхнення",
  "type": "gift",
  "_id": "1M2ZqcwO2277JEqs",
  "img": "modules/werewolf-the-apocalypse-5e-compendium-ukr/packs/assets/W5AuspiceGalliard.png",
  "system": {
    "description": "<p>Гару співає баладу, що оспівує творче використання певного знання чи здібності. Члени зграї, які намагаються здійснити подвиги в цій галузі, виявляють, що їхні здібності посилюються понад звичайний рівень.</p><p>Репутація: Мудрість</p><p>Вартість: 1 Сила Волі</p><p>Дія: Повна</p><p>Пул: Маніпулвання + Мудрість</p><p>Система: Гравець Гару обирає Соціальну або Ментальну Навичку і робить перевірку Дару зі Складністю 3, або 2, якщо сам користувач володіє Навичкою на 2 або більше крапок. У разі перемоги, інші члени зграї отримують бонусну кістку для перевірок цієї Навички. Критична перемога в перевірці Дару натомість дає бонус у дві кістки.</p><p>Тривалість: Одна сцена</p><p>Дари-Пісні</p><blockquote><p>Деякі Дари позначені як «Пісні». Лише одна Пісня може бути активною для зграї протягом сцени, і будь-яка спроба члена зграї заспівати іншу Пісню в тій самій сцені автоматично провалюється. Пісні є частиною культури та ідентичності Гару, і даруються духами легендарних перевертнів, якщо не зазначено інше.</p></blockquote>",
    "bonuses": [],
    "giftType": "galliard",
    "renown": "wisdom",
    "level": 5,
    "cost": 0,
    "willpowercost": 1,
    "action": "",
    "dicepool": {
      "JZEO4yVL": {
        "path": "attributes.manipulation"
      },
      "aUZ0MnXM": {
        "path": "renown.wisdom"
      }
    },
    "duration": "",
    "gamesystem": "werewolf",
    "macroid": ""
  },
  "effects": [],
  "sort": 0,
  "ownership": {
    "default": 0,
    "zzaXLX6rQo9UZdTe": 3,
    "fFnQnXT35gLXdlH1": 3
  },
  "flags": {
    "vtm5e": {
      "dataItemId": "gift-song-of-inspiration"
    }
  },
  "_stats": {
    "compendiumSource": null,
    "duplicateSource": null,
    "exportSource": null,
    "coreVersion": "13.346",
    "systemId": "vtm5e",
    "systemVersion": "5.1.4",
    "createdTime": 1754598800370,
    "modifiedTime": 1754598800370,
    "lastModifiedBy": "fFnQnXT35gLXdlH1"
  },
  "_key": "!items!1M2ZqcwO2277JEqs"
}
