{
  "folder": "3qo0U392FyrKSD13",
  "name": "Пісня натхнення",
  "type": "gift",
  "_id": "rd5Zmwyf2Pub7dXK",
  "img": "modules/werewolf-the-apocalypse-5e-compendium-ukr/packs/assets/W5TribeHartWardens.png",
  "system": {
    "description": "Гару співає баладу, що славить творче використання певного знання чи здібності. Члени Зграї, які намагаються виконати дії в цій галузі, виявляють, що їхні здібності посилені понад звичайний рівень.\n\nРепутація: Мудрість\n\nЦіна: 1 Сила Волі\n\nДія: Повна\n\nПул: Маніпулювання + Мудрість\n\nСистема: Гравець Гару обирає Соціальну або Розумову Навичку і робить перевірку Дару зі Складністю 3, або 2, якщо сам користувач володіє Навичкою на 2 або більше пунктів. У разі перемоги інші члени Зграї отримують бонусну Кістку для перевірок цієї Навички. Критичний успіх у перевірці Дару натомість дає бонус у дві Кістки.\n\nТривалість: Одна сцена\n\nДари-Пісні\n\nДеякі Дари позначені як «Пісні». Лише одна Пісня може бути активною для Зграї протягом сцени, і будь-яка спроба члена Зграї заспівати іншу Пісню в тій самій сцені автоматично провалюється. Пісні є частиною культури та ідентичності Гару, і, якщо не зазначено інше, їх дарують духи легендарних перевертнів.",
    "bonuses": [],
    "giftType": "hartwarden",
    "renown": "wisdom",
    "level": 6,
    "cost": 0,
    "willpowercost": 1,
    "action": "",
    "dicepool": {
      "MWigEvPi": {
        "path": "attributes.manipulation"
      },
      "HTVUOCdS": {
        "path": "renown.wisdom"
      }
    },
    "duration": "",
    "gamesystem": "werewolf",
    "macroid": ""
  },
  "effects": [],
  "sort": 0,
  "ownership": {
    "default": 0,
    "zzaXLX6rQo9UZdTe": 3,
    "fFnQnXT35gLXdlH1": 3
  },
  "flags": {
    "vtm5e": {
      "dataItemId": "gift-song-of-inspiration"
    }
  },
  "_stats": {
    "compendiumSource": null,
    "duplicateSource": null,
    "exportSource": null,
    "coreVersion": "13.346",
    "systemId": "vtm5e",
    "systemVersion": "5.1.4",
    "createdTime": 1754598802991,
    "modifiedTime": 1754598802991,
    "lastModifiedBy": "fFnQnXT35gLXdlH1"
  },
  "_key": "!items!rd5Zmwyf2Pub7dXK"
}
