{
  "folder": "gOgpixVpcisrbgX1",
  "name": "Потойбічний зір",
  "type": "gift",
  "_id": "sHYMPXdcoPmQ1iNz",
  "img": "modules/werewolf-the-apocalypse-5e-compendium-ukr/packs/assets/W5AuspiceTheurge.png",
  "system": {
    "description": "<p>Володар цього Дару отримує пророчі видіння — уривки умбрального пейзажу, майбутнього чи минулого, іноді уві сні, а іноді — наяву. Видіння рідко бувають чіткими і виглядають сновидними чи символічними, але вони можуть попереджати про безпосередню небезпеку або слугувати маяками перед лицем складного вибору. Дух снів наділяє цим Даром.</p><p>Репутація: Мудрість</p><p>Ціна: 1 Сила Волі або безкоштовно</p><p>Дія: Повна або вільна</p><p>Пул: Інтелект + Мудрість</p><p>Система: Пророчі видіння можуть з'являтися непрохано, і в такому разі Розповідач вирішує, коли і як вони проявляються. За бажанням Розповідач може попросити гравця зробити перевірку Інтелект + Мудрість, щоб розкрити підказки до історії або попередити про небезпеку, ступінь і чіткість яких визначається кількістю успіхів. Раз на сцену гравець також може спробувати викликати ці видіння навмисно, витративши очко Сили Волі. Тоді робиться аналогічна перевірка, і Розповідач розкриває підказки, чіткість і обсяг яких залежать від кількості успіхів.</p><p>Тривалість: —</p>",
    "bonuses": [],
    "giftType": "theurge",
    "renown": "wisdom",
    "level": 2,
    "cost": 0,
    "willpowercost": 1,
    "action": "",
    "dicepool": {
      "9xyib8Ye": {
        "path": "attributes.intelligence"
      },
      "t7d2ZoHi": {
        "path": "renown.wisdom"
      }
    },
    "duration": "",
    "gamesystem": "werewolf",
    "macroid": ""
  },
  "effects": [],
  "sort": 0,
  "ownership": {
    "default": 0,
    "zzaXLX6rQo9UZdTe": 3,
    "fFnQnXT35gLXdlH1": 3
  },
  "flags": {
    "vtm5e": {
      "dataItemId": "gift-sight-from-beyond"
    }
  },
  "_stats": {
    "compendiumSource": null,
    "duplicateSource": null,
    "exportSource": null,
    "coreVersion": "13.346",
    "systemId": "vtm5e",
    "systemVersion": "5.1.4",
    "createdTime": 1754598800370,
    "modifiedTime": 1754598800370,
    "lastModifiedBy": "fFnQnXT35gLXdlH1"
  },
  "_key": "!items!sHYMPXdcoPmQ1iNz"
}
