{
  "folder": "1Xy29R44XDHUdInL",
  "name": "Поєдинок поглядів",
  "type": "gift",
  "_id": "PmQEpEkh2LYEIMzU",
  "img": "modules/werewolf-the-apocalypse-5e-compendium-ukr/packs/assets/gift.png",
  "system": {
    "description": "<p>Незламним поглядом Гару утверджує себе як найвищого хижака, змушуючи людей чи тварин тремтіти або підкорятися. Інші надприродні істоти навряд чи поступляться, але навіть їх може похитнути палаючий погляд перевертня. Цей Дар дарує легендарний дух-вовк.</p><p>Репутація: Честь</p><p>Вартість: 1 перевірка Люті</p><p>Дія: Повна</p><p>Кидок: Харизма + Честь проти Стриманість + Зосередженість</p><p>Система: Цей Дар можна використати на будь-яку одну людину чи тварину в межах двох метрів, з якою Гару може встановити зоровий контакт. Дар автоматично діє на звичайних людей і тварин та змушує ціль зійти зі шляху перевертня, відводячи погляд, а то й відверто плазуючи. Надприродні істоти та люди, що знають про Гару та їхні сили, не зазнають впливу, якщо гравець не виграє перевірку Харизма + Честь проти Стриманість + Зосередженість. Цей Дар можна використати на ціль лише раз за сцену, і його не можна застосовувати під час фізичного конфлікту. Цей Дар можна використовувати в будь-якій формі.</p><p>Тривалість: Одна сцена</p>",
    "bonuses": [],
    "giftType": "native",
    "renown": "honor",
    "level": 1,
    "cost": 1,
    "willpowercost": 0,
    "action": "",
    "dicepool": {
      "bZjOvlbE": {
        "path": "attributes.charisma"
      },
      "iOBoXXxj": {
        "path": "renown.honor"
      }
    },
    "duration": "",
    "gamesystem": "werewolf",
    "macroid": ""
  },
  "effects": [],
  "sort": 0,
  "ownership": {
    "default": 0,
    "zzaXLX6rQo9UZdTe": 3,
    "fFnQnXT35gLXdlH1": 3
  },
  "flags": {},
  "_stats": {
    "compendiumSource": null,
    "duplicateSource": null,
    "exportSource": null,
    "coreVersion": "13.346",
    "systemId": "vtm5e",
    "systemVersion": "5.1.4",
    "createdTime": 1754598801605,
    "modifiedTime": 1754598801605,
    "lastModifiedBy": "fFnQnXT35gLXdlH1"
  },
  "_key": "!items!PmQEpEkh2LYEIMzU"
}
