{
  "folder": "6WbcnEtvMbn3cVLO",
  "name": "Повеління Духу",
  "type": "gift",
  "img": "modules/werewolf-the-apocalypse-5e-compendium-ukr/packs/assets/W5TribeSilverFangs.png",
  "system": {
    "description": "<p>Цей Дар дозволяє Гару домінувати над духом, віддаючи накази, яким той мусить коритися. Однак, цей Дар не дозволяє Гару викликати духів за бажанням. Більшість духів ображаються, коли до них застосовують цей Дар, а розумні духи часто намагаються спотворити намір, перекручуючи слова наказу на свою користь — або на шкоду користувачеві. Цей Дар дарує аватар Інкарни.</p><p>Репутація: Честь</p><p>Вартість: 1 Сила Волі</p><p>Дія: Повна</p><p>Пул: Харизма + Честь проти Могутності</p><p>Система: Дух має бути присутнім і перебувати в тій самій царині (фізичній чи духовній), що й користувач. За кожен наказ гравець повинен перемогти духа в перевірці Харизма + Честь проти Могутності. Духам не можна наказувати завдавати шкоди собі чи будь-чому, до чого вони прив'язані або чим володіють, і так само їм не можна наказувати покинути об'єкт чи істоту, до якої вони прив'язані або якою володіють.</p><p>Тривалість: Одна сцена</p>",
    "bonuses": [],
    "giftType": "silverfang",
    "renown": "honor",
    "level": 9,
    "cost": 0,
    "willpowercost": 1,
    "action": "",
    "dicepool": {
      "jQxeEzqd": {
        "path": "attributes.charisma"
      },
      "t1BtV8oB": {
        "path": "renown.honor"
      }
    },
    "duration": "",
    "gamesystem": "werewolf",
    "macroid": ""
  },
  "effects": [],
  "ownership": {
    "default": 0,
    "zzaXLX6rQo9UZdTe": 3,
    "fFnQnXT35gLXdlH1": 3
  },
  "flags": {
    "vtm5e": {
      "dataItemId": "gift-command-spirit"
    }
  },
  "_stats": {
    "compendiumSource": null,
    "duplicateSource": null,
    "exportSource": null,
    "coreVersion": "13.346",
    "systemId": "vtm5e",
    "systemVersion": "5.1.4",
    "createdTime": 1754598802991,
    "modifiedTime": 1754598802991,
    "lastModifiedBy": "fFnQnXT35gLXdlH1"
  },
  "_id": "ZxPZyp849cjwVupi",
  "sort": 100000,
  "_key": "!items!ZxPZyp849cjwVupi"
}
