{
  "folder": "KGE9wsG4mNpEC9Sn",
  "name": "Поцілунок Геліоса",
  "type": "gift",
  "img": "modules/werewolf-the-apocalypse-5e-compendium/packs/assets/W5AuspiceAhroun.png",
  "system": {
    "description": "<p><span class=\"citation-51 citation-end-51 interactive-span-hovered\">Звертаючись до духа сонця Геліоса, перевертень наповнюється надприродним жаром і стає майже невразливим до вогню та іншого термічного пошкодження</span>. <span class=\"citation-50 citation-end-50 interactive-span-hovered\">Цей Дар дарує дух сонячного променя</span>.</p><div class=\"source-inline-chip-container ng-star-inserted\"><p></p><p><strong>Репутація</strong>: Слава (Glory)</p><div><p><strong>Ціна</strong>: 1 перевірка Люті (1 Rage Check)</p><p><strong>Дія</strong>: Мала (Minor)</p></div><div><p><strong>Дайс-пул</strong>: —</p></div><div><p><strong>Тривалість</strong>: Одна сцена (One scene)</p></div><div class=\"source-inline-chip-container ng-star-inserted\"><p></p><p><span class=\"citation-44 interactive-span-hovered\"><strong>Система:</strong></span><span class=\"citation-44 citation-end-44 interactive-span-hovered\"> Протягом дії цього Дару перевертень не отримує пошкоджень від вогню та подібних джерел жару і зменшує пошкодження від сильніших джерел на величину своєї Слави за хід</span>. <span class=\"citation-43 citation-end-43 interactive-span-hovered\">Крім того, будь-хто, хто завдає удару користувачеві голіруч, отримує Поверхневе пошкодження (Superficial damage), що дорівнює Славі користувача, оскільки нападника обпікає тліюча шкіра перевертня</span>.</p></div></div>",
    "bonuses": [],
    "giftType": "ahroun",
    "renown": "glory",
    "level": 8,
    "cost": 1,
    "willpowercost": 0,
    "action": "",
    "dicepool": {},
    "duration": "",
    "gamesystem": "werewolf",
    "macroid": ""
  },
  "effects": [],
  "ownership": {
    "default": 0,
    "zzaXLX6rQo9UZdTe": 3,
    "fFnQnXT35gLXdlH1": 3
  },
  "flags": {
    "vtm5e": {
      "dataItemId": "gift-kiss-of-helios"
    }
  },
  "_stats": {
    "compendiumSource": null,
    "duplicateSource": null,
    "exportSource": null,
    "coreVersion": "13.347",
    "systemId": "vtm5e",
    "systemVersion": "5.1.4",
    "createdTime": 1755475941781,
    "modifiedTime": 1755476190046,
    "lastModifiedBy": "fFnQnXT35gLXdlH1"
  },
  "_id": "BSZc4aWw3kY7iPmV",
  "sort": 200000,
  "_key": "!items!BSZc4aWw3kY7iPmV"
}
