{
  "folder": "YoRsAJ5CphKRtKLu",
  "name": "Поцілунок Геліоса",
  "type": "gift",
  "_id": "311weOTbwiUMgTYm",
  "img": "modules/werewolf-the-apocalypse-5e-compendium-ukr/packs/assets/W5TribeHartWardens.png",
  "system": {
    "description": "<p>Звертаючись до духа сонця Геліоса, Гару наповнюється надприродним жаром і стає майже невразливим до вогню та інших пошкоджень від спеки. Цей Дар дарує дух сонячного променя.</p><p>Репутація: Слава</p><p>Вартість: 1 перевірка Люті</p><p>Дія: Незначна</p><p>Пул: —</p><p>Система: Протягом дії цього Дару Гару не зазнає шкоди від вогню та інших подібних джерел тепла, а шкоду від сильніших джерел зменшує на величину своєї Слави за хід. Крім того, кожен, хто б'є користувача голіруч, отримує Поверхневу шкоду, що дорівнює Славі користувача, оскільки нападник обпікається об тліючу шкіру Гару.</p><p>Тривалість: Одна сцена</p>",
    "bonuses": [],
    "giftType": "hartwarden",
    "renown": "glory",
    "level": 9,
    "cost": 1,
    "willpowercost": 0,
    "action": "",
    "dicepool": {},
    "duration": "",
    "gamesystem": "werewolf",
    "macroid": ""
  },
  "effects": [],
  "sort": 0,
  "ownership": {
    "default": 0,
    "zzaXLX6rQo9UZdTe": 3,
    "fFnQnXT35gLXdlH1": 3
  },
  "flags": {
    "vtm5e": {
      "dataItemId": "gift-kiss-of-helios"
    }
  },
  "_stats": {
    "compendiumSource": null,
    "duplicateSource": null,
    "exportSource": null,
    "coreVersion": "13.346",
    "systemId": "vtm5e",
    "systemVersion": "5.1.4",
    "createdTime": 1754598802991,
    "modifiedTime": 1754598802991,
    "lastModifiedBy": "fFnQnXT35gLXdlH1"
  },
  "_key": "!items!311weOTbwiUMgTYm"
}
