{
  "folder": "58hoTgw5ys30Yz56",
  "name": "Прихований вбивця",
  "type": "gift",
  "_id": "qnDFZEhaFFQAjiNU",
  "img": "modules/werewolf-the-apocalypse-5e-compendium-ukr/packs/assets/W5TribeRedTalons.png",
  "system": {
    "description": "Перевертень може маскувати свої вбивства або вбивства своєї Зграї, усуваючи будь-які викривальні причини смерті та інші сліди, які можуть привести до них слідчого. Цей Дар дарує дух жука або дух-Павук.\n\nРепутація: Честь\n\nВартість: 1 Сила Волі\n\nДія: Повна\n\nПул: —\n\nСистема: Перевертень проводить сцену, вилизуючи рани вбитого, а також будь-які місця, де залишилися сліди його присутності. Рани жертви надприродним чином закриваються, і виглядає так, ніби вона померла без видимої причини. (Сучасна медицина, ймовірно, списала б смерть на серцеву недостатність, хоча велика втрата крові може зробити їх таємниче знекровленими — іронія, яку не оминають увагою міські Гару, що прагнуть кинути тінь на місцевих п'явок.) Звичайні спроби зібрати докази з місця злочину, як-от ДНК, також автоматично провалюються, але слідчі, знайомі з Гару, можуть робити спроби як зазвичай, хоча й зі штрафом до кісток, що дорівнює Честі власника Дару.\n\nТривалість: —",
    "bonuses": [],
    "giftType": "redtalon",
    "renown": "honor",
    "level": 3,
    "cost": 0,
    "willpowercost": 1,
    "action": "",
    "dicepool": {},
    "duration": "",
    "gamesystem": "werewolf",
    "macroid": ""
  },
  "effects": [],
  "sort": 0,
  "ownership": {
    "default": 0,
    "zzaXLX6rQo9UZdTe": 3,
    "fFnQnXT35gLXdlH1": 3
  },
  "flags": {
    "vtm5e": {
      "dataItemId": "gift-hidden-killer"
    }
  },
  "_stats": {
    "compendiumSource": null,
    "duplicateSource": null,
    "exportSource": null,
    "coreVersion": "13.346",
    "systemId": "vtm5e",
    "systemVersion": "5.1.4",
    "createdTime": 1754598802991,
    "modifiedTime": 1754598802991,
    "lastModifiedBy": "fFnQnXT35gLXdlH1"
  },
  "_key": "!items!qnDFZEhaFFQAjiNU"
}
