{
  "folder": "5BYcCq5IZOn5CqL5",
  "name": "Прийняти справжню форму",
  "type": "gift",
  "_id": "al2NHJtBImueYQZ2",
  "img": "modules/werewolf-the-apocalypse-5e-compendium-ukr/packs/assets/W5AuspicePhilodox.png",
  "system": {
    "description": "Гару змушує істоту-перевертня повернутися до своєї «природної» форми. Це стосується Гару, деяких вампірів та інших, дивніших істот, здатних змінювати форму. Цей Дар надає дух ріки, змиваючи прикраси та обман.\n\nРепутація: Честь\n\nВартість: 1 Сила волі\n\nДія: Повна\n\nПул: Маніпулювання + Честь проти Витривалість + Зосередженість\n\nСистема: Гару наказує суб'єкту повернутися до своєї природної форми, і гравець робить перевірку Маніпулювання + Честь проти Витривалість + Зосередженість цілі. У разі перемоги суб'єкт повертається до своєї звичайної форми, дотримуючись звичних правил, і не може змінювати вигляд протягом кількості ходів, що дорівнює перевазі. Цей Дар можна використовувати у формі Гомід або Вовк, і Дар припиняє діяти, якщо користувач змінює форму під час його ефекту.\n\nТривалість: Кількість ходів, що дорівнює перевазі, або доки користувач не змінить форму",
    "bonuses": [],
    "giftType": "philodox",
    "renown": "honor",
    "level": 8,
    "cost": 0,
    "willpowercost": 1,
    "action": "",
    "dicepool": {
      "BRfzlsrv": {
        "path": "attributes.manipulation"
      },
      "BiatvXoP": {
        "path": "renown.honor"
      }
    },
    "duration": "",
    "gamesystem": "werewolf",
    "macroid": ""
  },
  "effects": [],
  "sort": 0,
  "ownership": {
    "default": 0,
    "zzaXLX6rQo9UZdTe": 3,
    "fFnQnXT35gLXdlH1": 3
  },
  "flags": {
    "vtm5e": {
      "dataItemId": "gift-take-the-true-form"
    }
  },
  "_stats": {
    "compendiumSource": null,
    "duplicateSource": null,
    "exportSource": null,
    "coreVersion": "13.346",
    "systemId": "vtm5e",
    "systemVersion": "5.1.4",
    "createdTime": 1754598800370,
    "modifiedTime": 1754598800370,
    "lastModifiedBy": "fFnQnXT35gLXdlH1"
  },
  "_key": "!items!al2NHJtBImueYQZ2"
}
