{
  "folder": "WluUKZE8gRCdjb5M",
  "name": "Проти всіх шансів",
  "type": "gift",
  "_id": "hqKlixuewQHP1uib",
  "img": "modules/werewolf-the-apocalypse-5e-compendium-ukr/packs/assets/W5AuspiceGalliard.png",
  "system": {
    "description": "Збираючи внутрішні сили на межі поразки, Гару надихає свою Зграю і переломлює хід бою в найтемнішу годину. Цей Дар дарує дух бородавочника або борсука.\n\nРепутація: Слава\n\nВартість: 1 перевірка Люті\n\nДія: Повна\n\nПул: Слава\n\nСистема: Гравець кидає резерв, що дорівнює Славі Гару. Кожен успіх дозволяє кожному члену Зграї (включно з користувачем Дару) відновити один рівень поверхневих ушкоджень Сили Волі. Цей Дар можна використати лише раз за історію.\n\nТривалість: —",
    "bonuses": [],
    "giftType": "galliard",
    "renown": "glory",
    "level": 8,
    "cost": 1,
    "willpowercost": 0,
    "action": "",
    "dicepool": {
      "UaUp6cPo": {
        "path": "renown.glory"
      }
    },
    "duration": "",
    "gamesystem": "werewolf",
    "macroid": ""
  },
  "effects": [],
  "sort": 0,
  "ownership": {
    "default": 0,
    "zzaXLX6rQo9UZdTe": 3,
    "fFnQnXT35gLXdlH1": 3
  },
  "flags": {
    "vtm5e": {
      "dataItemId": "gift-against-the-odds"
    }
  },
  "_stats": {
    "compendiumSource": null,
    "duplicateSource": null,
    "exportSource": null,
    "coreVersion": "13.346",
    "systemId": "vtm5e",
    "systemVersion": "5.1.4",
    "createdTime": 1754598800370,
    "modifiedTime": 1754598800370,
    "lastModifiedBy": "fFnQnXT35gLXdlH1"
  },
  "_key": "!items!hqKlixuewQHP1uib"
}
