{
  "name": "Рідні Дари",
  "sorting": "m",
  "folder": null,
  "type": "Item",
  "_id": "STyt22Yl0W1K1YbC",
  "description": "",
  "sort": 200000,
  "color": "#ad801f",
  "flags": {},
  "_stats": {
    "compendiumSource": null,
    "duplicateSource": null,
    "exportSource": null,
    "coreVersion": "13.346",
    "systemId": "vtm5e",
    "systemVersion": "5.1.4",
    "createdTime": 1754598801593,
    "modifiedTime": 1754598801610,
    "lastModifiedBy": "fFnQnXT35gLXdlH1"
  },
  "_key": "!folders!STyt22Yl0W1K1YbC"
}
