{
  "folder": "WluUKZE8gRCdjb5M",
  "name": "Розбий кайдани",
  "type": "gift",
  "_id": "dwFLkFpF6acnHy5N",
  "img": "modules/werewolf-the-apocalypse-5e-compendium-ukr/packs/assets/W5AuspiceGalliard.png",
  "system": {
    "description": "Гару може використати цей Дар, щоб прорватися крізь надприродний примус або прямий контроль розуму, розриваючи кайдани, що сковують розум іншої людини. Будь-який крилатий дух може дарувати цей Дар, як і духи, пов'язані з Горгоною.\n\nРепутація: Слава\n\nВартість: 1 перевірка Люті\n\nДія: Повна\n\nПул: Зосередженість + Слава\n\nСистема: Користувач Дару дивиться в очі суб'єкту і видає короткий, різкий рик, а гравець робить перевірку Дару. Складність залежить від типу ефекту, що контролює суб'єкта, та сили істоти, що стоїть за ним, але стандартне значення – 3. Розповідач може дозволити суб'єкту додати свою Зосередженість до пул:у кісток для перевірки Дару, якщо той активно намагається самостійно чинити опір ефекту.\n\nТривалість: —",
    "bonuses": [],
    "giftType": "galliard",
    "renown": "glory",
    "level": 8,
    "cost": 1,
    "willpowercost": 0,
    "action": "",
    "dicepool": {
      "OeGOSyJY": {
        "path": "attributes.resolve"
      },
      "SvhOnDuw": {
        "path": "renown.glory"
      }
    },
    "duration": "",
    "gamesystem": "werewolf",
    "macroid": ""
  },
  "effects": [],
  "sort": 0,
  "ownership": {
    "default": 0,
    "zzaXLX6rQo9UZdTe": 3,
    "fFnQnXT35gLXdlH1": 3
  },
  "flags": {},
  "_stats": {
    "compendiumSource": null,
    "duplicateSource": null,
    "exportSource": null,
    "coreVersion": "13.346",
    "systemId": "vtm5e",
    "systemVersion": "5.1.4",
    "createdTime": 1754598800370,
    "modifiedTime": 1754598800370,
    "lastModifiedBy": "fFnQnXT35gLXdlH1"
  },
  "_key": "!items!dwFLkFpF6acnHy5N"
}
