{
  "folder": "t1wxQo3KiSDkxJ0W",
  "name": "Розкрити Травму",
  "type": "gift",
  "_id": "11sYwYizbroARj5q",
  "img": "modules/werewolf-the-apocalypse-5e-compendium-ukr/packs/assets/W5TribeChildrenofGaia.png",
  "system": {
    "description": "Гару може діагностувати живу істоту, духа чи навіть пристрій і зрозуміти, що саме турбує ціль. Цей Дар не дає змоги усунути травму, але знання — це перший крок до будь-якого лікування. Цей Дар дарує дух страждання.\n\nРепутація: Мудрість\n\nВартість: 1 Сила волі\n\nДія: Повна\n\nПул: Інтелект + Мудрість\n\nСистема: Гравець робить перевірку Дару проти Складності, що залежить від об'єкта: 2 для живої істоти, 3 для духа і 4 для машини або пристрою. (Ціль, що не бажає співпрацювати, може спробувати чинити опір, використовуючи свою Стриманість + Хитрість, замість застосування фіксованої Складності.) У разі успіху персонаж отримує певне уявлення про найважче поточне поранення або травму, якої зазнала ціль. Вона може бути фізичною, надприродною або навіть ментальною. Будь-яка спроба персонажа зцілити або полагодити шкоду отримує бонус у дві кістки. Цей Дар можна використовувати в будь-якій формі.\n\nТривалість: —",
    "bonuses": [],
    "giftType": "childrenofgaia",
    "renown": "wisdom",
    "level": 6,
    "cost": 0,
    "willpowercost": 1,
    "action": "",
    "dicepool": {
      "2ujqv8Ml": {
        "path": "attributes.intelligence"
      },
      "I5jWJH21": {
        "path": "renown.wisdom"
      }
    },
    "duration": "",
    "gamesystem": "werewolf",
    "macroid": ""
  },
  "effects": [],
  "sort": 0,
  "ownership": {
    "default": 0,
    "zzaXLX6rQo9UZdTe": 3,
    "fFnQnXT35gLXdlH1": 3
  },
  "flags": {
    "vtm5e": {
      "dataItemId": "gift-reveal-trauma"
    }
  },
  "_stats": {
    "compendiumSource": null,
    "duplicateSource": null,
    "exportSource": null,
    "coreVersion": "13.346",
    "systemId": "vtm5e",
    "systemVersion": "5.1.4",
    "createdTime": 1754598802991,
    "modifiedTime": 1754598802991,
    "lastModifiedBy": "fFnQnXT35gLXdlH1"
  },
  "_key": "!items!11sYwYizbroARj5q"
}
