{
  "folder": "5BYcCq5IZOn5CqL5",
  "name": "Сила мети",
  "type": "gift",
  "_id": "YHNkcdOIOpkW0Mj0",
  "img": "modules/werewolf-the-apocalypse-5e-compendium-ukr/packs/assets/W5AuspicePhilodox.png",
  "system": {
    "description": "<p>Знаходячи силу у своїй відповідальності як захисники Геї, користувач цього Дару може поповнити свої запаси душевної стійкості за рахунок своєї Люті. Цей Дар надає дух каменю або вогню.</p><p>Репутація: Честь</p><p>Вартість: 1 перевірка Люті</p><p>Дія: Мала</p><p>Пул: Честь</p><p>Система: Гравець Гару кидає одну кістку за кожне очко Честі, яким володіє персонаж, зцілюючи одне очко поверхневих ушкоджень Сили волі за кожен успіх, або одне очко агравованих ушкоджень Сили волі за два успіхи. Цей Дар можна використовувати лише раз на сесію і в будь-якій формі.</p><p>Тривалість: —</p>",
    "bonuses": [],
    "giftType": "philodox",
    "renown": "honor",
    "level": 8,
    "cost": 1,
    "willpowercost": 0,
    "action": "",
    "dicepool": {
      "3jaaABVv": {
        "path": "renown.honor"
      }
    },
    "duration": "",
    "gamesystem": "werewolf",
    "macroid": ""
  },
  "effects": [],
  "sort": 0,
  "ownership": {
    "default": 0,
    "zzaXLX6rQo9UZdTe": 3,
    "fFnQnXT35gLXdlH1": 3
  },
  "flags": {
    "vtm5e": {
      "dataItemId": "gift-strength-of-purpose"
    }
  },
  "_stats": {
    "compendiumSource": null,
    "duplicateSource": null,
    "exportSource": null,
    "coreVersion": "13.346",
    "systemId": "vtm5e",
    "systemVersion": "5.1.4",
    "createdTime": 1754598800370,
    "modifiedTime": 1754598800370,
    "lastModifiedBy": "fFnQnXT35gLXdlH1"
  },
  "_key": "!items!YHNkcdOIOpkW0Mj0"
}
