{
  "folder": "CMJdU3indViQqPZw",
  "name": "Скорочення відстані",
  "type": "gift",
  "_id": "Qe8P5T4LR4RgKPsI",
  "img": "modules/werewolf-the-apocalypse-5e-compendium-ukr/packs/assets/W5TribeSilentStriders.png",
  "system": {
    "description": "<p>Або за допомогою духів, або майстерно оминаючи Умбру, користувач миттєво долає відстань, щоб вступити в бій зі своїми ворогами. Цей Дар дарує дух коника або богомола.</p><p>Репутація: Слава</p><p>Вартість: 1 Перевірка Люті</p><p>Дія: Мала</p><p>Пул: Відсутній</p><p>Система: Гару миттєво переміщується на відстань ближнього бою до ворога в межах видимості, долаючи відстань до трьох метрів за кожне очко Слави, і може виконати атаку в той самий хід. (Примітка: користувач все ще повинен мати можливість фізично подолати цю відстань — не можна проходити крізь скелі чи тюремні ґрати.) Користувач вважається таким, що вже вступив у бій на початку ходу для визначення пріоритету в бою.</p><p>Тривалість: Один хід</p>",
    "bonuses": [],
    "giftType": "silentstrider",
    "renown": "glory",
    "level": 9,
    "cost": 1,
    "willpowercost": 0,
    "action": "",
    "dicepool": {},
    "duration": "",
    "gamesystem": "werewolf",
    "macroid": ""
  },
  "effects": [],
  "sort": 0,
  "ownership": {
    "default": 0,
    "zzaXLX6rQo9UZdTe": 3,
    "fFnQnXT35gLXdlH1": 3
  },
  "flags": {
    "vtm5e": {
      "dataItemId": "gift-closing-the-gap"
    }
  },
  "_stats": {
    "compendiumSource": null,
    "duplicateSource": null,
    "exportSource": null,
    "coreVersion": "13.346",
    "systemId": "vtm5e",
    "systemVersion": "5.1.4",
    "createdTime": 1754598802991,
    "modifiedTime": 1754598802991,
    "lastModifiedBy": "fFnQnXT35gLXdlH1"
  },
  "_key": "!items!Qe8P5T4LR4RgKPsI"
}
