{
  "folder": "KGE9wsG4mNpEC9Sn",
  "name": "Скорочення дистанції",
  "type": "gift",
  "_id": "NbyVUZawM95ET9RR",
  "img": "modules/werewolf-the-apocalypse-5e-compendium-ukr/packs/assets/W5AuspiceAhroun.png",
  "system": {
    "description": "<p>Або за допомогою духів, або вміло оминаючи Умбру, користувач миттєво долає відстань, щоб нав'язати бій своїм ворогам. Цей Дар дарує дух коника або богомола.</p><p>Репутація: Слава</p><p>Вартість: 1 перевірка Люті</p><p>Дія: Мала</p><p>Пул: Немає</p><p>Система: Гару миттєво переміщується на дистанцію ближнього бою до ворога в межах прямої видимості, долаючи відстань до трьох метрів за кожне очко Слави, і може виконати атаку в той самий хід. (Зверніть увагу, що користувач все ще повинен мати можливість фізично подолати цю відстань — не можна проходити крізь скелі чи тюремні ґрати.) Вважається, що на початку ходу користувач вже вступив у бій, що враховується для визначення пріоритету в бою.</p><p>Тривалість: Один хід</p>",
    "bonuses": [],
    "giftType": "ahroun",
    "renown": "glory",
    "level": 8,
    "cost": 1,
    "willpowercost": 0,
    "action": "",
    "dicepool": {},
    "duration": "",
    "gamesystem": "werewolf",
    "macroid": ""
  },
  "effects": [],
  "sort": 100000,
  "ownership": {
    "default": 0,
    "zzaXLX6rQo9UZdTe": 3,
    "fFnQnXT35gLXdlH1": 3
  },
  "flags": {},
  "_stats": {
    "compendiumSource": null,
    "duplicateSource": null,
    "exportSource": null,
    "coreVersion": "13.347",
    "systemId": "vtm5e",
    "systemVersion": "5.1.4",
    "createdTime": 1754598800370,
    "modifiedTime": 1755475941801,
    "lastModifiedBy": "fFnQnXT35gLXdlH1"
  },
  "_key": "!items!NbyVUZawM95ET9RR"
}
