{
  "folder": "AMjyOVxwMPN4szrS",
  "name": "Сміх Ворона",
  "type": "gift",
  "_id": "yGrWrXRy17WgCSNr",
  "img": "modules/werewolf-the-apocalypse-5e-compendium-ukr/packs/assets/W5TribeHartWardens.png",
  "system": {
    "description": "<p>Гару широко розкриває пащу і скеровує на свою ціль такий глузливий сміх, що об'єкт мусить докласти всієї сили волі, аби не втратити самовладання. Усі комплекси, що їх має ціль, виходять на перший план, і самоконтроль руйнується через бажання змусити насмішника замовкнути. Гару може використати цей Дар, щоб відвернути увагу ворога, привернувши її до себе, або як відчайдушний засіб, щоб підбадьорити членів зграї чи інших союзників. Цей Дар дарує дух-ворона.</p><p>Репутація: Честь</p><p>Вартість: 1 перевірка Люті</p><p>Дія: Повна</p><p>Пул: Маніпулювання + Честь проти Стриманість + Проникливість</p><p>Система: Дар має бути спрямований на ціль у межах видимості та чутності користувача. Раґабаш атакує ціль у конфлікті Дару проти Стриманості + Проникливості, щоб завдати поверхневої шкоди Силі волі. Ціль, на яку успішно подіяв цей Дар, мусить спрямувати свою увагу та атаки на користувача, якщо не витратить очко Сили волі, щоб протистояти цьому бажанню. Цей Дар також можна використовувати у формі Гомід.</p><p>Тривалість: Одна сцена або доти, доки ціль не вчинить опір.</p>",
    "bonuses": [],
    "giftType": "hartwarden",
    "renown": "honor",
    "level": 3,
    "cost": 1,
    "willpowercost": 0,
    "action": "",
    "dicepool": {
      "5erWWffI": {
        "path": "attributes.manipulation"
      },
      "keb8RLkz": {
        "path": "renown.honor"
      }
    },
    "duration": "",
    "gamesystem": "werewolf",
    "macroid": ""
  },
  "effects": [],
  "sort": 0,
  "ownership": {
    "default": 0,
    "zzaXLX6rQo9UZdTe": 3,
    "fFnQnXT35gLXdlH1": 3
  },
  "flags": {
    "vtm5e": {
      "dataItemId": "gift-crow's-laughter"
    }
  },
  "_stats": {
    "compendiumSource": null,
    "duplicateSource": null,
    "exportSource": null,
    "coreVersion": "13.346",
    "systemId": "vtm5e",
    "systemVersion": "5.1.4",
    "createdTime": 1754598802991,
    "modifiedTime": 1754598802991,
    "lastModifiedBy": "fFnQnXT35gLXdlH1"
  },
  "_key": "!items!yGrWrXRy17WgCSNr"
}
