{
  "folder": "pwNyBSrhvJV7eFda",
  "name": "Сміх Ворони",
  "type": "gift",
  "_id": "QLN3Jpkw6fuIqGze",
  "img": "modules/werewolf-the-apocalypse-5e-compendium-ukr/packs/assets/W5AuspiceRagabash.png",
  "system": {
    "description": "Перевертень широко роззявляє пащу і спрямовує на свою ціль такий глузливий сміх, що жертва мусить докласти всієї своєї волі, аби не втратити самовладання. Усі комплекси, що їх має жертва, виходять назовні, а самоконтроль руйнується в бажанні змусити насмішника замовкнути. Гару може використати цей Дар, щоб відвернути увагу ворога, або як відчайдушний засіб, щоб підбадьорити членів Зграї чи інших союзників. Дух-ворони дарує цей Дар.\n\nРепутація: Честь\n\nЦіна: 1 перевірка Люті\n\nДія: Повна\n\nПул: Маніпулвання + Честь проти Стриманість + Проникливість\n\nСистема: Цей Дар має бути спрямований на ціль, яку користувач бачить і чує. Раґабаш атакує ціль у протистоянні Дару проти Стриманості + Проникливості, щоб завдати поверхневої шкоди Силі Волі. Ціль, на яку успішно подіяв цей Дар, мусить спрямувати свою увагу та атаки на користувача, якщо не витратить одиницю Сили Волі, щоб протистояти цьому бажанню. Цей Дар також можна використовувати у формі Гомід.\n\nТривалість: Одна сцена або до успішного спротиву.",
    "bonuses": [],
    "giftType": "ragabash",
    "renown": "honor",
    "level": 2,
    "cost": 1,
    "willpowercost": 0,
    "action": "",
    "dicepool": {
      "V2sTGhX8": {
        "path": "attributes.manipulation"
      },
      "Z3tfyIwP": {
        "path": "renown.honor"
      }
    },
    "duration": "",
    "gamesystem": "werewolf",
    "macroid": ""
  },
  "effects": [],
  "sort": 0,
  "ownership": {
    "default": 0,
    "zzaXLX6rQo9UZdTe": 3,
    "fFnQnXT35gLXdlH1": 3
  },
  "flags": {
    "vtm5e": {
      "dataItemId": "gift-crow's-laughter"
    }
  },
  "_stats": {
    "compendiumSource": null,
    "duplicateSource": null,
    "exportSource": null,
    "coreVersion": "13.346",
    "systemId": "vtm5e",
    "systemVersion": "5.1.4",
    "createdTime": 1754598800370,
    "modifiedTime": 1754598800370,
    "lastModifiedBy": "fFnQnXT35gLXdlH1"
  },
  "_key": "!items!QLN3Jpkw6fuIqGze"
}
