{
  "folder": "WluUKZE8gRCdjb5M",
  "name": "Смерті всупереч",
  "type": "gift",
  "_id": "W81sOe3P9505XnXx",
  "img": "modules/werewolf-the-apocalypse-5e-compendium-ukr/packs/assets/W5AuspiceGalliard.png",
  "system": {
    "description": "<p>Подібно до Гару з легенд, власник цього Дару може обдурити смерть, а його тіло швидко зцілюється, поки він танцює на межі поразки. Цей Дар дарує дух вовка або ведмедя.</p><p>Репутація: Честь</p><p>Вартість: Безкоштовно</p><p>Дія: Безкоштовно</p><p>Пул: Честь</p><p>Система: Якщо Здоров'я персонажа повністю вичерпано агравованими ушкодженнями, гравець Гару негайно кидає резерв, що дорівнює Честі персонажа. Кожен успіх дозволяє йому зцілити один рівень ушкоджень Здоров'я. Цей Дар можна використовувати лише раз на сесію. Цей Дар можна використовувати в будь-якій формі.</p>",
    "bonuses": [],
    "giftType": "galliard",
    "renown": "honor",
    "level": 8,
    "cost": 0,
    "willpowercost": 0,
    "action": "",
    "dicepool": {
      "TWZ0mwV4": {
        "path": "renown.honor"
      }
    },
    "duration": "",
    "gamesystem": "werewolf",
    "macroid": ""
  },
  "effects": [],
  "sort": 0,
  "ownership": {
    "default": 0,
    "zzaXLX6rQo9UZdTe": 3,
    "fFnQnXT35gLXdlH1": 3
  },
  "flags": {
    "vtm5e": {
      "dataItemId": "gift-defy-death"
    }
  },
  "_stats": {
    "compendiumSource": null,
    "duplicateSource": null,
    "exportSource": null,
    "coreVersion": "13.346",
    "systemId": "vtm5e",
    "systemVersion": "5.1.4",
    "createdTime": 1754598800370,
    "modifiedTime": 1754598800370,
    "lastModifiedBy": "fFnQnXT35gLXdlH1"
  },
  "_key": "!items!W81sOe3P9505XnXx"
}
