{
  "folder": "WluUKZE8gRCdjb5M",
  "name": "Сноходіння",
  "type": "gift",
  "_id": "nvtMikybHwxk0VcW",
  "img": "modules/werewolf-the-apocalypse-5e-compendium-ukr/packs/assets/W5AuspiceGalliard.png",
  "system": {
    "description": "Гару може змусити духа проникнути в чужі сни дивними стежками крізь глибини Умбри, змінюючи ці сни або просто беручи участь у їхній загадковій розповіді. Цей Дар можна використати, щоб залишити повідомлення, збентежити сновидця або краще зрозуміти розум незнайомця. Цей Дар дарує дух снів.\n\nРепутація: Мудрість\n\nВартість: 1 Сила Волі\n\nДія: Вся сцена\n\nПул: Кмітливість + Мудрість\n\nСистема: Гравець, чий персонаж використовує Дар, робить перевірку Дару зі Складністю, встановленою Розповідачем, залежно від мети: 2, щоб просто спостерігати, 3, щоб залишити повідомлення, і 4 або більше, щоб повністю змінити ландшафт сну та вплинути на сновидця. Якщо Дар використовується, щоб збентежити чи налякати сновидця, той не відновлює Силу Волі природним шляхом до кінця сесії та втрачає додатковий пункт Сили Волі за кожен надлишковий успіх.\n\nДар можна використовувати, якщо користувач знає місцеперебування цілі, хоча надзвичайні відстані (наприклад, між континентами) додають 1 до Складності. Цей Дар можна використовувати в будь-якій формі.\n\nТривалість: Одна сцена",
    "bonuses": [],
    "giftType": "galliard",
    "renown": "wisdom",
    "level": 8,
    "cost": 0,
    "willpowercost": 1,
    "action": "",
    "dicepool": {
      "dDRYbV5v": {
        "path": "attributes.wits"
      },
      "eKKbhh81": {
        "path": "renown.wisdom"
      }
    },
    "duration": "",
    "gamesystem": "werewolf",
    "macroid": ""
  },
  "effects": [],
  "sort": 0,
  "ownership": {
    "default": 0,
    "zzaXLX6rQo9UZdTe": 3,
    "fFnQnXT35gLXdlH1": 3
  },
  "flags": {
    "vtm5e": {
      "dataItemId": "gift-dreamwalk"
    }
  },
  "_stats": {
    "compendiumSource": null,
    "duplicateSource": null,
    "exportSource": null,
    "coreVersion": "13.346",
    "systemId": "vtm5e",
    "systemVersion": "5.1.4",
    "createdTime": 1754598800370,
    "modifiedTime": 1754598800370,
    "lastModifiedBy": "fFnQnXT35gLXdlH1"
  },
  "_key": "!items!nvtMikybHwxk0VcW"
}
