{
  "folder": "xKlGewil9Xbdga2Y",
  "name": "Справжній Страх",
  "type": "gift",
  "_id": "RC15cBdvOBFTkUAU",
  "img": "modules/werewolf-the-apocalypse-5e-compendium-ukr/packs/assets/W5TribeShadowLords.png",
  "system": {
    "description": "Гару вселяє жах в одного ворога, оголюючи зуби чи кігті, завиваючи або просто зловісно нависаючи над ним і гарчачи. Цьому Дару вчать духи страху.\n\nРепутація: Слава\n\nВартість: 1 Перевірка Люті\n\nДія: Повна\n\nПул: Харизма + Слава проти Стриманість + Зосередженість\n\nСистема: Цей Дар можна застосувати до однієї цілі в межах п'яти метрів. Він автоматично спрацьовує проти звичайних людей та тварин, тоді як надприродних істот та людей, які знають про Гару та їхні сили, потрібно перемогти у випробуванні Харизма + Слава проти Стриманість + Зосередженість. Суб'єкт, на якого подіяв цей Дар, або застигає від страху, або його охоплює такий жах, що він зробить будь-що, аби втекти від Гару. Надприродні істоти можуть позбутися ефекту через один хід, витративши одиницю Сили Волі.\n\nТривалість: Одна сцена",
    "bonuses": [],
    "giftType": "shadowlord",
    "renown": "glory",
    "level": 6,
    "cost": 1,
    "willpowercost": 0,
    "action": "",
    "dicepool": {
      "vOHggnhY": {
        "path": "attributes.charisma"
      },
      "6E8nFJwn": {
        "path": "renown.glory"
      }
    },
    "duration": "",
    "gamesystem": "werewolf",
    "macroid": ""
  },
  "effects": [],
  "sort": 0,
  "ownership": {
    "default": 0,
    "zzaXLX6rQo9UZdTe": 3,
    "fFnQnXT35gLXdlH1": 3
  },
  "flags": {
    "vtm5e": {
      "dataItemId": "gift-true-fear"
    }
  },
  "_stats": {
    "compendiumSource": null,
    "duplicateSource": null,
    "exportSource": null,
    "coreVersion": "13.346",
    "systemId": "vtm5e",
    "systemVersion": "5.1.4",
    "createdTime": 1754598802991,
    "modifiedTime": 1754598802991,
    "lastModifiedBy": "fFnQnXT35gLXdlH1"
  },
  "_key": "!items!RC15cBdvOBFTkUAU"
}
