{
  "folder": "KGE9wsG4mNpEC9Sn",
  "name": "Срібні Кігті",
  "type": "gift",
  "_id": "THTxJRM6mdk54DIq",
  "img": "modules/werewolf-the-apocalypse-5e-compendium-ukr/packs/assets/W5AuspiceAhroun.png",
  "system": {
    "description": "Під час болісної трансформації природні пазурі Гару перетворюються на срібні, що дозволяє їм завдавати тривалої шкоди іншим Гару. Цей Дар надає дух злоби або елементаль срібла.\n\nРепутація: Честь\n\nВартість: Безкоштовно / 1 Сила Волі\n\nДія: Безкоштовна / незначна\n\nПул: —\n\nСистема: Цей Дар є безкоштовним та миттєвим у формі Крінос. Атаки пазурами Гару завдають Агрованої шкоди іншим Гару. Якщо поточна форма не має пазурів, вона також отримує атаку пазурами зі шкодою +0, оскільки нігті видовжуються, тверднуть і вкриваються сріблом. Срібні пазурі завдають одну одиницю Агрованої шкоди за хід, згідно зі звичайними правилами щодо срібла, і користувач повинен щоходу проходити перевірку Зосередженість + Честь зі Складністю 3, щоб підтримувати цей Дар, оскільки спричинена сріблом агонія може стати нестерпною.\n\nТривалість: Одна сцена\n\nДари пазурів\n\nДеякі Дари змінюють пазурі Гару або надають їм переваги. Одночасно для Гару може бути активним лише один Дар пазурів, а використання іншого Дару пазурів до закінчення дії попереднього замінює його ефект.",
    "bonuses": [],
    "giftType": "ahroun",
    "renown": "honor",
    "level": 8,
    "cost": 0,
    "willpowercost": 1,
    "action": "",
    "dicepool": {},
    "duration": "",
    "gamesystem": "werewolf",
    "macroid": ""
  },
  "effects": [],
  "sort": 300000,
  "ownership": {
    "default": 0,
    "zzaXLX6rQo9UZdTe": 3,
    "fFnQnXT35gLXdlH1": 3
  },
  "flags": {
    "vtm5e": {
      "dataItemId": "gift-silver-claws"
    }
  },
  "_stats": {
    "compendiumSource": null,
    "duplicateSource": null,
    "exportSource": null,
    "coreVersion": "13.347",
    "systemId": "vtm5e",
    "systemVersion": "5.1.4",
    "createdTime": 1754598800370,
    "modifiedTime": 1755475941801,
    "lastModifiedBy": "fFnQnXT35gLXdlH1"
  },
  "_key": "!items!THTxJRM6mdk54DIq"
}
