{
  "folder": "0PQXlauPseaf3KUT",
  "name": "Срібний Пакт",
  "type": "gift",
  "_id": "NohmHSgrmhdlCloi",
  "img": "modules/werewolf-the-apocalypse-5e-compendium-ukr/packs/assets/W5TribeSilverFangs.png",
  "system": {
    "description": "Багато духів досі пов'язані старими угодами з тепер уже легендарними Гару. Користувач Дару може звернутися до такої угоди й отримати захист від ворожих духів, які інакше завдали б йому шкоди. Аватар Сокола дарує цей Дар.\n\nРепутація: Честь\n\nВартість: 1 перевірка Люті\n\nДія: Незначна\n\nПул: —\n\nСистема: Поки цей Дар активний, духи та одержимі істоти уникають атак на користувача Дару, якщо можуть атакувати інших ворогів. Цей Дар також дозволяє користувачеві ігнорувати шкоду Здоров'ю або Силі волі в розмірі його Честі, завдану духами та одержимими створіннями, кожного ходу. Цей Дар можна використовувати в будь-якій формі.\n\nТривалість: Одна сцена",
    "bonuses": [],
    "giftType": "silverfang",
    "renown": "honor",
    "level": 3,
    "cost": 1,
    "willpowercost": 0,
    "action": "",
    "dicepool": {},
    "duration": "",
    "gamesystem": "werewolf",
    "macroid": ""
  },
  "effects": [],
  "sort": 0,
  "ownership": {
    "default": 0,
    "zzaXLX6rQo9UZdTe": 3,
    "fFnQnXT35gLXdlH1": 3
  },
  "flags": {
    "vtm5e": {
      "dataItemId": "gift-the-silver-compact"
    }
  },
  "_stats": {
    "compendiumSource": null,
    "duplicateSource": null,
    "exportSource": null,
    "coreVersion": "13.346",
    "systemId": "vtm5e",
    "systemVersion": "5.1.4",
    "createdTime": 1754598802991,
    "modifiedTime": 1754598802991,
    "lastModifiedBy": "fFnQnXT35gLXdlH1"
  },
  "_key": "!items!NohmHSgrmhdlCloi"
}
