{
  "folder": "6WbcnEtvMbn3cVLO",
  "name": "Срібні Кігті",
  "type": "gift",
  "img": "modules/werewolf-the-apocalypse-5e-compendium-ukr/packs/assets/W5TribeSilverFangs.png",
  "system": {
    "description": "<p>У болісній трансформації природні пазурі Гару перетворюються на срібло, що дозволяє їм завдавати тривалої шкоди іншим Гару. Дух злоби або дух-елементаль срібла наділяє цим Даром.</p><p>Репутація: Честь</p><p>Вартість: Безкоштовно / 1 Сила волі</p><p>Дія: Вільна / другорядна</p><p>Пул: —</p><p>Система: Цей Дар є безкоштовним та миттєвим у формі Крінос. Атаки пазурами Гару завдають агрованої шкоди іншим Гару. Якщо поточна форма не має пазурів, вона також отримує атаку пазурами зі шкодою +0, оскільки нігті на пальцях видовжуються, тверднуть і вкриваються сріблом. Срібні пазурі завдають одну одиницю агрованої шкоди за хід, згідно зі звичайними правилами щодо срібла, і користувач повинен щоходу робити перевірку Зосередженість + Честь зі Складністю 3, щоб підтримувати цей Дар, оскільки спричинена сріблом агонія може стати нестерпною.</p><p>Тривалість: Одна сцена</p><p><span style=\"font-family: Signika, sans-serif\">Дари пазурів</span></p><blockquote style=\"box-sizing: border-box; user-select: text; scrollbar-width: thin; scrollbar-color: var(--color-scrollbar) var(--color-scrollbar-track); margin: 0px; padding: 0.5rem 1rem; border-left: 3px solid var(--color-border-light-tertiary); font-style: italic; font-family: var(--font-blockquote); color: rgb(0, 0, 0); font-size: 14px; font-variant-ligatures: normal; font-variant-caps: normal; font-weight: 400; letter-spacing: normal; orphans: 2; text-align: start; text-indent: 0px; text-transform: none; widows: 2; word-spacing: 0px; -webkit-text-stroke-width: 0px; white-space: normal; text-decoration-thickness: initial; text-decoration-style: initial; text-decoration-color: initial;\"><p style=\"box-sizing: border-box; user-select: text; scrollbar-width: thin; scrollbar-color: var(--color-scrollbar) var(--color-scrollbar-track); margin: 0.5rem 0px\"><span style=\"font-family: var(--font-blockquote)\"><em>Деякі Дари змінюють або надають переваги пазурам Гару. Гару може мати активним лише один Дар пазурів одночасно, і використання іншого Дару пазурів до того, як закінчиться дія попереднього, замінює його ефект.</em></span></p></blockquote>",
    "bonuses": [],
    "giftType": "native",
    "renown": "honor",
    "level": 9,
    "cost": 0,
    "willpowercost": 1,
    "action": "",
    "dicepool": {},
    "duration": "",
    "gamesystem": "werewolf",
    "macroid": ""
  },
  "effects": [],
  "ownership": {
    "default": 0,
    "zzaXLX6rQo9UZdTe": 3,
    "fFnQnXT35gLXdlH1": 3
  },
  "flags": {
    "vtm5e": {
      "dataItemId": "gift-silver-claws"
    }
  },
  "_stats": {
    "compendiumSource": null,
    "duplicateSource": null,
    "exportSource": null,
    "coreVersion": "13.346",
    "systemId": "vtm5e",
    "systemVersion": "5.1.4",
    "createdTime": 1754598802991,
    "modifiedTime": 1754598802991,
    "lastModifiedBy": "fFnQnXT35gLXdlH1"
  },
  "_id": "MrFoKUe8RjigHOC7",
  "sort": 0,
  "_key": "!items!MrFoKUe8RjigHOC7"
}
