{
  "folder": "gOgpixVpcisrbgX1",
  "name": "Тіньове чуття",
  "type": "gift",
  "_id": "fAFbsuSWgNunbLlc",
  "img": "modules/werewolf-the-apocalypse-5e-compendium-ukr/packs/assets/W5AuspiceTheurge.png",
  "system": {
    "description": "<p>Цей Дар дозволяє користувачеві відчувати надприродний світ навколо себе та розпізнавати надприродний обман. Однак, він не дозволяє Гару автоматично визначати наміри чи приналежність, і багато з того, що вони бачать, буде забарвлено їхніми власними упередженнями. Цей Дар дарує дух-крук.</p><p>Репутація: Мудрість</p><p>Вартість: 1 Сила волі</p><p>Дія: Вільна</p><p>Пул: Кмітливість + Мудрість</p><p>Система: У разі успішної перевірки Кмітливість + Мудрість, цей Дар сповіщає Гару про наявність поблизу надприродних елементів або істот, хоча й не вказує їхнього точного місцезнаходження чи особистості. Складність перевірки дорівнює 2, але може бути змінена силами, що дозволяють надприродним істотам приховувати свою присутність, як-от вампірська здатність уникати спостереження.</p><p>Тривалість: Один хід</p>",
    "bonuses": [],
    "giftType": "theurge",
    "renown": "wisdom",
    "level": 2,
    "cost": 0,
    "willpowercost": 1,
    "action": "",
    "dicepool": {
      "zBvq08Bp": {
        "path": "attributes.wits"
      },
      "zrufGx5W": {
        "path": "renown.wisdom"
      }
    },
    "duration": "",
    "gamesystem": "werewolf",
    "macroid": ""
  },
  "effects": [],
  "sort": 0,
  "ownership": {
    "default": 0,
    "zzaXLX6rQo9UZdTe": 3,
    "fFnQnXT35gLXdlH1": 3
  },
  "flags": {
    "vtm5e": {
      "dataItemId": "gift-shadow-sense"
    }
  },
  "_stats": {
    "compendiumSource": null,
    "duplicateSource": null,
    "exportSource": null,
    "coreVersion": "13.346",
    "systemId": "vtm5e",
    "systemVersion": "5.1.4",
    "createdTime": 1754598800370,
    "modifiedTime": 1754598800370,
    "lastModifiedBy": "fFnQnXT35gLXdlH1"
  },
  "_key": "!items!fAFbsuSWgNunbLlc"
}
