{
  "folder": "wgQFHhChUWtkpjqq",
  "name": "Тіньове чуття",
  "type": "gift",
  "_id": "FDIRAlzxCasvUPfm",
  "img": "modules/werewolf-the-apocalypse-5e-compendium-ukr/packs/assets/W5TribeShadowLords.png",
  "system": {
    "description": "Цей Дар дозволяє користувачеві відчувати надприродний світ навколо себе та проникати крізь надприродні обмани. Однак він не дозволяє Гару автоматично визначати наміри чи приналежність, і багато з того, що він бачить, буде забарвлено його власними упередженнями. Цей Дар дарує дух-ворон.\n\nРепутація: Мудрість\n\nВартість: 1 Сила Волі\n\nДія: Вільна\n\nПул: Кмітливість + Мудрість\n\nСистема: У разі успішної перевірки Кмітливість + Мудрість, цей Дар сповіщає Гару про наявність поблизу надприродних елементів або істот, хоча й не вказує їхнє точне місцеперебування чи особу. Складність перевірки дорівнює 2, але її можуть змінити сили, що дозволяють надприродним істотам приховувати свою присутність, як-от вампірська здатність уникати спостереження.\n\nТривалість: Один хід",
    "bonuses": [],
    "giftType": "shadowlord",
    "renown": "wisdom",
    "level": 3,
    "cost": 0,
    "willpowercost": 1,
    "action": "",
    "dicepool": {
      "HNXARf10": {
        "path": "attributes.wits"
      },
      "HWE7GdUX": {
        "path": "renown.wisdom"
      }
    },
    "duration": "",
    "gamesystem": "werewolf",
    "macroid": ""
  },
  "effects": [],
  "sort": 0,
  "ownership": {
    "default": 0,
    "zzaXLX6rQo9UZdTe": 3,
    "fFnQnXT35gLXdlH1": 3
  },
  "flags": {
    "vtm5e": {
      "dataItemId": "gift-shadow-sense"
    }
  },
  "_stats": {
    "compendiumSource": null,
    "duplicateSource": null,
    "exportSource": null,
    "coreVersion": "13.346",
    "systemId": "vtm5e",
    "systemVersion": "5.1.4",
    "createdTime": 1754598802991,
    "modifiedTime": 1754598802991,
    "lastModifiedBy": "fFnQnXT35gLXdlH1"
  },
  "_key": "!items!FDIRAlzxCasvUPfm"
}
