{
  "folder": "qSJkEvhKYrWOo8pW",
  "name": "Тіло цуценяти",
  "type": "gift",
  "_id": "0hlI83JmsUOuY1Wk",
  "img": "modules/werewolf-the-apocalypse-5e-compendium-ukr/packs/assets/W5TribeBlackFuries.png",
  "system": {
    "description": "Це жахливе прокляття змушує тіло ворога зсихатися і слабшати, його руки тремтять від напруги, а ноги підгинаються. Лише ті, хто має достатньо знань про залучених духів, здатні ефективно захиститися від його наслідків. Використання цього Дару проти іншого Гару вважається страшною образою, і поєдинки на смерть велися й через менше. Цей Дар надає дух хвороби.\n\nРепутація: Честь\n\nЦіна: 1 перевірка Люті\n\nДія: Повна\n\nПул: Зосередженість + Честь проти Витривалість + Окультизм\n\nСистема: Цей Дар можна спрямувати на будь-кого в межах п'яти метрів і в полі зору користувача. Гравець робить перевірку Зосередженість + Честь проти Витривалість + Окультизм цілі. За кожен успіх переваги ціль втрачає одну цятку з одного зі своїх Фізичних Атрибутів (до мінімуму в нуль), оскільки її тіло спустошує висушуюча духовна недуга. Ефекти тривають до кінця історії, хоча іноді вони можуть стати постійними на розсуд Розповідача.\n\nТривалість: Одна історія",
    "bonuses": [],
    "giftType": "blackfury",
    "renown": "honor",
    "level": 9,
    "cost": 0,
    "willpowercost": 0,
    "action": "",
    "dicepool": {
      "ndAnhEYP": {
        "path": "attributes.resolve"
      },
      "hyPOYIS9": {
        "path": "renown.honor"
      }
    },
    "duration": "",
    "gamesystem": "werewolf",
    "macroid": ""
  },
  "effects": [],
  "sort": 0,
  "ownership": {
    "default": 0,
    "zzaXLX6rQo9UZdTe": 3,
    "fFnQnXT35gLXdlH1": 3
  },
  "flags": {
    "vtm5e": {
      "dataItemId": "gift-whelp-body"
    }
  },
  "_stats": {
    "compendiumSource": null,
    "duplicateSource": null,
    "exportSource": null,
    "coreVersion": "13.346",
    "systemId": "vtm5e",
    "systemVersion": "5.1.4",
    "createdTime": 1754598802991,
    "modifiedTime": 1754598802991,
    "lastModifiedBy": "fFnQnXT35gLXdlH1"
  },
  "_key": "!items!0hlI83JmsUOuY1Wk"
}
