{
  "folder": "rddRDnXecqZwAEwr",
  "name": "Тваринний магнетизм",
  "type": "gift",
  "_id": "n1R7vKOjwxQLtPy7",
  "img": "modules/werewolf-the-apocalypse-5e-compendium-ukr/packs/assets/W5TribeGlassWalkers.png",
  "system": {
    "description": "Водночас відштовхуючи та приваблюючи, вовкулака випромінює звірину ауру, яка привертає до нього увагу людей. Цей Дар дарує дух-павич або дух, пов'язаний із привабливістю (емоційною чи іншою).\n\nРепутація: Слава\n\nВартість: 1 перевірка Люті\n\nДія: Вільна\n\nПул: —\n\nСистема: Гравець Гару отримує свою Славу як бонусні кістки до перевірок Соціальних Навичок проти людей. Цей Дар також можна використовувати у формі Гомід.\n\nТривалість: Одна сцена",
    "bonuses": [],
    "giftType": "glasswalker",
    "renown": "glory",
    "level": 3,
    "cost": 1,
    "willpowercost": 0,
    "action": "",
    "dicepool": {},
    "duration": "",
    "gamesystem": "werewolf",
    "macroid": ""
  },
  "effects": [],
  "sort": 0,
  "ownership": {
    "default": 0,
    "zzaXLX6rQo9UZdTe": 3,
    "fFnQnXT35gLXdlH1": 3
  },
  "flags": {
    "vtm5e": {
      "dataItemId": "gift-animal-magnetism"
    }
  },
  "_stats": {
    "compendiumSource": null,
    "duplicateSource": null,
    "exportSource": null,
    "coreVersion": "13.346",
    "systemId": "vtm5e",
    "systemVersion": "5.1.4",
    "createdTime": 1754598802991,
    "modifiedTime": 1754598802991,
    "lastModifiedBy": "fFnQnXT35gLXdlH1"
  },
  "_key": "!items!n1R7vKOjwxQLtPy7"
}
