{
  "folder": "MQwDrLIz7TpFeHCN",
  "name": "Тисяча Форм",
  "type": "gift",
  "_id": "Gwx40pDI2AtH59Ww",
  "img": "modules/werewolf-the-apocalypse-5e-compendium-ukr/packs/assets/W5TribeRedTalons.png",
  "system": {
    "description": "<p>Цей Дар дозволяє Гару перевершити обмеження своєї вовкулачої природи і набувати форми будь-якої звичайної тварини, розміром від курки до ведмедя грізлі. Гару отримує чуття тварини, на яку перетворюється, але на користувача діють ті самі обмеження у спілкуванні, що й при набутті форми Вовка. Цей Дар дарує дух Дикості.</p><p>Репутація: Слава</p><p>Вартість: 1 або більше Перевірок Люті</p><p>Дія: Мала</p><p>Пул: Спритність + Слава</p><p>Система: Гравець робить перевірку Спритність + Слава. Якщо бажана форма особливо велика, мала або екзотична, Складність може зрости на 1 або більше на розсуд Розповідача. У разі невдачі користувач може повторити спробу, зробивши ще одну перевірку Люті та додавши успіхи до попередньої перевірки. Користувач Дару зберігає свої Розумові Атрибути, але інші його пули залежать від набутої форми. (Приклади тварин дивіться на стор. 291.) Цей Дар можна використовувати в будь-якій формі.</p><p>Тривалість: Одна сцена</p>",
    "bonuses": [],
    "giftType": "redtalon",
    "renown": "glory",
    "level": 9,
    "cost": 1,
    "willpowercost": 0,
    "action": "",
    "dicepool": {
      "rI1Vwv8Q": {
        "path": "attributes.dexterity"
      },
      "HO9SKl6w": {
        "path": "renown.glory"
      }
    },
    "duration": "",
    "gamesystem": "werewolf",
    "macroid": ""
  },
  "effects": [],
  "sort": 0,
  "ownership": {
    "default": 0,
    "zzaXLX6rQo9UZdTe": 3,
    "fFnQnXT35gLXdlH1": 3
  },
  "flags": {
    "vtm5e": {
      "dataItemId": "gift-the-thousand-forms"
    }
  },
  "_stats": {
    "compendiumSource": null,
    "duplicateSource": null,
    "exportSource": null,
    "coreVersion": "13.346",
    "systemId": "vtm5e",
    "systemVersion": "5.1.4",
    "createdTime": 1754598802991,
    "modifiedTime": 1754598802991,
    "lastModifiedBy": "fFnQnXT35gLXdlH1"
  },
  "_key": "!items!Gwx40pDI2AtH59Ww"
}
