{
  "folder": "iPWEwRq7mTlBZRgp",
  "name": "Тисяча Очей",
  "type": "gift",
  "_id": "i9LHdPqvLKk6wemY",
  "img": "modules/werewolf-the-apocalypse-5e-compendium-ukr/packs/assets/W5TribeBoneGnawers.png",
  "system": {
    "description": "Закривши очі й зосередившись, Гару може бачити очима будь-якої тварини поблизу, за умови, що істота принаймні розміром з таргана. Цей Дар дарує дух-мураха.\n\nРепутація: Честь\n\nВартість: 1 Сила Волі\n\nДія: Повна\n\nПул: Кмітливість + Честь\n\nСистема: Гару закриває очі, а гравець робить перевірку Дару зі Складністю, яку визначає Розповідач, залежно від кількості тварин поблизу та того, що шукає користувач Дару. (Огляд території ферми матиме Складність 2, тоді як пошук конкретного вченого в міському медичному центрі наближатиметься до 5.) Деякі надприродні істоти здатні виявити надприродне вторгнення та тварину, що слугує очима, і якщо цю тварину вб'ють під час дії Дару (навмисно чи випадково), користувач отримує рівень Агрованого пошкодження Сили Волі від ментального шоку.\n\nТривалість: Одна сцена",
    "bonuses": [],
    "giftType": "bonegnawer",
    "renown": "honor",
    "level": 9,
    "cost": 0,
    "willpowercost": 1,
    "action": "",
    "dicepool": {
      "i6NUbagx": {
        "path": "attributes.wits"
      },
      "PO2nzf1p": {
        "path": "renown.honor"
      }
    },
    "duration": "",
    "gamesystem": "werewolf",
    "macroid": ""
  },
  "effects": [],
  "sort": 0,
  "ownership": {
    "default": 0,
    "zzaXLX6rQo9UZdTe": 3,
    "fFnQnXT35gLXdlH1": 3
  },
  "flags": {
    "vtm5e": {
      "dataItemId": "gift-a-thousand-eyes"
    }
  },
  "_stats": {
    "compendiumSource": null,
    "duplicateSource": null,
    "exportSource": null,
    "coreVersion": "13.346",
    "systemId": "vtm5e",
    "systemVersion": "5.1.4",
    "createdTime": 1754598802991,
    "modifiedTime": 1754598802991,
    "lastModifiedBy": "fFnQnXT35gLXdlH1"
  },
  "_key": "!items!i9LHdPqvLKk6wemY"
}
