{
  "folder": "3FtVML9BxUF8x40K",
  "name": "Тисяча Форм",
  "type": "gift",
  "_id": "uC4cBAVG7glwa1Lk",
  "img": "modules/werewolf-the-apocalypse-5e-compendium-ukr/packs/assets/W5AuspiceRagabash.png",
  "system": {
    "description": "Цей Дар дозволяє Гару перевершити обмеження своєї природи перевертня і набувати форми будь-якої звичайної тварини, розміром від курки до ведмедя грізлі. Гару отримує чуття тварини, на яку перетворюється, але користувач стикається з тими ж обмеженнями у спілкуванні, що й у формі Вовка. Дух Вільду дарує цей Дар.\n\nРепутація: Слава\n\nВартість: 1 або більше Перевірок Люті\n\nДія: Незначна\n\nПул: Спритність + Слава\n\nСистема: Гравець робить перевірку Спритність + Слава. Якщо бажана форма особливо велика, мала або екзотична, Складність може зрости на 1 або більше на розсуд Розповідача. У разі невдачі, користувач може повторити спробу, зробивши ще одну Перевірку Люті та додавши успіхи до попередньої перевірки. Користувач Дару зберігає свої Розумові Атрибути, але інші його резерви залежать від обраної форми. (Приклади тварин дивіться на стор. 291.) Цей Дар можна використовувати в будь-якій формі.\n\nТривалість: Одна сцена",
    "bonuses": [],
    "giftType": "ragabash",
    "renown": "glory",
    "level": 8,
    "cost": 1,
    "willpowercost": 0,
    "action": "",
    "dicepool": {
      "t2DniKU0": {
        "path": "attributes.dexterity"
      },
      "g2T077b8": {
        "path": "renown.glory"
      }
    },
    "duration": "",
    "gamesystem": "werewolf",
    "macroid": ""
  },
  "effects": [],
  "sort": 0,
  "ownership": {
    "default": 0,
    "zzaXLX6rQo9UZdTe": 3,
    "fFnQnXT35gLXdlH1": 3
  },
  "flags": {
    "vtm5e": {
      "dataItemId": "gift-the-thousand-forms"
    }
  },
  "_stats": {
    "compendiumSource": null,
    "duplicateSource": null,
    "exportSource": null,
    "coreVersion": "13.346",
    "systemId": "vtm5e",
    "systemVersion": "5.1.4",
    "createdTime": 1754598800370,
    "modifiedTime": 1754598800370,
    "lastModifiedBy": "fFnQnXT35gLXdlH1"
  },
  "_key": "!items!uC4cBAVG7glwa1Lk"
}
