{
  "folder": "kVrFzgXEqq9ZbBme",
  "name": "Удар грому",
  "type": "gift",
  "_id": "cbLKIvJthwCix95w",
  "img": "modules/werewolf-the-apocalypse-5e-compendium-ukr/packs/assets/W5TribeShadowLords.png",
  "system": {
    "description": "<p>Гару сильно плескає в долоні, створюючи могутній гуркіт грому, що приголомшує тих, хто його чує. Цей Дар дарує Інкарна Грому.</p><p>Репутація: Слава</p><p>Вартість: 1 перевірка Люті</p><p>Дія: Повна</p><p>Кидок: Сила + Слава проти Витривалість + Кмітливість</p><p>Система: Гравець робить перевірку Сили + Слави свого персонажа проти Витривалості + Кмітливості кожного, хто знаходиться в радіусі 20 метрів, збиваючи з ніг усіх, хто не зміг встояти. Ті, хто успішно встояв, все одно отримують штраф у дві кістки на будь-яку дію, крім захисту, на наступний хід, якщо тільки їхня перевірка не була критичним успіхом.</p><p>Тривалість: Один хід / одна сцена</p>",
    "bonuses": [],
    "giftType": "shadowlord",
    "renown": "glory",
    "level": 9,
    "cost": 1,
    "willpowercost": 0,
    "action": "",
    "dicepool": {
      "KJrqlpoP": {
        "path": "attributes.strength"
      },
      "SItCkVSR": {
        "path": "renown.glory"
      }
    },
    "duration": "",
    "gamesystem": "werewolf",
    "macroid": ""
  },
  "effects": [],
  "sort": 0,
  "ownership": {
    "default": 0,
    "zzaXLX6rQo9UZdTe": 3,
    "fFnQnXT35gLXdlH1": 3
  },
  "flags": {
    "vtm5e": {
      "dataItemId": "gift-thunderclap"
    }
  },
  "_stats": {
    "compendiumSource": null,
    "duplicateSource": null,
    "exportSource": null,
    "coreVersion": "13.346",
    "systemId": "vtm5e",
    "systemVersion": "5.1.4",
    "createdTime": 1754598802991,
    "modifiedTime": 1754598802991,
    "lastModifiedBy": "fFnQnXT35gLXdlH1"
  },
  "_key": "!items!cbLKIvJthwCix95w"
}
