{
  "folder": "1Xy29R44XDHUdInL",
  "name": "Умбральні Чуття",
  "type": "gift",
  "_id": "j3CumH1dS6A8ZAMh",
  "img": "modules/werewolf-the-apocalypse-5e-compendium-ukr/packs/assets/gift.png",
  "system": {
    "description": "<p>Чутття Гару налаштовуються одночасно і на фізичний світ, і на Умбру, дозволяючи їм сприймати обидва світи одночасно без штрафів. Цей Дар дарує павук-візерунник.</p><p>Репутація: Мудрість</p><p>Вартість: 1 Сила волі</p><p>Дія: Вільна</p><p>Пул: Інтелект + Мудрість</p><p>Система: Гравець робить перевірку Інтелект + Мудрість проти Складності місцевої Завіси (зазвичай 2–5). У разі успіху, Гару може сприймати та взаємодіяти з мешканцями обох аспектів існування без штрафів, на розсуд Розповідача. Хоча ця здатність не робить їх видимими для фізичних істот при використанні з Умбри, вона сповіщає деяких духів про їхню присутність при використанні у фізичному світі.</p><p>Тривалість: Одна сцена</p>",
    "bonuses": [],
    "giftType": "native",
    "renown": "wisdom",
    "level": 1,
    "cost": 0,
    "willpowercost": 1,
    "action": "",
    "dicepool": {
      "mRMBlD7U": {
        "path": "attributes.intelligence"
      },
      "CqK8XPUe": {
        "path": "renown.wisdom"
      }
    },
    "duration": "",
    "gamesystem": "werewolf",
    "macroid": ""
  },
  "effects": [],
  "sort": 0,
  "ownership": {
    "default": 0,
    "zzaXLX6rQo9UZdTe": 3,
    "fFnQnXT35gLXdlH1": 3
  },
  "flags": {},
  "_stats": {
    "compendiumSource": null,
    "duplicateSource": null,
    "exportSource": null,
    "coreVersion": "13.346",
    "systemId": "vtm5e",
    "systemVersion": "5.1.4",
    "createdTime": 1754598801605,
    "modifiedTime": 1754598801605,
    "lastModifiedBy": "fFnQnXT35gLXdlH1"
  },
  "_key": "!items!j3CumH1dS6A8ZAMh"
}
