{
  "folder": "2pXnCklj48WmqKxY",
  "name": "Умбральна прив'язь",
  "type": "gift",
  "_id": "m4hPV8t8H0KMfR2R",
  "img": "modules/werewolf-the-apocalypse-5e-compendium-ukr/packs/assets/W5AuspiceTheurge.png",
  "system": {
    "description": "<p>Вхід до Умбри завжди небезпечний, не в останню чергу через її мінливу духовну географію, яка в одну мить відповідає фізичному світу, а в наступну постає чимось зовсім іншим. Цей Дар дозволяє користувачеві знайти шлях назад до точки входу, створюючи сріблясту нитку, що з'єднує його з місцем, де він уперше перетнув Заслону. Цей Дар дарує дух голуба.</p><p>Репутація: Мудрість</p><p>Ціна: 1 Сила Волі</p><p>Дія: Вільна</p><p>Пул: —</p><p>Система: Користувач має активувати цей Дар під час входу до Умбри. Відтоді й до самого виходу з Умбри він завжди може знайти шлях назад, слідуючи за срібною ниткою, яку бачить лише він. Він також отримує бонусні кістки, що дорівнюють його Мудрості, до будь-яких спроб навігації в Духовних Пустках, оскільки прив'язь допомагає йому не ходити колами та не повертатися власними слідами. Цей Дар можна використовувати в будь-якій формі.</p><p>Тривалість: До виходу з Умбри</p>",
    "bonuses": [],
    "giftType": "theurge",
    "renown": "wisdom",
    "level": 5,
    "cost": 0,
    "willpowercost": 1,
    "action": "",
    "dicepool": {},
    "duration": "",
    "gamesystem": "werewolf",
    "macroid": ""
  },
  "effects": [],
  "sort": 0,
  "ownership": {
    "default": 0,
    "zzaXLX6rQo9UZdTe": 3,
    "fFnQnXT35gLXdlH1": 3
  },
  "flags": {
    "vtm5e": {
      "dataItemId": "gift-umbral-tether"
    }
  },
  "_stats": {
    "compendiumSource": null,
    "duplicateSource": null,
    "exportSource": null,
    "coreVersion": "13.346",
    "systemId": "vtm5e",
    "systemVersion": "5.1.4",
    "createdTime": 1754598800370,
    "modifiedTime": 1754598800370,
    "lastModifiedBy": "fFnQnXT35gLXdlH1"
  },
  "_key": "!items!m4hPV8t8H0KMfR2R"
}
