{
  "folder": "2pXnCklj48WmqKxY",
  "name": "Хватка з потойбіччя",
  "type": "gift",
  "_id": "nWGXNqIokXXEU576",
  "img": "modules/werewolf-the-apocalypse-5e-compendium-ukr/packs/assets/W5AuspiceTheurge.png",
  "system": {
    "description": "Цей Дар дозволяє користувачеві переносити об'єкти в Умбру та з неї, за умови, що вони мають фізичну форму, навіть якщо вони не посвячені користувачеві. (Див. Обряд Посвяти, с. 183) Цей Дар дарує дух сороки, бобра чи опосума.\n\nРепутація: Мудрість\n\nВартість: 1–3 Сили Волі\n\nДія: Вільна\n\nПул: Зосередженість + Мудрість\n\nСистема: Під час перетину Завіси (див. с. 230) або зазираючи у фізичний світ з Умбри, користувач міцно хапає фізичний об'єкт і втягує його до Диких Земель Духів — або витягує звідти, проходячи перевірку Зосередженість + Мудрість проти місцевої Завіси. Провал перевірки означає, що об'єкт залишається на місці, хоча користувач не зазнає жодного впливу. Вартість Сили Волі залежить від розміру об'єкта: невеликий предмет (книга чи ноутбук) вимагає одного очка, а великий (автомобіль чи намет) — трьох.\n\nТривалість: —",
    "bonuses": [],
    "giftType": "theurge",
    "renown": "wisdom",
    "level": 5,
    "cost": 0,
    "willpowercost": 1,
    "action": "",
    "dicepool": {
      "L5L6XV99": {
        "path": "attributes.resolve"
      },
      "6XtYg8On": {
        "path": "renown.wisdom"
      }
    },
    "duration": "",
    "gamesystem": "werewolf",
    "macroid": ""
  },
  "effects": [],
  "sort": 0,
  "ownership": {
    "default": 0,
    "zzaXLX6rQo9UZdTe": 3,
    "fFnQnXT35gLXdlH1": 3
  },
  "flags": {
    "vtm5e": {
      "dataItemId": "gift-grasp-from-beyond"
    }
  },
  "_stats": {
    "compendiumSource": null,
    "duplicateSource": null,
    "exportSource": null,
    "coreVersion": "13.346",
    "systemId": "vtm5e",
    "systemVersion": "5.1.4",
    "createdTime": 1754598800370,
    "modifiedTime": 1754598800370,
    "lastModifiedBy": "fFnQnXT35gLXdlH1"
  },
  "_key": "!items!nWGXNqIokXXEU576"
}
