{
  "folder": "1mzewbylYH3hyuZ6",
  "name": "Чуття небезпеки",
  "type": "gift",
  "_id": "NzvGHzEYWojHowa1",
  "img": "modules/werewolf-the-apocalypse-5e-compendium-ukr/packs/assets/W5TribeGhostCouncil.png",
  "system": {
    "description": "<p>Гару стає надприродно пильним до небезпеки і здатний реагувати на раптові загрози, як-от засідка, з надзвичайною швидкістю. Цей Дар дарує дух тварини-здобичі.</p><p>Репутація: Мудрість</p><p>Вартість: —</p><p>Дія: Вільна</p><p>Пул: —</p><p>Система: Гравець Гару додає Мудрість користувача до будь-якої спроби виявити пастки, засідки або несподівані напади. Додавайте ці кістки лише тоді, коли невдача призведе до негайної небезпеки для користувача Дару, а не під час активного обшуку місцевості. Цей Дар можна використовувати в будь-якій формі.</p><p>Тривалість: —</p>",
    "bonuses": [],
    "giftType": "ghostcouncil",
    "renown": "wisdom",
    "level": 3,
    "cost": 0,
    "willpowercost": 0,
    "action": "",
    "dicepool": {},
    "duration": "",
    "gamesystem": "werewolf",
    "macroid": ""
  },
  "effects": [],
  "sort": 0,
  "ownership": {
    "default": 0,
    "zzaXLX6rQo9UZdTe": 3,
    "fFnQnXT35gLXdlH1": 3
  },
  "flags": {
    "vtm5e": {
      "dataItemId": "gift-sense-danger"
    }
  },
  "_stats": {
    "compendiumSource": null,
    "duplicateSource": null,
    "exportSource": null,
    "coreVersion": "13.346",
    "systemId": "vtm5e",
    "systemVersion": "5.1.4",
    "createdTime": 1754598802991,
    "modifiedTime": 1754598802991,
    "lastModifiedBy": "fFnQnXT35gLXdlH1"
  },
  "_key": "!items!NzvGHzEYWojHowa1"
}
