{
  "folder": "rddRDnXecqZwAEwr",
  "name": "Шкіров'яз",
  "type": "gift",
  "_id": "N1RccRlK2CTcKvKq",
  "img": "modules/werewolf-the-apocalypse-5e-compendium-ukr/packs/assets/W5TribeGlassWalkers.png",
  "system": {
    "description": "<p>Гару може використовувати власну шкіру як містичний контейнер, зберігаючи в ній предмети у вигляді тимчасових татуювань або тавр. Цей Дар надає дух-метелик або дух, пов'язаний із письмом чи малюванням.</p><p>Репутація: Мудрість</p><p>Ціна: 1 Сила Волі</p><p>Дія: Повна / незначна</p><p>Пул: —</p><p>Система: Гару може перетворити будь-який звичайний предмет на схоже на татуювання зображення, викарбуване на його власній шкірі. Предмет не може бути більшим за те, що користувач міг би нести у власних руках, оскільки Гару все ще містично відчуває його вагу, поки предмет витатуйований на ньому. Зберігання предмета займає повний хід (у цей момент витрачається Сила Волі), але його вилучення вважається незначною дією. Гару може зберігати кількість об'єктів, що не перевищує його показник Мудрості. Незвичайні предмети можна зберігати таким чином на розсуд Розповідача, і носіння їх у шкірі може викликати непередбачувані побічні ефекти. Цей Дар можна використовувати в будь-якій формі.</p><p>Тривалість: Безстроково</p>",
    "bonuses": [],
    "giftType": "glasswalker",
    "renown": "wisdom",
    "level": 3,
    "cost": 0,
    "willpowercost": 1,
    "action": "",
    "dicepool": {},
    "duration": "",
    "gamesystem": "werewolf",
    "macroid": ""
  },
  "effects": [],
  "sort": 0,
  "ownership": {
    "default": 0,
    "zzaXLX6rQo9UZdTe": 3,
    "fFnQnXT35gLXdlH1": 3
  },
  "flags": {
    "vtm5e": {
      "dataItemId": "gift-skinbind"
    }
  },
  "_stats": {
    "compendiumSource": null,
    "duplicateSource": null,
    "exportSource": null,
    "coreVersion": "13.346",
    "systemId": "vtm5e",
    "systemVersion": "5.1.4",
    "createdTime": 1754598802991,
    "modifiedTime": 1754598802991,
    "lastModifiedBy": "fFnQnXT35gLXdlH1"
  },
  "_key": "!items!N1RccRlK2CTcKvKq"
}
