{
  "folder": "wJwvPDBV2OE9qqC0",
  "name": "Шматуючий Вітер",
  "type": "gift",
  "_id": "tWklDFxpi1hFsk4m",
  "img": "modules/werewolf-the-apocalypse-5e-compendium-ukr/packs/assets/W5TribeGalestalkers.png",
  "system": {
    "description": "Гару викликає пронизливо холодний вітер і спрямовує його на ворогів. Вітер пробирає жертв до кісток, роблячи їх повільними та млявими, а ті, кого застали зненацька, можуть бути збиті з ніг або скинуті з виступів. Цей Дар дарує аватар Північного Вітру.\n\nРепутація: Честь\n\nВартість: 1 перевірка Люті\n\nДія: Повна\n\nПул: Зосередженість + Честь проти Витривалість + Виживання або Спритність + Атлетика\n\nСистема: Гару може націлитися на групу ворогів, що знаходяться в кількох метрах один від одного, на відстані до 20 метрів. Кожен, хто не зміг протистояти перевірці Дару, отримує штраф у дві кістки до резервів фізичних атак. Вітер також можна використати, щоб вивести ціль з рівноваги, але лише проти того, хто не готовий до пориву, і лише проти однієї цілі. У цьому випадку супротивника буде збито з ніг (або скинуто з того, на чому він стояв), якщо він не зможе протистояти за допомогою Спритність + Атлетика, замість того, щоб отримати штраф до кісток від холоду.\n\nТривалість: Перевага",
    "bonuses": [],
    "giftType": "galestalker",
    "renown": "honor",
    "level": 3,
    "cost": 1,
    "willpowercost": 0,
    "action": "",
    "dicepool": {
      "sZKA2PZG": {
        "path": "attributes.resolve"
      },
      "LOck2DOz": {
        "path": "renown.honor"
      }
    },
    "duration": "",
    "gamesystem": "werewolf",
    "macroid": ""
  },
  "effects": [],
  "sort": 0,
  "ownership": {
    "default": 0,
    "zzaXLX6rQo9UZdTe": 3,
    "fFnQnXT35gLXdlH1": 3
  },
  "flags": {
    "vtm5e": {
      "dataItemId": "gift-lacerating-wind"
    }
  },
  "_stats": {
    "compendiumSource": null,
    "duplicateSource": null,
    "exportSource": null,
    "coreVersion": "13.346",
    "systemId": "vtm5e",
    "systemVersion": "5.1.4",
    "createdTime": 1754598802991,
    "modifiedTime": 1754598802991,
    "lastModifiedBy": "fFnQnXT35gLXdlH1"
  },
  "_key": "!items!tWklDFxpi1hFsk4m"
}
