{
  "folder": "3FtVML9BxUF8x40K",
  "name": "Щеняче тіло",
  "type": "gift",
  "_id": "Rwvxf47IaXnIlFJg",
  "img": "modules/werewolf-the-apocalypse-5e-compendium-ukr/packs/assets/W5AuspiceRagabash.png",
  "system": {
    "description": "<p>Це жахливе прокляття змушує тіло ворога всихати й слабшати, його руки тремтять від напруги, а ноги підкошуються. Лише ті, хто має достатньо знань про залучених духів, здатні ефективно захиститися від цих наслідків. Використання цього Дару проти іншого Гару вважається страшною образою, і за менше билися на дуелях до смерті. Цей Дар дарує дух хвороби.</p><p>Репутація: Честь</p><p>Ціна: 1 перевірка Люті</p><p>Дія: Повна</p><p>Пул: Зосередженість + Честь проти Витривалість + Окультизм</p><p>Система: Цей Дар може бути спрямований на будь-кого в межах п'яти метрів і в полі зору користувача, гравець якого має зробити перевірку Зосередженість + Честь проти Витривалість + Окультизм цілі. За кожен успіх у різниці ціль втрачає одну точку одного зі своїх Фізичних Атрибутів (до мінімуму в нуль), оскільки її тіло нищить висушлива духовна хвороба. Ефекти тривають до кінця історії, хоча іноді можуть стати постійними на розсуд Розповідача.</p><p>Тривалість: Одна історія</p>",
    "bonuses": [],
    "giftType": "ragabash",
    "renown": "honor",
    "level": 8,
    "cost": 0,
    "willpowercost": 0,
    "action": "",
    "dicepool": {
      "UTWornre": {
        "path": "attributes.resolve"
      },
      "OJvDKXag": {
        "path": "renown.honor"
      }
    },
    "duration": "",
    "gamesystem": "werewolf",
    "macroid": ""
  },
  "effects": [],
  "sort": 0,
  "ownership": {
    "default": 0,
    "zzaXLX6rQo9UZdTe": 3,
    "fFnQnXT35gLXdlH1": 3
  },
  "flags": {
    "vtm5e": {
      "dataItemId": "gift-whelp-body"
    }
  },
  "_stats": {
    "compendiumSource": null,
    "duplicateSource": null,
    "exportSource": null,
    "coreVersion": "13.346",
    "systemId": "vtm5e",
    "systemVersion": "5.1.4",
    "createdTime": 1754598800370,
    "modifiedTime": 1754598800370,
    "lastModifiedBy": "fFnQnXT35gLXdlH1"
  },
  "_key": "!items!Rwvxf47IaXnIlFJg"
}
