{
  "folder": "MQwDrLIz7TpFeHCN",
  "name": "Щит Дикості",
  "type": "gift",
  "_id": "WDNatuqjCAM4uf8t",
  "img": "modules/werewolf-the-apocalypse-5e-compendium-ukr/packs/assets/W5TribeRedTalons.png",
  "system": {
    "description": "Гару може огорнути себе мінливими енергіями Дичі, що заважатиме зброї та іншим знаряддям Ткалі. Перевертень отримує обмежений імунітет до більшості видів звичайної зброї. Цей Дар надає Серпентин.\n\nРепутація: Честь\n\nВартість: 1 Сила волі\n\nДія: Мала\n\nПул: —\n\nСистема: Поки цей Дар активний, користувач може щоходу ігнорувати кількість рівнів фізичної шкоди, що дорівнює його Честі, якщо ця шкода завдана звичайною зброєю. Дія Дару не поширюється на природну зброю (кігті та ікла), срібло, а також на атаки духовної чи іншої надприродної природи, як-от за допомогою більшості талісманів. Поки цей Дар активний, користувач не може використовувати жодні інструменти чи технологічні пристрої.\n\nТривалість: Одна сцена",
    "bonuses": [],
    "giftType": "redtalon",
    "renown": "honor",
    "level": 9,
    "cost": 0,
    "willpowercost": 1,
    "action": "",
    "dicepool": {},
    "duration": "",
    "gamesystem": "werewolf",
    "macroid": ""
  },
  "effects": [],
  "sort": 0,
  "ownership": {
    "default": 0,
    "zzaXLX6rQo9UZdTe": 3,
    "fFnQnXT35gLXdlH1": 3
  },
  "flags": {
    "vtm5e": {
      "dataItemId": "gift-shield-of-the-wyld"
    }
  },
  "_stats": {
    "compendiumSource": null,
    "duplicateSource": null,
    "exportSource": null,
    "coreVersion": "13.346",
    "systemId": "vtm5e",
    "systemVersion": "5.1.4",
    "createdTime": 1754598802991,
    "modifiedTime": 1754598802991,
    "lastModifiedBy": "fFnQnXT35gLXdlH1"
  },
  "_key": "!items!WDNatuqjCAM4uf8t"
}
