{
  "folder": "rddRDnXecqZwAEwr",
  "name": "Щирість Геї",
  "type": "gift",
  "_id": "pv9zmdJ4eAmYnq2c",
  "img": "modules/werewolf-the-apocalypse-5e-compendium-ukr/packs/assets/W5TribeGlassWalkers.png",
  "system": {
    "description": "<p>Користувач Дару нависає над суб'єктом і ставить запитання, а його голос сповнений погрози та обіцянки швидкої кари. За запахом суб'єкта користувач може визначити, чи вірить той у власну відповідь. (Жертва все ще може відмовитися відповідати.) Цей Дар дарує дух істини.</p><p>Репутація: Слава</p><p>Вартість: 1 перевірка Люті</p><p>Дія: Повна</p><p>Пул: Харизма + Слава проти Стриманість + Хитрість</p><p>Система: Перевірка не потрібна для людини, яка не знає про Гару чи їхні сили. Інша надприродна істота або людина, яка раніше мала справу з Гару, може спробувати протистояти ефекту, і в такому разі гравець користувача повинен виграти перевірку Харизма + Слава проти Стриманість + Хитрість.</p><p>Тривалість: Одне запитання</p>",
    "bonuses": [],
    "giftType": "glasswalker",
    "renown": "glory",
    "level": 3,
    "cost": 1,
    "willpowercost": 0,
    "action": "",
    "dicepool": {
      "fukQL3jR": {
        "path": "attributes.charisma"
      },
      "4zCe8aFH": {
        "path": "renown.glory"
      }
    },
    "duration": "",
    "gamesystem": "werewolf",
    "macroid": ""
  },
  "effects": [],
  "sort": 0,
  "ownership": {
    "default": 0,
    "zzaXLX6rQo9UZdTe": 3,
    "fFnQnXT35gLXdlH1": 3
  },
  "flags": {
    "vtm5e": {
      "dataItemId": "gift-gaia's-candor"
    }
  },
  "_stats": {
    "compendiumSource": null,
    "duplicateSource": null,
    "exportSource": null,
    "coreVersion": "13.346",
    "systemId": "vtm5e",
    "systemVersion": "5.1.4",
    "createdTime": 1754598802991,
    "modifiedTime": 1754598802991,
    "lastModifiedBy": "fFnQnXT35gLXdlH1"
  },
  "_key": "!items!pv9zmdJ4eAmYnq2c"
}
