{
  "folder": null,
  "name": "Обряд відродженого вовка",
  "type": "gift",
  "img": "modules/werewolf-the-apocalypse-5e-compendium/packs/assets/gift.png",
  "system": {
    "description": "<p>Втрата Вовка може стати катастрофою для Ґару посеред небезпечного завдання, особливо якщо перевертень не може відновити його завдяки місяцю. Цей Обряд дозволяє зграї спрямувати свою Лють у члена зграї, який Втратив Вовка (див. с. 133), пробуджуючи його, ніби під світлом Луни. Деякі молоді Ґару зухвало називають цей Обряд «Прикурювання».</p><p>Запас: Слава (найвища у цілі) + Лідерство</p><p>Система: Ціллю цього Обряду має бути член зграї, який Втратив Вовка. Брати участь можуть лише члени зграї цілі, а Складність дорівнює 3. Учасники повинні пожертвувати загалом 3 очки Люті; у разі успішного Обряду ціль отримує один пункт Люті, що повертає їй Вовка. У разі звичайної невдачі Лють повертається до учасників, але в разі Жорстокого провалу вона втрачається, попри невдачу самого Обряду.</p>",
    "bonuses": [],
    "giftType": "rite",
    "renown": "honor",
    "level": 0,
    "cost": 0,
    "willpowercost": 0,
    "action": "",
    "dicepool": {},
    "duration": "",
    "gamesystem": "werewolf",
    "macroid": ""
  },
  "effects": [],
  "ownership": {
    "default": 0,
    "zzaXLX6rQo9UZdTe": 3,
    "fFnQnXT35gLXdlH1": 3
  },
  "flags": {
    "vtm5e": {
      "dataItemId": "gift-rite-of-the-wolf-reborn"
    }
  },
  "_stats": {
    "compendiumSource": null,
    "duplicateSource": null,
    "exportSource": null,
    "coreVersion": "13.346",
    "systemId": "vtm5e",
    "systemVersion": "5.1.4",
    "createdTime": 1754598688982,
    "modifiedTime": 1754598689963,
    "lastModifiedBy": "fFnQnXT35gLXdlH1"
  },
  "_id": "ftz8Fzguxw1YJIAY",
  "sort": 300000,
  "_key": "!items!ftz8Fzguxw1YJIAY"
}