{
  "folder": null,
  "name": "Обряд створення Керну",
  "type": "gift",
  "img": "modules/werewolf-the-apocalypse-5e-compendium/packs/assets/gift.png",
  "system": {
    "description": "Цей Ритуал — один із найскладніших, але найважливіших для перевертнів, оскільки він має силу пробудити сплячий каерн або вирвати контроль над ворожим. Для виконання цього подвигу зазвичай потрібні цілі септи, що ускладнюється тим, що багато каернів активно опираються захопленню ворожими духовними силами. Виконання цього Ритуалу займає багато днів і ночей. Значна частина цього часу витрачається на будівництво та ремонт фізичного прояву каерну, а також на задобрювання місцевих духів шляхом створення належних осель для їхніх духовних форм. Підготовчі ритуали необхідно проводити під час кожної з місячних фаз, і після завершення повного місячного циклу Ритуал переходить у фінальну стадію. На цьому етапі майстер Ритуалу проводить колективну церемонію, залучаючи до допомоги всю зграю чи навіть септу. Успішний Ритуал завершується відкриттям нового каерну, тоді як невдача може призвести до значних духовних ушкоджень і навіть смерті.\n\nЗапас: Мудрість + Ремесло\n\nСистема: Складність створення нового каерну дорівнює 5. При спробі підвищити Рівень Каерну, Складність дорівнює 4 + поточний рейтинг. Перевірка проводиться в кульмінації місячного циклу, після завершення всіх приготувань. Успішний Ритуал створює новий каерн із Рівнем Каерну 1; успішне посилення підвищує Рівень Каерну на 1. Невдача вимагає, щоб майстер Ритуалу (або хтось інший) розпочав щомісячну підготовку заново. Кожен Брутальний результат (пара Брутальних результатів) прикликає ворожого духа або ображає вже присутнього, і з усіма цими духами потрібно розібратися, перш ніж Ритуал можна буде вважати завершеним. Зауважте, що персонажі гравців, які використовують цей Ритуал на каерні власної зграї, повинні витратити очки досвіду, щоб зробити новий каерн або Рівень Каерну дійсним (див. «Каерни» нижче).",
    "bonuses": [],
    "giftType": "rite",
    "renown": "wisdom",
    "level": 0,
    "cost": 0,
    "willpowercost": 0,
    "action": "",
    "dicepool": {
      "gdLufEPR": {
        "path": "renown.wisdom"
      },
      "NaonZnhf": {
        "path": "skills.craft"
      }
    },
    "duration": "",
    "gamesystem": "werewolf",
    "macroid": ""
  },
  "effects": [],
  "ownership": {
    "default": 0,
    "zzaXLX6rQo9UZdTe": 3,
    "fFnQnXT35gLXdlH1": 3
  },
  "flags": {
    "vtm5e": {
      "dataItemId": "gift-rite-of-caern-building"
    }
  },
  "_stats": {
    "compendiumSource": null,
    "duplicateSource": null,
    "exportSource": null,
    "coreVersion": "13.346",
    "systemId": "vtm5e",
    "systemVersion": "5.1.4",
    "createdTime": 1754598676440,
    "modifiedTime": 1754598689963,
    "lastModifiedBy": "fFnQnXT35gLXdlH1"
  },
  "_id": "6o45NOHGu5PvmjKm",
  "sort": 1700000,
  "_key": "!items!6o45NOHGu5PvmjKm"
}