{
  "folder": null,
  "name": "Обряд покровительства",
  "type": "gift",
  "img": "modules/werewolf-the-apocalypse-5e-compendium/packs/assets/gift.png",
  "system": {
    "description": "Багато зграй Ґару отримують заступництво Духа-Покровителя, який об'єднує їх у боротьбі та дарує їм благословення. Виконуючи цей Обряд, перевертні приймають Покровителя зграї, обраного з-поміж Духів-Покровителів племен, до яких належать члени зграї. Обряд передбачає не лише здобуття прихильності нового Покровителя, а й подяку попередньому за його допомогу, щоб майбутня взаємодія не зіпсувалася. Деякі зграї регулярно змінюють Духа-Покровителя одночасно з аналогічною ротацією титулу лідера. Інші мають більш прагматичний підхід, благаючи про допомогу того Духа-Покровителя, який буде найкориснішим для їхнього поточного завдання. Духи-Покровителі, не пов'язані з окремими племенами, також можуть запропонувати свою прихильність, якщо зграя шукає такої специфічної сторонньої допомоги, хоча до таких духів часто важче звернутися та вблагати їх. Такий вибір майже напевно передбачає подорож, щоб знайти духа і здобути його прихильність, а також, можливо, надати докази своєї компетентності.\n\nРезерв: Слава (типу, пов'язаного з новим Духом-Покровителем зграї) + Етикет\n\nСистема: Усі члени зграї повинні брати участь у цьому Обряді, хоча майстер Обряду не обов'язково має бути пов'язаний із бажаним Духом-Покровителем. Базова складність — 4, мінус кількість ігрових сесій з моменту вибору останнього Духа-Покровителя (мінімум 1). Успіх дозволяє всім членам зграї користуватися прихильністю цього Духа-Покровителя протягом усього часу покровительства на додаток до прихильності свого племені, а бонус прихильності для будь-якого члена зграї, що вже належить до племені нового Покровителя, подвоюється. Дивіться розділ про племена для отримання інформації про Духів-Покровителів та дари, які вони надають. Жорстокий наслідок не призводить до провалу Обряду, але гнівить попереднього Духа-Покровителя, якого необхідно задобрити виконанням завдання чи покутної праці, а також Обрядом Спокути, перш ніж до нього можна буде знову звернутися.",
    "bonuses": [],
    "giftType": "rite",
    "renown": "honor",
    "level": 0,
    "cost": 0,
    "willpowercost": 0,
    "action": "",
    "dicepool": {},
    "duration": "",
    "gamesystem": "werewolf",
    "macroid": ""
  },
  "effects": [],
  "ownership": {
    "default": 0,
    "zzaXLX6rQo9UZdTe": 3,
    "fFnQnXT35gLXdlH1": 3
  },
  "flags": {
    "vtm5e": {
      "dataItemId": "gift-rite-of-patronage"
    }
  },
  "_stats": {
    "compendiumSource": null,
    "duplicateSource": null,
    "exportSource": null,
    "coreVersion": "13.346",
    "systemId": "vtm5e",
    "systemVersion": "5.1.4",
    "createdTime": 1754598680878,
    "modifiedTime": 1754598689963,
    "lastModifiedBy": "fFnQnXT35gLXdlH1"
  },
  "_id": "0HoD6WCPe4EGVM59",
  "sort": 1200000,
  "_key": "!items!0HoD6WCPe4EGVM59"
}