{
  "folder": null,
  "name": "Обряд умиротворення",
  "type": "gift",
  "img": "modules/werewolf-the-apocalypse-5e-compendium/packs/assets/gift.png",
  "system": {
    "description": "На противагу Ритуалу Люті, Ритуал Спокою — це спосіб для Гару нешкідливо позбутися Люті, щоб краще підготуватися до світських заходів, перебування серед людей або виконання інших Ритуалів. Виконання цього Ритуалу може бути похмурим або заспокійливим, серйозним або грайливим, варіюючись від майже хорового гармонійного виття до хитромудрих словесних ігор, призначених для згладжування образ.\n\nЗапас: Мудрість + Виступ\n\nСистема: Базова складність Ритуалу дорівнює кількості учасників, але ніколи не менше 3. У разі перемоги кожен учасник знижує свою Лють до 1. У разі брутального результату ритуал провалюється, і кожен учасник отримує рівень поверхневого пошкодження Сили Волі, оскільки їхні розчарування беруть гору.",
    "bonuses": [],
    "giftType": "rite",
    "renown": "wisdom",
    "level": 0,
    "cost": 0,
    "willpowercost": 0,
    "action": "",
    "dicepool": {
      "RRoqmFW5": {
        "path": "renown.wisdom"
      },
      "Uxt36L0P": {
        "path": "skills.performance"
      }
    },
    "duration": "",
    "gamesystem": "werewolf",
    "macroid": ""
  },
  "effects": [],
  "ownership": {
    "default": 0,
    "zzaXLX6rQo9UZdTe": 3,
    "fFnQnXT35gLXdlH1": 3
  },
  "flags": {
    "vtm5e": {
      "dataItemId": "gift-rite-of-tranquility"
    }
  },
  "_stats": {
    "compendiumSource": null,
    "duplicateSource": null,
    "exportSource": null,
    "coreVersion": "13.346",
    "systemId": "vtm5e",
    "systemVersion": "5.1.4",
    "createdTime": 1754598689956,
    "modifiedTime": 1754598689963,
    "lastModifiedBy": "fFnQnXT35gLXdlH1"
  },
  "_id": "8vk7MJNoa3tjNvrZ",
  "sort": 200000,
  "_key": "!items!8vk7MJNoa3tjNvrZ"
}