{
  "folder": null,
  "name": "Обряд відречення",
  "type": "gift",
  "img": "modules/werewolf-the-apocalypse-5e-compendium/packs/assets/gift.png",
  "system": {
    "description": "<p>Цей ритуал очищує людину, місце чи об'єкт, виганяючи будь-яку духовну одержимість. Присутні духи виганяються, а будь-які містичні властивості об'єкта, наприклад Талісмана, знімаються. Існує багато варіантів цього Ритуалу: одні передбачають випалювання шкідливого впливу вогнем, інші — виття виконавців на ціль у спробі відлякати одержимість, а ще інші — складні написи та обереги. Однак усі вони так чи інакше залишають на цільовому об'єкті фізичні пошкодження. Якщо Ритуал проводиться над живою істотою, вона має бути згодною або знерухомленою.</p><p>Резерв: Честь + Окультизм</p><p>Система: Складність очищення об'єкта залежить від низки факторів, таких як розмір об'єкта, тривалість його насичення та сила сутності, що його наситила. Дерево, нещодавно заселене ворожим Прокляттям, може мати Складність 3, тоді як гора, що тисячоліттями слугувала місцем спочинку древнього духа, — 6 або більше. Брутальний провал цього Ритуалу розлючує духа-одержителя, який або оживляє об'єкт і атакує, або вселяється в щось небезпечніше поблизу, щоб краще здійснити свою помсту.</p>",
    "bonuses": [],
    "giftType": "rite",
    "renown": "honor",
    "level": 0,
    "cost": 0,
    "willpowercost": 0,
    "action": "",
    "dicepool": {
      "NZrVYgbD": {
        "path": "renown.honor"
      },
      "jRrArgmi": {
        "path": "skills.occult"
      }
    },
    "duration": "",
    "gamesystem": "werewolf",
    "macroid": ""
  },
  "effects": [],
  "ownership": {
    "default": 0,
    "zzaXLX6rQo9UZdTe": 3,
    "fFnQnXT35gLXdlH1": 3
  },
  "flags": {
    "vtm5e": {
      "dataItemId": "gift-rite-of-abjuration"
    }
  },
  "_stats": {
    "compendiumSource": null,
    "duplicateSource": null,
    "exportSource": null,
    "coreVersion": "13.346",
    "systemId": "vtm5e",
    "systemVersion": "5.1.4",
    "createdTime": 1754598674496,
    "modifiedTime": 1754598689963,
    "lastModifiedBy": "fFnQnXT35gLXdlH1"
  },
  "_id": "d4kxJzyaIaaPXJtY",
  "sort": 1600000,
  "_key": "!items!d4kxJzyaIaaPXJtY"
}