{
  "folder": null,
  "name": "Обряд Тіньового Переходу",
  "type": "gift",
  "img": "modules/werewolf-the-apocalypse-5e-compendium/packs/assets/gift.png",
  "system": {
    "description": "<p>Ґару унікальні тим, що є істотами водночас із плоті та духу. Цей Обряд дозволяє зграї на мить відкрити шлях між фізичним світом та Умброю, даючи перевертням змогу переходити з одного в інший і назад. Оскільки цей Обряд значною мірою полягає у досягненні певного стану свідомості, способів його проведення існує стільки ж, скільки й зграй — від малювання складних геометричних фігур і розташування дзеркал до вживання галюциногенів.</p><p>Пул: Слава (будь-яка) + Окультизм</p><p>Система: Складність Обряду дорівнює місцевому показнику Завіси: для активного каерну це може бути 2, для міського провулку — 3 або 4, тоді як у стерильному лабораторному середовищі вона може сягати 6. Складність повернення з Умбри у фізичний світ за допомогою цього Обряду зменшується на 2. Успішна перевірка дозволяє всім учасникам пройти крізь Завісу, хоча з ними не може пройти нічого, крім їхнього ритуального одягу (див. нижче), якщо тільки неритуальним предметам не допомагають Дари чи інші надприродні ефекти. Кожен брутальний результат змушує учасників отримати рівень агравованих ушкоджень під час переходу, але не призводить до автоматичного провалу Обряду.</p>",
    "bonuses": [],
    "giftType": "rite",
    "renown": "honor",
    "level": 0,
    "cost": 0,
    "willpowercost": 0,
    "action": "",
    "dicepool": {},
    "duration": "",
    "gamesystem": "werewolf",
    "macroid": ""
  },
  "effects": [],
  "ownership": {
    "default": 0,
    "zzaXLX6rQo9UZdTe": 3,
    "fFnQnXT35gLXdlH1": 3
  },
  "flags": {
    "vtm5e": {
      "dataItemId": "gift-rite-of-shadow-passage"
    }
  },
  "_stats": {
    "compendiumSource": null,
    "duplicateSource": null,
    "exportSource": null,
    "coreVersion": "13.346",
    "systemId": "vtm5e",
    "systemVersion": "5.1.4",
    "createdTime": 1754598682682,
    "modifiedTime": 1754598689963,
    "lastModifiedBy": "fFnQnXT35gLXdlH1"
  },
  "_id": "t5CvRrlKputeUHzY",
  "sort": 700000,
  "_key": "!items!t5CvRrlKputeUHzY"
}