{
  "folder": null,
  "name": "Ритуал шепітливого поля",
  "type": "gift",
  "img": "modules/werewolf-the-apocalypse-5e-compendium/packs/assets/gift.png",
  "system": {
    "description": "<p>Цей обряд, що проводиться біля каерну, дозволяє учасникам налаштуватися на навколишню місцевість і надзвичайно гостро відчувати кожен образ, запах і звук (або їхню відсутність), що могли б видати порушника. Сама трава в полі й птахи на деревах стають їхньою живою системою спостереження. Обряд часто виконується охоронцями каерну в поєднанні з Обрядом Живого Каерну.</p><p>Запас кубиків: Мудрість + Виживання</p><p>Система: Складність Обряду дорівнює 2 плюс 1 за кожного учасника, окрім майстра Обряду. У разі успішного проведення Обряду всі учасники отримують 2 звичайні кубики, що зараховуються як успіхи, для будь-якої перевірки Усвідомлення з метою виявлення порушників на околиці каерну (території, що оточує каерн; якщо точна область невідома — приблизно кілометр в усіх напрямках), а також аналогічний бонус до інших перевірок для вистежування чи розслідування щодо порушників. Ефект триває протягом одного місячного циклу. У разі нищівного провалу духи й тварини на території навколо каерну сполохуються, і ніхто не може спробувати провести Обряд знову, доки не мине один місячний цикл.</p>",
    "bonuses": [],
    "giftType": "rite",
    "renown": "wisdom",
    "level": 0,
    "cost": 0,
    "willpowercost": 0,
    "action": "",
    "dicepool": {
      "OfppRCP4": {
        "path": "renown.wisdom"
      },
      "md7sDIDK": {
        "path": "skills.survival"
      }
    },
    "duration": "",
    "gamesystem": "werewolf",
    "macroid": ""
  },
  "effects": [],
  "ownership": {
    "default": 0,
    "zzaXLX6rQo9UZdTe": 3,
    "fFnQnXT35gLXdlH1": 3
  },
  "flags": {
    "vtm5e": {
      "dataItemId": "gift-rite-of-the-whispering-field"
    }
  },
  "_stats": {
    "compendiumSource": null,
    "duplicateSource": null,
    "exportSource": null,
    "coreVersion": "13.346",
    "systemId": "vtm5e",
    "systemVersion": "5.1.4",
    "createdTime": 1754598687970,
    "modifiedTime": 1754598689963,
    "lastModifiedBy": "fFnQnXT35gLXdlH1"
  },
  "_id": "xdrVGgzn6a7WyLz2",
  "sort": 100000,
  "_key": "!items!xdrVGgzn6a7WyLz2"
}