{
  "folder": null,
  "name": "Обряд забутого запису",
  "type": "gift",
  "img": "modules/werewolf-the-apocalypse-5e-compendium/packs/assets/gift.png",
  "system": {
    "description": "<p>Оскільки світ такий, який він є, Ґару досить часто доводиться мати справу із законом та його порушеннями. Обличчя потрапляють на записи з камер спостереження, відбитки пальців — у небезпечні бази даних, а ДНК позначається та каталогізується. Цей Дар насилає безліч дрібних духів Дикості, щоб ті посіяли хаос у будь-якій записаній інформації про Ґару-учасників. Хоча він і не може змусити живу істоту щось забути, він спричиняє масове пошкодження даних, втрату зразків та плутанину у звітах, що стосуються зграї, яка виконує Обряд.</p><p>Запас: Мудрість + Розслідування</p><p>Система: Складність виконання цього Обряду дорівнює кількості учасників. У разі успіху Складність пошуку чи ідентифікації учасників за допомогою будь-яких наявних баз даних або записів збільшується на 3, проте на спогади окремих осіб це не впливає. Ефект триває, доки учасники уникають неприємностей — будь-який майбутній тяжкий злочин або інша форма офіційної реєстрації вимагає повторного виконання Обряду, інакше дія Дару припиняється. Жорстокий результат означає, що духи підібралися надто близько до розуму того, хто раніше стикався з персонажами (наприклад, слідчого ФБР). Ця людина відновить або розпочне нове розслідування, не в змозі викинути обличчя персонажів із голови.</p>",
    "bonuses": [],
    "giftType": "rite",
    "renown": "wisdom",
    "level": 0,
    "cost": 0,
    "willpowercost": 0,
    "action": "",
    "dicepool": {
      "E8HkYXsU": {
        "path": "renown.wisdom"
      },
      "iI0kZAI0": {
        "path": "skills.investigation"
      }
    },
    "duration": "",
    "gamesystem": "werewolf",
    "macroid": ""
  },
  "effects": [],
  "ownership": {
    "default": 0,
    "zzaXLX6rQo9UZdTe": 3,
    "fFnQnXT35gLXdlH1": 3
  },
  "flags": {
    "vtm5e": {
      "dataItemId": "gift-rite-of-the-forgetful-record"
    }
  },
  "_stats": {
    "compendiumSource": null,
    "duplicateSource": null,
    "exportSource": null,
    "coreVersion": "13.346",
    "systemId": "vtm5e",
    "systemVersion": "5.1.4",
    "createdTime": 1754598685452,
    "modifiedTime": 1754598689963,
    "lastModifiedBy": "fFnQnXT35gLXdlH1"
  },
  "_id": "qKfts2NSfUQnH2V2",
  "sort": 400000,
  "_key": "!items!qKfts2NSfUQnH2V2"
}