{
  "folder": null,
  "name": "Обряд люті",
  "type": "gift",
  "img": "modules/werewolf-the-apocalypse-5e-compendium/packs/assets/gift.png",
  "system": {
    "description": "<p>Відомий під багатьма іменами серед окремих септ та зграй, Обряд Люті має єдину мету: розпалити Лють зграї перед тим, як вона зіткнеться з небезпекою та насильством. Танець з вогнем, биття в барабани, ритуальні поєдинки або просто бійки на футбольному матчі — усе це є прийнятними проявами цього Обряду.</p><p>Резерв: Слава + Залякування</p><p>Система: Базова Складність Обряду дорівнює кількості учасників, але ніколи не менше 3. У разі перемоги кожен учасник збільшує свою Лють на один пункт. (Майстер Обряду може вирішити, щоб кожен учасник отримав натомість 2 пункти, що збільшує Складність на 2.) Жорстокий результат не призводить до провалу Обряду, але кожен такий результат змушує всіх учасників отримати один рівень Поверхневих ушкоджень, оскільки агресія виривається назовні — танець з вогнем виходить з-під контролю та поширюється, ритуальний поєдинок закінчується справжнім кровопролиттям, а футбольний матч перетворюється на загальну бійку, де виконавці опиняються в епіцентрі бунту.</p>",
    "bonuses": [],
    "giftType": "rite",
    "renown": "glory",
    "level": 0,
    "cost": 0,
    "willpowercost": 0,
    "action": "",
    "dicepool": {
      "058qWsI5": {
        "path": "renown.glory"
      },
      "mtJsALI1": {
        "path": "skills.intimidation"
      }
    },
    "duration": "",
    "gamesystem": "werewolf",
    "macroid": ""
  },
  "effects": [],
  "ownership": {
    "default": 0,
    "zzaXLX6rQo9UZdTe": 3,
    "fFnQnXT35gLXdlH1": 3
  },
  "flags": {
    "vtm5e": {
      "dataItemId": "gift-rite-of-rage"
    }
  },
  "_stats": {
    "compendiumSource": null,
    "duplicateSource": null,
    "exportSource": null,
    "coreVersion": "13.346",
    "systemId": "vtm5e",
    "systemVersion": "5.1.4",
    "createdTime": 1754598681772,
    "modifiedTime": 1754598689963,
    "lastModifiedBy": "fFnQnXT35gLXdlH1"
  },
  "_id": "i7ClpFflq6ikvo5L",
  "sort": 1100000,
  "_key": "!items!i7ClpFflq6ikvo5L"
}