{
  "folder": null,
  "name": "Чин покаяння",
  "type": "gift",
  "img": "modules/werewolf-the-apocalypse-5e-compendium/packs/assets/gift.png",
  "system": {
    "description": "<p>Цей Обряд є частиною, а часто й кульмінацією, покаяння, що його виконують Ґару, аби загладити провину перед ображеним чи зневаженим духом, або ж позбутися досади (див. с. 142). Щоб провести обряд, Ґару мусить або зробити невеликий подарунок ображеним сторонам, або, у випадку з духом, мати при собі певний аспект відповідного духа (наприклад, глиняного сокола, якщо Ґару звертається до Духа-Покровителя Сокола), якому він віддає шану. (Звісно, цей аспект Обряду не замінює необхідного покаяння.)</p><p>Запас кубиків: Честь + Етикет</p><p>Система: Складність цього Обряду дорівнює 2 + штраф до Слави, отриманий через досаду, або, у випадку з духом, половині його Сили (округлити вгору). Виконавці, що провалили Обряд, можуть спробувати ще раз наступного дня, а сторони, що прагнуть прощення, часто мусять повторювати Обряд кілька разів, перш ніж успішно його завершити. Брутальний результат призводить до провалу й означає, що було завдано додаткової образи, тож необхідно здійснити подальше покаяння, перш ніж можна буде знову спробувати провести Обряд. (Характер цього покаяння залежить від образи та ображених сторін і залишається на розсуд Оповідача.)</p>",
    "bonuses": [],
    "giftType": "rite",
    "renown": "honor",
    "level": 0,
    "cost": 0,
    "willpowercost": 0,
    "action": "",
    "dicepool": {
      "9E7wfDXD": {
        "path": "renown.honor"
      },
      "Tmt5BOdR": {
        "path": "skills.etiquette"
      }
    },
    "duration": "",
    "gamesystem": "werewolf",
    "macroid": ""
  },
  "effects": [],
  "ownership": {
    "default": 0,
    "zzaXLX6rQo9UZdTe": 3,
    "fFnQnXT35gLXdlH1": 3
  },
  "flags": {
    "vtm5e": {
      "dataItemId": "gift-rite-of-contrition"
    }
  },
  "_stats": {
    "compendiumSource": null,
    "duplicateSource": null,
    "exportSource": null,
    "coreVersion": "13.346",
    "systemId": "vtm5e",
    "systemVersion": "5.1.4",
    "createdTime": 1754598678357,
    "modifiedTime": 1754598689963,
    "lastModifiedBy": "fFnQnXT35gLXdlH1"
  },
  "_id": "BkdZ6k7CjnruQ2vH",
  "sort": 1500000,
  "_key": "!items!BkdZ6k7CjnruQ2vH"
}