{
  "folder": null,
  "name": "Обряд Оповитої Долини",
  "type": "gift",
  "img": "modules/werewolf-the-apocalypse-5e-compendium/packs/assets/gift.png",
  "system": {
    "description": "<p>Септи використовують цей Обряд, щоб непомітно сховати каерн від очей звичайних людей, чи то ворогів, чи то випадкових перехожих. Хоча він і не створює справжніх ілюзій чи невидимості, його виконання відвертає увагу відвідувачів так, що лише ті, хто рішуче налаштований знайти каерн, зможуть це зробити. Наприклад, обряд може полягати у плетінні широкої, але складної павутини з ліан, мотузок, кабелів чи дротів між верхівками дерев або скельними виступами, але кожен септ має власні варіанти.</p><p>Резерв: Мудрість + Ремесло</p><p>Система: Складність виконання цього Обряду дорівнює 2 + Рівень Каерну. У разі успіху він додає два кубики до будь-якої спроби замаскувати або приховати каерн, а також накладає штраф у два кубики на будь-яку перевірку для випадкового виявлення каерну. Ефект триває протягом місячного циклу. У разі брутального провалу усе сплетене павутиння (або будь-яку іншу форму, якої набуває Обряд) необхідно зруйнувати й переробити, і ніхто не зможе повторити Обряд, доки не мине місячний цикл.</p>",
    "bonuses": [],
    "giftType": "rite",
    "renown": "wisdom",
    "level": 0,
    "cost": 0,
    "willpowercost": 0,
    "action": "",
    "dicepool": {
      "O1LYzVTu": {
        "path": "renown.wisdom"
      },
      "fEHivT2s": {
        "path": "skills.craft"
      }
    },
    "duration": "",
    "gamesystem": "werewolf",
    "macroid": ""
  },
  "effects": [],
  "ownership": {
    "default": 0,
    "zzaXLX6rQo9UZdTe": 3,
    "fFnQnXT35gLXdlH1": 3
  },
  "flags": {
    "vtm5e": {
      "dataItemId": "gift-rite-of-the-shrouded-glen"
    }
  },
  "_stats": {
    "compendiumSource": null,
    "duplicateSource": null,
    "exportSource": null,
    "coreVersion": "13.346",
    "systemId": "vtm5e",
    "systemVersion": "5.1.4",
    "createdTime": 1754598687131,
    "modifiedTime": 1754598689963,
    "lastModifiedBy": "fFnQnXT35gLXdlH1"
  },
  "_id": "mILO2E9mapduYGMI",
  "sort": 500000,
  "_key": "!items!mILO2E9mapduYGMI"
}