{
  "type": "Item",
  "folder": null,
  "name": "Містичні",
  "color": null,
  "sorting": "a",
  "_id": "Q1h9oTLWeLqeV03O",
  "description": "",
  "sort": 0,
  "flags": {},
  "_stats": {
    "compendiumSource": null,
    "duplicateSource": null,
    "exportSource": null,
    "coreVersion": "13.347",
    "systemId": "vtm5e",
    "systemVersion": "5.1.4",
    "createdTime": 1755473445953,
    "modifiedTime": 1755473456445,
    "lastModifiedBy": "fFnQnXT35gLXdlH1"
  },
  "_key": "!folders!Q1h9oTLWeLqeV03O"
}
