{
  "folder": "Q1h9oTLWeLqeV03O",
  "name": "Обряд викликання духів",
  "type": "gift",
  "img": "modules/werewolf-the-apocalypse-5e-compendium-ukr/packs/assets/gift.png",
  "system": {
    "description": "<p>За допомогою цього обряду Гару може прикликати відсутнього, байдужого чи навіть неохочого духа. Однак дух не зобов'язаний слухатися виконавця обряду, і якщо Гару не розраховує на дружні перемовини, він зазвичай доповнює цей обряд відповідними Дарами або іншим обрядом, наприклад, Обрядом прив'язування. Щоб провести цей обряд, виконавець мусить привернути увагу духа: або перебуваючи у його володіннях, або біля людини чи предмета, одержимого цим духом, або, якщо дух викликається з глибинних куточків Умбри, знаючи його ім'я.</p><p><strong>Пул</strong>: Честь + Переконання проти Могутності</p><p><strong>Система</strong>: Обряд мусить проводитися в місці, куди дух може дістатися. Якщо дух прив'язаний до предмета чи місця, обряд слід проводити в ньому або біля нього. Якщо дух не прив'язаний до певного фізичного об'єкта, виконавець натомість мусить знати його ім'я. Дайспул опору — це Могутність духа, змінена місцевою Завісою (-2 кубики в каерні; +2 кубики, якщо Завіса незвично висока). Стосунки виконавця обряду з духом також можуть мати значення та впливати на відповідні дайспули. У разі успішного прикликання дух зобов'язаний залишитися на одну сцену, після чого може вільно піти. У разі жорстокого результату дух буде глибоко ображений і вдасться до будь-яких ворожих дій проти виконавців обряду, на які тільки здатний.</p>",
    "bonuses": [],
    "giftType": "rite",
    "renown": "honor",
    "level": 0,
    "cost": 0,
    "willpowercost": 0,
    "action": "",
    "dicepool": {
      "lCZA4fcQ": {
        "path": "renown.honor"
      },
      "1Bmmotto": {
        "path": "skills.persuasion"
      }
    },
    "duration": "",
    "gamesystem": "werewolf",
    "macroid": ""
  },
  "effects": [],
  "ownership": {
    "default": 0,
    "zzaXLX6rQo9UZdTe": 3,
    "fFnQnXT35gLXdlH1": 3
  },
  "flags": {
    "vtm5e": {
      "dataItemId": "gift-rite-of-spirit-summoning"
    }
  },
  "_stats": {
    "compendiumSource": null,
    "duplicateSource": null,
    "exportSource": null,
    "coreVersion": "13.347",
    "systemId": "vtm5e",
    "systemVersion": "5.1.4",
    "createdTime": 1754598684545,
    "modifiedTime": 1755478046711,
    "lastModifiedBy": "fFnQnXT35gLXdlH1"
  },
  "_id": "ujN3wEG0uptZRUQi",
  "sort": 100000,
  "_key": "!items!ujN3wEG0uptZRUQi"
}
