{
  "folder": "Q1h9oTLWeLqeV03O",
  "name": "Обряд шукання роду",
  "type": "gift",
  "img": "modules/werewolf-the-apocalypse-5e-compendium-ukr/packs/assets/gift.png",
  "system": {
    "description": "<p>Знайти новонародженого Ґару, особливо до того, як він нашкодить собі чи іншим, — це нелегке завдання. Тоді як багато Шукачів Родичів використовують звичайні методи розслідування, як-от перевірка новин про «напади диких тварин» та вбивства, цей Обряд дає їм шанс знайти Родича до того, як трапиться нещасний випадок. Наділяючи здатністю вистежувати Родичів за запахом, обряд часто включає спалювання трав та пахощів для створення суперечливих запахів, і він, як правило, лякає будь-яку тварину з гострим нюхом, включно з собаками, в радіусі близько кілометра від місця його проведення.</p><p></p><p><strong>Пул</strong>: Мудрість + Розслідування</p><p><strong>Система</strong>: Дія Обряду поширюється приблизно на територію невеликого міста або великого міського району, а Складність визначається фізичною відстанню до найближчого Родича. (Складність 2, якщо він по сусідству, 4 — якщо на іншому кінці міста.) Присутність інших перевертнів також збиває зі сліду, збільшуючи Складність на 1, якщо в зоні дії перебуває будь-який Ґару, що не належить до зграї виконавців Обряду. Успішний кидок додає два кубики до будь-яких майбутніх перевірок відповідних Навичок для пошуку цього конкретного Родича протягом цілого місяця після того, як майстер Обряду його виконає.</p>",
    "bonuses": [],
    "giftType": "rite",
    "renown": "wisdom",
    "level": 0,
    "cost": 0,
    "willpowercost": 0,
    "action": "",
    "dicepool": {
      "fm666urr": {
        "path": "renown.wisdom"
      },
      "SHdN01nH": {
        "path": "skills.investigation"
      }
    },
    "duration": "",
    "gamesystem": "werewolf",
    "macroid": ""
  },
  "effects": [],
  "ownership": {
    "default": 0,
    "zzaXLX6rQo9UZdTe": 3,
    "fFnQnXT35gLXdlH1": 3
  },
  "flags": {
    "vtm5e": {
      "dataItemId": "gift-rite-of-kinseeking"
    }
  },
  "_stats": {
    "compendiumSource": null,
    "duplicateSource": null,
    "exportSource": null,
    "coreVersion": "13.347",
    "systemId": "vtm5e",
    "systemVersion": "5.1.4",
    "createdTime": 1754598680048,
    "modifiedTime": 1755478332133,
    "lastModifiedBy": "fFnQnXT35gLXdlH1"
  },
  "_id": "GDluZYqaQSdo9JeK",
  "sort": 140625,
  "_key": "!items!GDluZYqaQSdo9JeK"
}
