{
  "folder": "Q1h9oTLWeLqeV03O",
  "name": "Обряд святкування",
  "type": "gift",
  "img": "modules/werewolf-the-apocalypse-5e-compendium-ukr/packs/assets/gift.png",
  "system": {
    "description": "<p>В епоху Апокаліпсису Ґару мусять знаходити час, щоб відзначати маленькі перемоги, навіть якщо велика війна, можливо, вже програна. Цей Обряд — це організоване святкування, яким керує майстер Обряду так, щоб воно не перетворилося на галасливу гулянку чи жорстоку бійню, і щоб приділити час вшануванню кожного члена зграї та духів, від яких вони отримали допомогу. При належному виконанні цей Обряд зміцнює душевну стійкість учасників і готує їх до майбутніх випробувань.</p><p><strong>Пул</strong>: Честь + Виконання</p><p><strong>Система</strong>: Цей Обряд можна виконати лише після того, як зграя здобула перемогу. Його можна спробувати провести лише раз за історію, щоб дозволити зграї відновити Силу Волі понад звичайний максимум. Майстер Обряду вирішує, скільки рівнів ушкоджень Сили Волі хочуть відновити члени зграї. Складність дорівнює цьому числу. У разі успіху кожен член зграї відновлює зазначену кількість рівнів поверхневих ушкоджень Сили Волі. Вони також можуть відновити Аґравовані ушкодження Сили Волі за курсом два до одного. Провал, включно з брутальним результатом, не відновлює Силу Волі, але не має подальших наслідків, якщо Оповідач не вирішить інакше.</p>",
    "bonuses": [],
    "giftType": "rite",
    "renown": "honor",
    "level": 0,
    "cost": 0,
    "willpowercost": 0,
    "action": "",
    "dicepool": {
      "JiTwAIyM": {
        "path": "renown.honor"
      },
      "ceOnkH56": {
        "path": "skills.performance"
      }
    },
    "duration": "",
    "gamesystem": "werewolf",
    "macroid": ""
  },
  "effects": [],
  "ownership": {
    "default": 0,
    "zzaXLX6rQo9UZdTe": 3,
    "fFnQnXT35gLXdlH1": 3
  },
  "flags": {
    "vtm5e": {
      "dataItemId": "gift-rite-of-celebration"
    }
  },
  "_stats": {
    "compendiumSource": null,
    "duplicateSource": null,
    "exportSource": null,
    "coreVersion": "13.347",
    "systemId": "vtm5e",
    "systemVersion": "5.1.4",
    "createdTime": 1754598677529,
    "modifiedTime": 1755478256481,
    "lastModifiedBy": "fFnQnXT35gLXdlH1"
  },
  "_id": "AP6Sph6W5d1LO09K",
  "sort": 37500,
  "_key": "!items!AP6Sph6W5d1LO09K"
}
