{
  "folder": "Q1h9oTLWeLqeV03O",
  "name": "Обряд посвячення",
  "type": "gift",
  "img": "modules/werewolf-the-apocalypse-5e-compendium-ukr/packs/assets/gift.png",
  "system": {
    "description": "<p>Цей Ритуал духовно прив'язує комплект одягу до перевертня, дозволяючи Ґару змінювати форму без того, щоб присвячений одяг рвався на шматки. Натомість одяг переходить у невидимий духовний стан і повертається, коли Ґару набуває форми, яка може його носити. Хоча деталі різняться від зграї до зграї, ритуал часто вимагає, щоб одержувач роздягнувся догола і вдягав обраний одяг по одній речі за раз. Одночасно до одного Ґару може бути Присвячено лише один комплект одягу, що часто призводить до того, що кожен перевертень має певний «образ» протягом тижнів, а то й місяців.</p><p><strong>Пул</strong>: —</p><p><strong>Система</strong>: Майстер Ритуалу може провести цей Ритуал над собою або іншим Ґару. Після присвячення одяг залишається на Ґару — незалежно від того, чи змінює перевертень форму, чи входить до Умбри — і, здавалося б, зникає та з'являється знову, залежно від того, чи пасує він до поточної форми перевертня. Таким чином можна присвятити лише одяг або дрібнички, як-от прикраси, але не сумки чи інше спорядження для зберігання, проте дрібні предмети, що зберігаються в кишенях або подібним чином, отримують ту ж перевагу, хоча для доступу до таких предметів одяг має бути фізично присутнім. Комплект одягу зберігає цю властивість доти, доки його власник не присвятить інший одяг або доки одяг не буде випрано — вручну — у будь-чому, крім проточної води струмка чи річки. (Теурги припускають, що енергії Дичі, необхідні для підтримки одягу в стані духовного потоку, чутливі до скверни Ткалі; інші звинувачують у цьому хімічні домішки у водопровідній воді.)</p>",
    "bonuses": [],
    "giftType": "rite",
    "renown": "honor",
    "level": 0,
    "cost": 0,
    "willpowercost": 0,
    "action": "",
    "dicepool": {},
    "duration": "",
    "gamesystem": "werewolf",
    "macroid": ""
  },
  "effects": [],
  "ownership": {
    "default": 0,
    "zzaXLX6rQo9UZdTe": 3,
    "fFnQnXT35gLXdlH1": 3
  },
  "flags": {
    "vtm5e": {
      "dataItemId": "gift-rite-of-dedication"
    }
  },
  "_stats": {
    "compendiumSource": null,
    "duplicateSource": null,
    "exportSource": null,
    "coreVersion": "13.347",
    "systemId": "vtm5e",
    "systemVersion": "5.1.4",
    "createdTime": 1754598679205,
    "modifiedTime": 1755478248840,
    "lastModifiedBy": "fFnQnXT35gLXdlH1"
  },
  "_id": "THHRG2yKksgbkXXr",
  "sort": 25000,
  "_key": "!items!THHRG2yKksgbkXXr"
}
