{
  "folder": "Q1h9oTLWeLqeV03O",
  "name": "Обряд ганьби",
  "type": "gift",
  "img": "modules/werewolf-the-apocalypse-5e-compendium-ukr/packs/assets/gift.png",
  "system": {
    "description": "<p>Суспільство Ґару — жорстоке, і на тих, хто збивається зі шляху, неодмінно чекають наслідки. Цей Обряд — одна з найсуворіших форм покарання, але від цього він не стає рідкіснішим. Обряд посилює ярмо досади на винному Ґару, ще більше знижуючи його статус і цінність в очах одноплемінників, духів і навіть його самого. Проте ті, на кого він чекає, зазвичай покірно підкоряються, адже опір може означати вигнання або й щось гірше. Тож Обряд — це урочиста подія, схожа на винесення вироку, під час якої винний Ґару або зграя зізнається у своїх провинах і присягає їх спокутувати. У кульмінації Обряду кожен винний мусить позначити себе, наприклад, вплітаючи кілька помітних пасом у свою гриву чи хутро, і носити цю мітку, доки не спокутує свої злочини чи провини. Доти ця мітка розповідатиме всім про його ганьбу. </p><p><br><strong>Пул</strong>: — <br><strong>Система</strong>: Штраф за досаду для винного Ґару або зграї збільшується до 2. (Див. с. 142). Умови для завершення дії Обряду пов'язані зі зняттям досади й визначаються під час його проведення. Якщо Ґару-порушник зніме мітку завчасно, його переслідуватиме огидний сморід, доки він не нанесе її знову. Сморід накладає штраф у три кубики на всі Соціальні кидки.</p>",
    "bonuses": [],
    "giftType": "rite",
    "renown": "honor",
    "level": 0,
    "cost": 0,
    "willpowercost": 0,
    "action": "",
    "dicepool": {},
    "duration": "",
    "gamesystem": "werewolf",
    "macroid": ""
  },
  "effects": [],
  "ownership": {
    "default": 0,
    "zzaXLX6rQo9UZdTe": 3,
    "fFnQnXT35gLXdlH1": 3
  },
  "flags": {
    "vtm5e": {
      "dataItemId": "gift-rite-of-shame"
    }
  },
  "_stats": {
    "compendiumSource": null,
    "duplicateSource": null,
    "exportSource": null,
    "coreVersion": "13.347",
    "systemId": "vtm5e",
    "systemVersion": "5.1.4",
    "createdTime": 1754598683638,
    "modifiedTime": 1755478095629,
    "lastModifiedBy": "fFnQnXT35gLXdlH1"
  },
  "_id": "oNqwjpQY2hU5qwVi",
  "sort": 0,
  "_key": "!items!oNqwjpQY2hU5qwVi"
}
