{
  "folder": "Q1h9oTLWeLqeV03O",
  "name": "Обряд зв'язування",
  "type": "gift",
  "img": "modules/werewolf-the-apocalypse-5e-compendium-ukr/packs/assets/gift.png",
  "system": {
    "description": "<p>Цей обряд прив'язує духа до фізичного об'єкта. Чим могутніший дух, тим складніший процес. Зазвичай духи заперечують проти прив'язки, якщо тільки вони не в добрих стосунках з майстром Обряду та його Духом-Покровителем. Духів можна прив'язувати до предметів, місць і навіть людей, хоча більшість Ґару зазвичай не вдаються до такого, хіба що мають особливо черству натуру. Прив'язка духів на надто тривалий час також зазвичай розглядається як непотрібне знущання з тих, хто має бути союзниками Ґару, хоча цей погляд не є беззаперечним, як-от для деяких теургів з Ради Привидів.</p><p><strong>Пул</strong>: Слава + Окультизм</p><p><strong>Система</strong>: Якщо дух не перебуває у винятково добрих стосунках з майстром Обряду — що робить Обряд автоматично успішним — дух протистоїть Обряду своєю Силою. Перемога в перевірці прив'язує духа на один тиждень, додаючи ще один тиждень за кожен надлишковий успіх. Жорстокий результат перевірки Обряду гнівить духа (якщо він ще не був розгніваний) і дозволяє йому вселитися в одного з учасників на одну сцену (якщо дух вирішить це зробити — багато з них просто хочуть втекти звідси). Точна природа одержимості залежить від духа та примх Оповідача, але не одна зграя загинула, намагаючись зробити слугою сильнішого за себе.</p>",
    "bonuses": [],
    "giftType": "rite",
    "renown": "glory",
    "level": 0,
    "cost": 0,
    "willpowercost": 0,
    "action": "",
    "dicepool": {
      "cjRemsoK": {
        "path": "renown.glory"
      },
      "KpIB9uGB": {
        "path": "skills.occult"
      }
    },
    "duration": "",
    "gamesystem": "werewolf",
    "macroid": ""
  },
  "effects": [],
  "ownership": {
    "default": 0,
    "zzaXLX6rQo9UZdTe": 3,
    "fFnQnXT35gLXdlH1": 3
  },
  "flags": {
    "vtm5e": {
      "dataItemId": "gift-rite-of-binding"
    }
  },
  "_stats": {
    "compendiumSource": null,
    "duplicateSource": null,
    "exportSource": null,
    "coreVersion": "13.347",
    "systemId": "vtm5e",
    "systemVersion": "5.1.4",
    "createdTime": 1754598675597,
    "modifiedTime": 1755478120406,
    "lastModifiedBy": "fFnQnXT35gLXdlH1"
  },
  "_id": "ivmXkyVmogyAQGJe",
  "sort": 150000,
  "_key": "!items!ivmXkyVmogyAQGJe"
}
