{
  "folder": "Q1h9oTLWeLqeV03O",
  "name": "Обряд Живого Каерна",
  "type": "gift",
  "img": "modules/werewolf-the-apocalypse-5e-compendium-ukr/packs/assets/gift.png",
  "system": {
    "description": "<p>Цей Обряд дозволяє учасникам оживити каерн, поновивши свій зв'язок із ним і зміцнюючи його зв'язок з Умброю. Без регулярного проведення цього Обряду каерни в'януть і згасають або втрачають рівновагу, стаючи маяками для ворожих духів і згубних енергій. Цей Обряд має проводитися у визначений час щомісяця, інакше каерн починає — або продовжує — занепадати. Септи іноді перетворюють цей Обряд на грандіозну подію, приурочуючи його до великого віча чи якогось іншого важливого громадського зібрання.</p><p><strong>Пул</strong> Мудрість + Ремесло</p><p><strong>Система</strong>: Складність для проведення цього Обряду дорівнює 2 + Рівень Каерну. Успіх у перевірці Обряду означає, що каерн зберігає свій рівень принаймні до наступного щомісячного проведення. Провал вимагає нової спроби наступної ночі, і якщо Обряд провалюється (або Ґару нехтують ним) протягом усього періоду повного місяця, Рівень Каерну падає на 1 (див. стор. 191). Кожен Брутальний результат спричиняє ускладнення (наприклад, незначний злий дух, що перетинає Рукавицю, або візит місцевого правоохоронця, який отримав скарги на галас), але не призводить до автоматичного провалу.</p>",
    "bonuses": [],
    "giftType": "rite",
    "renown": "wisdom",
    "level": 0,
    "cost": 0,
    "willpowercost": 0,
    "action": "",
    "dicepool": {
      "dXhbrDav": {
        "path": "renown.wisdom"
      },
      "RQfDBi1m": {
        "path": "skills.craft"
      }
    },
    "duration": "",
    "gamesystem": "werewolf",
    "macroid": ""
  },
  "effects": [],
  "ownership": {
    "default": 0,
    "zzaXLX6rQo9UZdTe": 3,
    "fFnQnXT35gLXdlH1": 3
  },
  "flags": {
    "vtm5e": {
      "dataItemId": "gift-rite-of-the-living-caern"
    }
  },
  "_stats": {
    "compendiumSource": null,
    "duplicateSource": null,
    "exportSource": null,
    "coreVersion": "13.347",
    "systemId": "vtm5e",
    "systemVersion": "5.1.4",
    "createdTime": 1754598686320,
    "modifiedTime": 1755478104502,
    "lastModifiedBy": "fFnQnXT35gLXdlH1"
  },
  "_id": "laXoYqfTAAYJGnnR",
  "sort": 400000,
  "_key": "!items!laXoYqfTAAYJGnnR"
}
