{
  "type": "Item",
  "folder": null,
  "name": "Соціальні",
  "color": null,
  "sorting": "a",
  "_id": "gacKOQolzpoZiWfQ",
  "description": "",
  "sort": 100000,
  "flags": {},
  "_stats": {
    "compendiumSource": null,
    "duplicateSource": null,
    "exportSource": null,
    "coreVersion": "13.347",
    "systemId": "vtm5e",
    "systemVersion": "5.1.4",
    "createdTime": 1755473451920,
    "modifiedTime": 1755473480973,
    "lastModifiedBy": "fFnQnXT35gLXdlH1"
  },
  "_key": "!folders!gacKOQolzpoZiWfQ"
}
