{
  "folder": "LUysqBJdcQUWbaOe",
  "name": "Пробуджений Каерн",
  "type": "feature",
  "_id": "lFfizRhoWtYJtonW",
  "img": "modules/werewolf-the-apocalypse-5e-compendium/packs/assets/gift.png",
  "system": {
    "description": "Ви є частиною септи, що охороняє каерн, який уже певною мірою пробуджений, або ж стоїте на порозі відкриття значущого, вже наполовину пробудженого каерна. Додайте одиницю до рівня першого каерна, до якого ви приєднаєтесь або який відкриєте. Ця Риса не підсумовується, але декілька членів можуть «вкластися», щоб накопичити п'ять крапок, на розсуд Оповідача.",
    "bonuses": [],
    "uses": {
      "max": 0,
      "current": 0,
      "enabled": false
    },
    "featuretype": "merit",
    "points": 5,
    "macroid": ""
  },
  "effects": [],
  "sort": 0,
  "ownership": {
    "default": 0,
    "zzaXLX6rQo9UZdTe": 3,
    "fFnQnXT35gLXdlH1": 3
  },
  "flags": {
    "vtm5e": {
      "dataItemId": "feature-awakened-caern"
    }
  },
  "_stats": {
    "compendiumSource": null,
    "duplicateSource": null,
    "exportSource": null,
    "coreVersion": "13.346",
    "systemId": "vtm5e",
    "systemVersion": "5.1.4",
    "createdTime": 1754598826648,
    "modifiedTime": 1754598826648,
    "lastModifiedBy": "fFnQnXT35gLXdlH1"
  },
  "_key": "!items!lFfizRhoWtYJtonW"
}