{
  "folder": "QKuRWbIrsNvscPEl",
  "name": "Приголомшливо",
  "type": "feature",
  "_id": "oIGL6a7TRgTt1p3S",
  "img": "modules/werewolf-the-apocalypse-5e-compendium/packs/assets/gift.png",
  "system": {
    "description": "Ви додаєте два додаткові кубики до всіх відповідних Соціальних пулів кубиків, як зазначено вище.",
    "bonuses": [],
    "uses": {
      "max": 0,
      "current": 0,
      "enabled": false
    },
    "featuretype": "merit",
    "points": 4,
    "macroid": ""
  },
  "effects": [],
  "sort": 0,
  "ownership": {
    "default": 0,
    "zzaXLX6rQo9UZdTe": 3,
    "fFnQnXT35gLXdlH1": 3
  },
  "flags": {
    "vtm5e": {
      "dataItemId": "feature-••••-stunning"
    }
  },
  "_stats": {
    "compendiumSource": null,
    "duplicateSource": null,
    "exportSource": null,
    "coreVersion": "13.346",
    "systemId": "vtm5e",
    "systemVersion": "5.1.4",
    "createdTime": 1754598826648,
    "modifiedTime": 1754598826648,
    "lastModifiedBy": "fFnQnXT35gLXdlH1"
  },
  "_key": "!items!oIGL6a7TRgTt1p3S"
}