{
  "folder": "8nIbXfSlBnoD3RZ0",
  "name": "••• Роз'ятрений місяцем",
  "type": "feature",
  "_id": "vAfmbons0Md5cfnW",
  "img": "modules/werewolf-the-apocalypse-5e-compendium/packs/assets/gift.png",
  "system": {
    "description": "Місяць розпалює вашу Лють навіть сильніше, ніж у більшості інших перевертнів. Ви отримуєте додаткове очко Люті, коли вперше за ніч виєте на місяць.",
    "bonuses": [],
    "uses": {
      "max": 0,
      "current": 0,
      "enabled": false
    },
    "featuretype": "merit",
    "points": 3,
    "macroid": ""
  },
  "effects": [],
  "sort": 0,
  "ownership": {
    "default": 0,
    "zzaXLX6rQo9UZdTe": 3,
    "fFnQnXT35gLXdlH1": 3
  },
  "flags": {},
  "_stats": {
    "compendiumSource": null,
    "duplicateSource": null,
    "exportSource": null,
    "coreVersion": "13.346",
    "systemId": "vtm5e",
    "systemVersion": "5.1.4",
    "createdTime": 1754598826648,
    "modifiedTime": 1754598826648,
    "lastModifiedBy": "fFnQnXT35gLXdlH1"
  },
  "_key": "!items!vAfmbons0Md5cfnW"
}