{
  "folder": "wlgKLLJRhcGtb1ql",
  "name": "•• Підтверджена основна робота",
  "type": "feature",
  "_id": "31Rms5P014TstFyx",
  "img": "modules/werewolf-the-apocalypse-5e-compendium/packs/assets/gift.png",
  "system": {
    "description": "Як і у випадку з «Роботою» вище, але особи, з якими ви працюєте (або вдаєте, що працюєте), підтверджують ваші заяви щодо роботи, надаючи обґрунтування, що виходить за межі базових документів про працевлаштування. Додайте два кубики до аналогічних резервів, як і вище.",
    "bonuses": [],
    "uses": {
      "max": 0,
      "current": 0,
      "enabled": false
    },
    "featuretype": "merit",
    "points": 2,
    "macroid": ""
  },
  "effects": [],
  "sort": 0,
  "ownership": {
    "default": 0,
    "zzaXLX6rQo9UZdTe": 3,
    "fFnQnXT35gLXdlH1": 3
  },
  "flags": {
    "vtm5e": {
      "dataItemId": "feature-corroborated-day-job"
    }
  },
  "_stats": {
    "compendiumSource": null,
    "duplicateSource": null,
    "exportSource": null,
    "coreVersion": "13.346",
    "systemId": "vtm5e",
    "systemVersion": "5.1.4",
    "createdTime": 1754598826648,
    "modifiedTime": 1754598826648,
    "lastModifiedBy": "fFnQnXT35gLXdlH1"
  },
  "_key": "!items!31Rms5P014TstFyx"
}