{
  "folder": "DCRmwL9yjifodIBD",
  "name": "•• Компаньйон",
  "type": "feature",
  "_id": "nEsRYbW9v3WcP91p",
  "img": "modules/werewolf-the-apocalypse-5e-compendium/packs/assets/gift.png",
  "system": {
    "description": "Дух може супроводжувати вас, куди б ви не пішли, доки ви не натрапите на духовні обереги чи інші відповідні контрзаходи. Якщо дух також не має фізичного носія, зв'язок із ним обмежується Умброю або доступом до Духовних пусток за допомогою Пенумбральних чуттів (див. с. 147). Тому місцевості з сильною Рукавицею можуть перервати зв'язок із духом, навіть якщо він усе ще перебуває по той бік.",
    "bonuses": [],
    "uses": {
      "max": 0,
      "current": 0,
      "enabled": false
    },
    "featuretype": "background",
    "points": 2,
    "macroid": ""
  },
  "effects": [],
  "sort": 0,
  "ownership": {
    "default": 0,
    "zzaXLX6rQo9UZdTe": 3,
    "fFnQnXT35gLXdlH1": 3
  },
  "flags": {},
  "_stats": {
    "compendiumSource": null,
    "duplicateSource": null,
    "exportSource": null,
    "coreVersion": "13.346",
    "systemId": "vtm5e",
    "systemVersion": "5.1.4",
    "createdTime": 1754598845606,
    "modifiedTime": 1754598845606,
    "lastModifiedBy": "fFnQnXT35gLXdlH1"
  },
  "_key": "!items!nEsRYbW9v3WcP91p"
}