{
  "folder": "ZNc3COt4DlBceW7m",
  "name": "•• Таємний притулок",
  "type": "feature",
  "_id": "b0Ox1oHyhb6of9qL",
  "img": "modules/werewolf-the-apocalypse-5e-compendium/packs/assets/gift.png",
  "system": {
    "description": "Спроби розшукати Гару та будь-кого з ними, поки вони перебувають у притулку, зазнають штрафу в 2 кубики.",
    "bonuses": [],
    "uses": {
      "max": 0,
      "current": 0,
      "enabled": false
    },
    "featuretype": "merit",
    "points": 2,
    "macroid": ""
  },
  "effects": [],
  "sort": 0,
  "ownership": {
    "default": 0,
    "zzaXLX6rQo9UZdTe": 3,
    "fFnQnXT35gLXdlH1": 3
  },
  "flags": {},
  "_stats": {
    "compendiumSource": null,
    "duplicateSource": null,
    "exportSource": null,
    "coreVersion": "13.346",
    "systemId": "vtm5e",
    "systemVersion": "5.1.4",
    "createdTime": 1754598826648,
    "modifiedTime": 1754598826648,
    "lastModifiedBy": "fFnQnXT35gLXdlH1"
  },
  "_key": "!items!b0Ox1oHyhb6of9qL"
}