{
  "folder": "LUysqBJdcQUWbaOe",
  "name": "• Доступ до Каерну",
  "type": "feature",
  "_id": "qUREqj7UUXeET1VN",
  "img": "modules/werewolf-the-apocalypse-5e-compendium/packs/assets/gift.png",
  "system": {
    "description": "Доступ до Каерну: Вам дозволено користуватися певним Каерном, що належить іншому септу, за умови, що ваші дії не заважатимуть їхній діяльності та не загрожуватимуть безпеці каерну. Вам слід узгодити природу каерну та септ-охоронець з Оповідачем.",
    "bonuses": [],
    "uses": {
      "max": 0,
      "current": 0,
      "enabled": false
    },
    "featuretype": "merit",
    "points": 1,
    "macroid": ""
  },
  "effects": [],
  "sort": 0,
  "ownership": {
    "default": 0,
    "zzaXLX6rQo9UZdTe": 3,
    "fFnQnXT35gLXdlH1": 3
  },
  "flags": {
    "vtm5e": {
      "dataItemId": "feature-•-caern-access"
    }
  },
  "_stats": {
    "compendiumSource": null,
    "duplicateSource": null,
    "exportSource": null,
    "coreVersion": "13.346",
    "systemId": "vtm5e",
    "systemVersion": "5.1.4",
    "createdTime": 1754598826648,
    "modifiedTime": 1754598826648,
    "lastModifiedBy": "fFnQnXT35gLXdlH1"
  },
  "_key": "!items!qUREqj7UUXeET1VN"
}