{
  "folder": "QKuRWbIrsNvscPEl",
  "name": "• Климент Лупус",
  "type": "feature",
  "_id": "Js1LGTSMRAIyKcYM",
  "img": "modules/werewolf-the-apocalypse-5e-compendium/packs/assets/gift.png",
  "system": {
    "description": "Твоя вовча форма більше схожа на собаку, ніж на вовка, і якщо немає причин вважати інакше, жоден сторонній спостерігач, побачивши тебе в цій формі, не подумає, що ти вовк.",
    "bonuses": [],
    "uses": {
      "max": 0,
      "current": 0,
      "enabled": false
    },
    "featuretype": "merit",
    "points": 1,
    "macroid": ""
  },
  "effects": [],
  "sort": 0,
  "ownership": {
    "default": 0,
    "zzaXLX6rQo9UZdTe": 3,
    "fFnQnXT35gLXdlH1": 3
  },
  "flags": {
    "vtm5e": {
      "dataItemId": "feature-•-clement-lupus"
    }
  },
  "_stats": {
    "compendiumSource": null,
    "duplicateSource": null,
    "exportSource": null,
    "coreVersion": "13.346",
    "systemId": "vtm5e",
    "systemVersion": "5.1.4",
    "createdTime": 1754598826648,
    "modifiedTime": 1754598826648,
    "lastModifiedBy": "fFnQnXT35gLXdlH1"
  },
  "_key": "!items!Js1LGTSMRAIyKcYM"
}