{
  "folder": "QuR4Wj0esibid3Qo",
  "name": "Швець, коблер (десерт)",
  "type": "feature",
  "_id": "miFPZD1A0aJhQ4UM",
  "img": "modules/werewolf-the-apocalypse-5e-compendium/packs/assets/gift.png",
  "system": {
    "description": "<p>Ви можете створювати або діставати Маски. Створення Маски займає три дні за крапку та, можливо, викриває вас онлайн; діставання Масок займає один день за крапку, але вимагає чогось натомість. Скільки саме — залежить від ваших важелів впливу, переваги в Соціальній перевірці або будь-чого іншого, що вирішить Оповідач.</p>",
    "bonuses": [],
    "uses": {
      "max": 0,
      "current": 0,
      "enabled": false
    },
    "featuretype": "merit",
    "points": 1,
    "macroid": ""
  },
  "effects": [],
  "sort": 0,
  "ownership": {
    "default": 0,
    "zzaXLX6rQo9UZdTe": 3,
    "fFnQnXT35gLXdlH1": 3
  },
  "flags": {},
  "_stats": {
    "compendiumSource": null,
    "duplicateSource": null,
    "exportSource": null,
    "coreVersion": "13.346",
    "systemId": "vtm5e",
    "systemVersion": "5.1.4",
    "createdTime": 1754598845606,
    "modifiedTime": 1754598845606,
    "lastModifiedBy": "fFnQnXT35gLXdlH1"
  },
  "_key": "!items!miFPZD1A0aJhQ4UM"
}