{
  "folder": "wlgKLLJRhcGtb1ql",
  "name": "• Основна робота",
  "type": "feature",
  "_id": "4MDdhx7d4MBXaEnZ",
  "img": "modules/werewolf-the-apocalypse-5e-compendium/packs/assets/gift.png",
  "system": {
    "description": "<p>Спроби приховати вашу природу Гару за допомогою роботи отримують бонус в один кубик до відповідних пулів, наприклад, Хитрощі («Це був не я; я того дня був на роботі») або Переконання («Як ви думаєте, скільки перевертнів наймає кабельна компанія для монтажних робіт?»).</p>",
    "bonuses": [],
    "uses": {
      "max": 0,
      "current": 0,
      "enabled": false
    },
    "featuretype": "merit",
    "points": 1,
    "macroid": ""
  },
  "effects": [],
  "sort": 0,
  "ownership": {
    "default": 0,
    "zzaXLX6rQo9UZdTe": 3,
    "fFnQnXT35gLXdlH1": 3
  },
  "flags": {
    "vtm5e": {
      "dataItemId": "feature-day-job"
    }
  },
  "_stats": {
    "compendiumSource": null,
    "duplicateSource": null,
    "exportSource": null,
    "coreVersion": "13.346",
    "systemId": "vtm5e",
    "systemVersion": "5.1.4",
    "createdTime": 1754598826648,
    "modifiedTime": 1754598826648,
    "lastModifiedBy": "fFnQnXT35gLXdlH1"
  },
  "_key": "!items!4MDdhx7d4MBXaEnZ"
}