{
  "folder": "DCRmwL9yjifodIBD",
  "name": "",
  "type": "feature",
  "_id": "OqCt1YFfuWV81WfW",
  "img": "modules/werewolf-the-apocalypse-5e-compendium/packs/assets/gift.png",
  "system": {
    "description": "Дух має постійне тіло-носій, наприклад тварину, або здатність вселятися в інший вид поширених об'єктів, як-от дерева чи монітори. Це дозволяє йому взаємодіяти з вами та будь-ким іншим у фізичному світі. (Зауважте, що духів без риси «Супутник» усе одно потрібно викликати.)",
    "bonuses": [],
    "uses": {
      "max": 0,
      "current": 0,
      "enabled": false
    },
    "featuretype": "background",
    "points": 1,
    "macroid": ""
  },
  "effects": [],
  "sort": 0,
  "ownership": {
    "default": 0,
    "zzaXLX6rQo9UZdTe": 3,
    "fFnQnXT35gLXdlH1": 3
  },
  "flags": {},
  "_stats": {
    "compendiumSource": null,
    "duplicateSource": null,
    "exportSource": null,
    "coreVersion": "13.346",
    "systemId": "vtm5e",
    "systemVersion": "5.1.4",
    "createdTime": 1754598845606,
    "modifiedTime": 1754598845606,
    "lastModifiedBy": "fFnQnXT35gLXdlH1"
  },
  "_key": "!items!OqCt1YFfuWV81WfW"
}