{
  "folder": "8nIbXfSlBnoD3RZ0",
  "name": "• Прискорений Місяцем",
  "type": "feature",
  "_id": "IVNRPx9n0e9zPyvo",
  "img": "modules/werewolf-the-apocalypse-5e-compendium/packs/assets/gift.png",
  "system": {
    "description": "<p>Місяць надихає вас більше, ніж інших вовкулак. Коли ви вперше за ніч виєте на місяць, ви можете відновити один пункт поверхневого ушкодження Сили волі.</p>",
    "bonuses": [],
    "uses": {
      "max": 0,
      "current": 0,
      "enabled": false
    },
    "featuretype": "merit",
    "points": 1,
    "macroid": ""
  },
  "effects": [],
  "sort": 0,
  "ownership": {
    "default": 0,
    "zzaXLX6rQo9UZdTe": 3,
    "fFnQnXT35gLXdlH1": 3
  },
  "flags": {},
  "_stats": {
    "compendiumSource": null,
    "duplicateSource": null,
    "exportSource": null,
    "coreVersion": "13.346",
    "systemId": "vtm5e",
    "systemVersion": "5.1.4",
    "createdTime": 1754598826648,
    "modifiedTime": 1754598826648,
    "lastModifiedBy": "fFnQnXT35gLXdlH1"
  },
  "_key": "!items!IVNRPx9n0e9zPyvo"
}