{
  "folder": "84wmdbMKxE6cGQFj",
  "name": "Союзники (Ефективність)",
  "type": "feature",
  "_id": "BuGwzm1TY4ukolWA",
  "img": "modules/werewolf-the-apocalypse-5e-compendium/packs/assets/gift.png",
  "system": {
    "description": "<p>• Слабка особистість, ймовірно, марна в ситуації з насильством або загрозою насильства.</p><p>•• Пересічна особистість або згуртована група слабких особистостей (примхливі докери, погано організована профспілка, відділення НУО)</p><p>••• Обдарована особистість або небезпечна група пересічних особистостей (вулична банда, оточення знаменитості, добре організований осередок профспілки робітників)</p><p>•••• Неперевершена особистість, обдарована особистість, можливо, з надприродними здібностями, або добре озброєна група обдарованих особистостей (загін приватної охорони, контингент юристів, команда тренованих спортсменів)</p>",
    "bonuses": [],
    "uses": {
      "max": 0,
      "current": 0,
      "enabled": false
    },
    "featuretype": "background",
    "points": 0,
    "macroid": ""
  },
  "effects": [],
  "sort": 0,
  "ownership": {
    "default": 0,
    "zzaXLX6rQo9UZdTe": 3,
    "fFnQnXT35gLXdlH1": 3
  },
  "flags": {},
  "_stats": {
    "compendiumSource": null,
    "duplicateSource": null,
    "exportSource": null,
    "coreVersion": "13.346",
    "systemId": "vtm5e",
    "systemVersion": "5.1.4",
    "createdTime": 1754598845606,
    "modifiedTime": 1754598845606,
    "lastModifiedBy": "fFnQnXT35gLXdlH1"
  },
  "_key": "!items!BuGwzm1TY4ukolWA"
}