{
  "folder": "84wmdbMKxE6cGQFj",
  "name": "Союзники (Надійність)",
  "type": "feature",
  "_id": "1WIRwkPAGv8WyEI8",
  "img": "modules/werewolf-the-apocalypse-5e-compendium/packs/assets/gift.png",
  "system": {
    "description": "<p>Без крапок: Союзника не можна покликати за бажанням, але він допоможе вам, коли буде поблизу.</p><p>• Коли ви його кличете, він з'являється у половині випадків.</p><p>•• Коли ви його кличете, він з'являється протягом 1–10 годин (киньте кубик).</p><p>••• Коли ви його кличете, він з'являється якнайшвидше.</p>",
    "bonuses": [],
    "uses": {
      "max": 0,
      "current": 0,
      "enabled": false
    },
    "featuretype": "background",
    "points": 0,
    "macroid": ""
  },
  "effects": [],
  "sort": 0,
  "ownership": {
    "default": 0,
    "zzaXLX6rQo9UZdTe": 3,
    "fFnQnXT35gLXdlH1": 3
  },
  "flags": {},
  "_stats": {
    "compendiumSource": null,
    "duplicateSource": null,
    "exportSource": null,
    "coreVersion": "13.346",
    "systemId": "vtm5e",
    "systemVersion": "5.1.4",
    "createdTime": 1754598845606,
    "modifiedTime": 1754598845606,
    "lastModifiedBy": "fFnQnXT35gLXdlH1"
  },
  "_key": "!items!1WIRwkPAGv8WyEI8"
}