{
  "name": "Фони",
  "sorting": "a",
  "folder": null,
  "type": "Item",
  "_id": "d6cWr8XLEk5wHrdq",
  "description": "",
  "sort": 200000,
  "color": "#a0771c",
  "flags": {},
  "_stats": {
    "compendiumSource": null,
    "duplicateSource": null,
    "exportSource": null,
    "coreVersion": "13.346",
    "systemId": "vtm5e",
    "systemVersion": "5.1.4",
    "createdTime": 1754598845589,
    "modifiedTime": 1754598845613,
    "lastModifiedBy": "fFnQnXT35gLXdlH1"
  },
  "_key": "!folders!d6cWr8XLEk5wHrdq"
}