{
  "folder": "aRfUizKO5DlQORVk",
  "name": "Контакти",
  "type": "feature",
  "_id": "gbX1OARgTYJXM2AB",
  "img": "modules/werewolf-the-apocalypse-5e-compendium/packs/assets/gift.png",
  "system": {
    "description": "<p>• Один Контакт, що може надати вам поширену, але специфічну інформацію, наприклад, дилер травички або продавець автомобілів.</p><p>•• Один Контакт, що може надати вам рідкісну та конфіденційну інформацію, наприклад, дрібний торговець зброєю або психіатр.</p><p>••• Один Контакт, що може надати вам критично важливу та навіть засекречену урядом інформацію, наприклад, експерт із систем безпеки, агент відділу боротьби з наркотиками або елітний лобіст.</p>",
    "bonuses": [],
    "uses": {
      "max": 0,
      "current": 0,
      "enabled": false
    },
    "featuretype": "background",
    "points": 0,
    "macroid": ""
  },
  "effects": [],
  "sort": 0,
  "ownership": {
    "default": 0,
    "zzaXLX6rQo9UZdTe": 3,
    "fFnQnXT35gLXdlH1": 3
  },
  "flags": {},
  "_stats": {
    "compendiumSource": null,
    "duplicateSource": null,
    "exportSource": null,
    "coreVersion": "13.346",
    "systemId": "vtm5e",
    "systemVersion": "5.1.4",
    "createdTime": 1754598845606,
    "modifiedTime": 1754598845606,
    "lastModifiedBy": "fFnQnXT35gLXdlH1"
  },
  "_key": "!items!gbX1OARgTYJXM2AB"
}