{
  "folder": "7ZTEVFFosXY77OE7",
  "name": "Слава",
  "type": "feature",
  "_id": "9tcW6Pgj8itbC79B",
  "img": "modules/werewolf-the-apocalypse-5e-compendium/packs/assets/gift.png",
  "system": {
    "description": "<p>• Певна субкультура знає, хто ви, і захоплюється вами.</p><p>•• Ви — місцева знаменитість, яку впізнає більшість мешканців міста.</p><p>••• Більшість людей у країні знають принаймні ваше ім'я.</p><p>•••• Кожен, хто хоч трохи цікавиться соціальними трендами чи вашою сферою діяльності, щось про вас знає.</p><p>••••• Ваша слава сягає масової національної, а то й світової аудиторії. Ви — кінозірка першої величини, рок-виконавець, що збирає стадіони, або популярна інтернет-персона.</p>",
    "bonuses": [],
    "uses": {
      "max": 0,
      "current": 0,
      "enabled": false
    },
    "featuretype": "background",
    "points": 0,
    "macroid": ""
  },
  "effects": [],
  "sort": 0,
  "ownership": {
    "default": 0,
    "zzaXLX6rQo9UZdTe": 3,
    "fFnQnXT35gLXdlH1": 3
  },
  "flags": {},
  "_stats": {
    "compendiumSource": null,
    "duplicateSource": null,
    "exportSource": null,
    "coreVersion": "13.346",
    "systemId": "vtm5e",
    "systemVersion": "5.1.4",
    "createdTime": 1754598845606,
    "modifiedTime": 1754598845606,
    "lastModifiedBy": "fFnQnXT35gLXdlH1"
  },
  "_key": "!items!9tcW6Pgj8itbC79B"
}