{
  "folder": "lKPlVRC8wY6jYYMG",
  "name": "Вада: (••) Безнадійна залежність",
  "type": "feature",
  "_id": "VogzPM3RAu77Y9lq",
  "img": "modules/werewolf-the-apocalypse-5e-compendium/packs/assets/gift.png",
  "system": {
    "description": "Втратьте два кубики з усіх пулів, якщо ви не вживали обрану речовину протягом останньої сцени, за винятком пулів для дій, що дозволяють негайно отримати ваш наркотик.",
    "bonuses": [],
    "uses": {
      "max": 0,
      "current": 0,
      "enabled": false
    },
    "featuretype": "flaw",
    "points": 2,
    "macroid": ""
  },
  "effects": [],
  "sort": 0,
  "ownership": {
    "default": 0,
    "zzaXLX6rQo9UZdTe": 3,
    "fFnQnXT35gLXdlH1": 3
  },
  "flags": {},
  "_stats": {
    "compendiumSource": null,
    "duplicateSource": null,
    "exportSource": null,
    "coreVersion": "13.346",
    "systemId": "vtm5e",
    "systemVersion": "5.1.4",
    "createdTime": 1754598826648,
    "modifiedTime": 1754598826648,
    "lastModifiedBy": "fFnQnXT35gLXdlH1"
  },
  "_key": "!items!VogzPM3RAu77Y9lq"
}