{
  "folder": "LUysqBJdcQUWbaOe",
  "name": "Вада: (•) Парія Каерну",
  "type": "feature",
  "_id": "7eZB0zwoaKVS36J7",
  "img": "modules/werewolf-the-apocalypse-5e-compendium/packs/assets/gift.png",
  "system": {
    "description": "Ви стали небажаним гостем у всіх каернах на вашій території (у рідному місті чи іншій ключовій для хроніки місцевості). Вам доведеться або дорого платити за право доступу, зазвичай виконуючи небезпечні завдання, або діяти потайки. Якщо вас упіймають, справа, найімовірніше, переросте в насильство. Це не стосується каерну септи, до якої ви належите, проте може стати приводом, якщо хтось із вашої септи захоче вас позбутися.",
    "bonuses": [],
    "uses": {
      "max": 0,
      "current": 0,
      "enabled": false
    },
    "featuretype": "flaw",
    "points": 1,
    "macroid": ""
  },
  "effects": [],
  "sort": 0,
  "ownership": {
    "default": 0,
    "zzaXLX6rQo9UZdTe": 3,
    "fFnQnXT35gLXdlH1": 3
  },
  "flags": {},
  "_stats": {
    "compendiumSource": null,
    "duplicateSource": null,
    "exportSource": null,
    "coreVersion": "13.346",
    "systemId": "vtm5e",
    "systemVersion": "5.1.4",
    "createdTime": 1754598826648,
    "modifiedTime": 1754598826648,
    "lastModifiedBy": "fFnQnXT35gLXdlH1"
  },
  "_key": "!items!7eZB0zwoaKVS36J7"
}