{
  "folder": "8nIbXfSlBnoD3RZ0",
  "name": "Недолік: (••) Бранець Місяця",
  "type": "feature",
  "_id": "GAH3g7lp3G3lhc8b",
  "img": "modules/werewolf-the-apocalypse-5e-compendium/packs/assets/gift.png",
  "system": {
    "description": "<p>Місяць має на вас надмірний вплив. Щоразу, коли ви вперше бачите місяць будь-якої ночі, ви мусите змінити форму на глабро чи хіспо (і пройти будь-які супутні перевірки Люті).</p>",
    "bonuses": [],
    "uses": {
      "max": 0,
      "current": 0,
      "enabled": false
    },
    "featuretype": "merit",
    "points": 2,
    "macroid": ""
  },
  "effects": [],
  "sort": 0,
  "ownership": {
    "default": 0,
    "zzaXLX6rQo9UZdTe": 3,
    "fFnQnXT35gLXdlH1": 3
  },
  "flags": {},
  "_stats": {
    "compendiumSource": null,
    "duplicateSource": null,
    "exportSource": null,
    "coreVersion": "13.346",
    "systemId": "vtm5e",
    "systemVersion": "5.1.4",
    "createdTime": 1754598826648,
    "modifiedTime": 1754598826648,
    "lastModifiedBy": "fFnQnXT35gLXdlH1"
  },
  "_key": "!items!GAH3g7lp3G3lhc8b"
}