{
  "folder": "DCRmwL9yjifodIBD",
  "name": "Недолік: (•) Умова пакту",
  "type": "feature",
  "_id": "F6KLLkmbTJ54L6jw",
  "img": "modules/werewolf-the-apocalypse-5e-compendium/packs/assets/gift.png",
  "system": {
    "description": "Ваш пакт ґрунтується на тому, що в обмін на послугу ви виконуєте або уникаєте певних дій. Наприклад, дух вогню вимагає, щоб ви запалювали свічку в кожній будівлі, до якої заходите, а дух жука забороняє навмисно шкодити комахам. Порушення цієї умови гнівить духа, і він не вважатиметься союзником, доки не буде принесено належну спокуту за рішенням Оповідача.",
    "bonuses": [],
    "uses": {
      "max": 0,
      "current": 0,
      "enabled": false
    },
    "featuretype": "background",
    "points": 1,
    "macroid": ""
  },
  "effects": [],
  "sort": 0,
  "ownership": {
    "default": 0,
    "zzaXLX6rQo9UZdTe": 3,
    "fFnQnXT35gLXdlH1": 3
  },
  "flags": {},
  "_stats": {
    "compendiumSource": null,
    "duplicateSource": null,
    "exportSource": null,
    "coreVersion": "13.346",
    "systemId": "vtm5e",
    "systemVersion": "5.1.4",
    "createdTime": 1754598845606,
    "modifiedTime": 1754598845606,
    "lastModifiedBy": "fFnQnXT35gLXdlH1"
  },
  "_key": "!items!F6KLLkmbTJ54L6jw"
}