{
  "folder": "8nIbXfSlBnoD3RZ0",
  "name": "Вада: (•) Фольклорний блок",
  "type": "feature",
  "_id": "z8G0mIPHRW25i2DP",
  "img": "modules/werewolf-the-apocalypse-5e-compendium/packs/assets/gift.png",
  "system": {
    "description": "<p>Зіткнувшись із фольклорною перешкодою, ви повинні відступити або витратити очко Сили Волі, щоб її подолати.</p><p>Кожна фольклорна перешкода, яку ви обираєте, вважається окремим однеочковим Недоліком.</p><p>До фольклорних перешкод належать:</p><p>0 Вовкобій або інші трави, яким приписують містичні властивості</p><p>0 Святі символи, пред'явлені будь-яким вірянином</p><p>0 Присутність незайманої особи, що досягла повноліття</p><p>0 Вид срібла, яким вимахують (понад звичайну відразу Ґару до срібла — див. с. 134)</p><p>0 Коли до вас тричі поспіль звертаються на ім'я, яке ви носили до Першої Зміни (навіть якщо воно збігається з вашим теперішнім іменем)</p><p>0 Якась інша перешкода, про яку ви домовитеся з Оповідачем</p>",
    "bonuses": [],
    "uses": {
      "max": 0,
      "current": 0,
      "enabled": false
    },
    "featuretype": "flaw",
    "points": 1,
    "macroid": ""
  },
  "effects": [],
  "sort": 0,
  "ownership": {
    "default": 0,
    "zzaXLX6rQo9UZdTe": 3,
    "fFnQnXT35gLXdlH1": 3
  },
  "flags": {},
  "_stats": {
    "compendiumSource": null,
    "duplicateSource": null,
    "exportSource": null,
    "coreVersion": "13.346",
    "systemId": "vtm5e",
    "systemVersion": "5.1.4",
    "createdTime": 1754598826648,
    "modifiedTime": 1754598826648,
    "lastModifiedBy": "fFnQnXT35gLXdlH1"
  },
  "_key": "!items!z8G0mIPHRW25i2DP"
}