{
  "folder": "nrXCAc3scd6WxI8l",
  "name": "Недолік: Супротивник",
  "type": "feature",
  "_id": "uba5bxXp2N51yBEh",
  "img": "modules/werewolf-the-apocalypse-5e-compendium/packs/assets/gift.png",
  "system": {
    "description": "<p>Супротивник — це ворожий Ґару, що зазвичай бажає зла вам або вашій зграї; ця Вада є протилежністю Передісторії «Наставник».</p><p>• Ґару з 3 очками Слави у своїй найвизначнішій категорії / шанований джаґлінґ</p><p>•• Ґару з 4 очками Слави у своїй найвизначнішій категорії / почесний джаґлінґ</p><p>••• Ґару з 5 очками Слави у своїй найвизначнішій категорії / легендарний джаґлінґ або менший і загадковий Інкарна, що діє у ваших інтересах шляхами, які потребують тлумачення</p>",
    "bonuses": [],
    "uses": {
      "max": 0,
      "current": 0,
      "enabled": false
    },
    "featuretype": "background",
    "points": 0,
    "macroid": ""
  },
  "effects": [],
  "sort": 0,
  "ownership": {
    "default": 0,
    "zzaXLX6rQo9UZdTe": 3,
    "fFnQnXT35gLXdlH1": 3
  },
  "flags": {},
  "_stats": {
    "compendiumSource": null,
    "duplicateSource": null,
    "exportSource": null,
    "coreVersion": "13.346",
    "systemId": "vtm5e",
    "systemVersion": "5.1.4",
    "createdTime": 1754598845606,
    "modifiedTime": 1754598845606,
    "lastModifiedBy": "fFnQnXT35gLXdlH1"
  },
  "_key": "!items!uba5bxXp2N51yBEh"
}