{
  "folder": "ssc0xboCLq8X00rA",
  "name": "Недолік: (•) Послідовна помилка",
  "type": "feature",
  "_id": "1AiiwBZyHa0Sqnoc",
  "img": "modules/werewolf-the-apocalypse-5e-compendium/packs/assets/gift.png",
  "system": {
    "description": "<p>Десь хтось припустився помилки, яка вам нашкодила. Як наслідок, будь-хто, хто проведе перевірку вашої особи, дізнається, що ви нещодавно померли, перебуваєте у списку спостереження як небезпечна особа або ж якимось іншим чином (несправедливо) заслуговуєте на затримання чи виклик поліції. (Звісно, ви, можливо, і справді заслуговуєте на затримання, але не з цієї конкретної причини.) Цей Недолік також поширюється на будь-які запити до баз даних щодо вашої особи.</p>",
    "bonuses": [],
    "uses": {
      "max": 0,
      "current": 0,
      "enabled": false
    },
    "featuretype": "background",
    "points": 1,
    "macroid": ""
  },
  "effects": [],
  "sort": 0,
  "ownership": {
    "default": 0,
    "zzaXLX6rQo9UZdTe": 3,
    "fFnQnXT35gLXdlH1": 3
  },
  "flags": {},
  "_stats": {
    "compendiumSource": null,
    "duplicateSource": null,
    "exportSource": null,
    "coreVersion": "13.346",
    "systemId": "vtm5e",
    "systemVersion": "5.1.4",
    "createdTime": 1754598845606,
    "modifiedTime": 1754598845606,
    "lastModifiedBy": "fFnQnXT35gLXdlH1"
  },
  "_key": "!items!1AiiwBZyHa0Sqnoc"
}