{
  "folder": "8nIbXfSlBnoD3RZ0",
  "name": "Вада: (•) Фольклорна прикмета",
  "type": "feature",
  "_id": "YMMxqViTy6FgaUWV",
  "img": "modules/werewolf-the-apocalypse-5e-compendium/packs/assets/gift.png",
  "system": {
    "description": "<p>Ви маєте певну ознаку, яка змушує людей вважати, що у вас є щось тривожне, незалежно від того, чи пов’язують вони цю ознаку саме з перевертнями.</p><p>Ті, хто помічає вашу фольклорну ознаку, не довіряють вам, що дає вам штраф -1 до запасу кубиків на всі соціальні перевірки, окрім тих, що ґрунтуються на Залякуванні. (У випадку цієї Вади, важлива саме викликана реакція, а не конкретна ознака.)</p><p>Кожна взята вами фольклорна ознака вважається окремою Вадою на один пункт. До фольклорних ознак належать:</p><p>0 У вашій присутності люди чують виття (незалежно від того, чи виє щось насправді)</p><p>0 Ваша тінь має вигляд вовчої, коли ви в людській подобі, і людської, коли ви у вовчій подобі</p><p>0 З вашою появою скисає молоко та в’януть рослини</p><p>0 Якась інша ознака, про яку ви домовитеся з Оповідачем</p>",
    "bonuses": [],
    "uses": {
      "max": 0,
      "current": 0,
      "enabled": false
    },
    "featuretype": "flaw",
    "points": 1,
    "macroid": ""
  },
  "effects": [],
  "sort": 0,
  "ownership": {
    "default": 0,
    "zzaXLX6rQo9UZdTe": 3,
    "fFnQnXT35gLXdlH1": 3
  },
  "flags": {},
  "_stats": {
    "compendiumSource": null,
    "duplicateSource": null,
    "exportSource": null,
    "coreVersion": "13.346",
    "systemId": "vtm5e",
    "systemVersion": "5.1.4",
    "createdTime": 1754598826648,
    "modifiedTime": 1754598826648,
    "lastModifiedBy": "fFnQnXT35gLXdlH1"
  },
  "_key": "!items!YMMxqViTy6FgaUWV"
}