{
  "folder": "8nIbXfSlBnoD3RZ0",
  "name": "Недолік: (•) Фольклорне прокляття",
  "type": "feature",
  "_id": "rfeLT8WVyhArotxq",
  "img": "modules/werewolf-the-apocalypse-5e-compendium/packs/assets/gift.png",
  "system": {
    "description": "<p>Ви отримуєте агравовану шкоду від фольклорної напасті.</p><p>До фольклорних напастей належать:</p><p>0 Свята вода (шкода як від вогню)</p><p>0 Зброя, якою володіє ревний послідовник своєї віри</p><p>0 Зброя, прикрашена місячним каменем (гекатолітом), або сам місячний камінь (шкода як від зброї; простий дотик до місячного каменя чи прикраси з нього завдає один пункт агравованої шкоди)</p><p>0 Якась інша напасть, про яку ви з Оповідачем домовилися</p>",
    "bonuses": [],
    "uses": {
      "max": 0,
      "current": 0,
      "enabled": false
    },
    "featuretype": "flaw",
    "points": 1,
    "macroid": ""
  },
  "effects": [],
  "sort": 0,
  "ownership": {
    "default": 0,
    "zzaXLX6rQo9UZdTe": 3,
    "fFnQnXT35gLXdlH1": 3
  },
  "flags": {},
  "_stats": {
    "compendiumSource": null,
    "duplicateSource": null,
    "exportSource": null,
    "coreVersion": "13.346",
    "systemId": "vtm5e",
    "systemVersion": "5.1.4",
    "createdTime": 1754598826648,
    "modifiedTime": 1754598826648,
    "lastModifiedBy": "fFnQnXT35gLXdlH1"
  },
  "_key": "!items!rfeLT8WVyhArotxq"
}