{
  "folder": "7ZTEVFFosXY77OE7",
  "name": "Вада: (••) Неслава",
  "type": "feature",
  "_id": "fq5gsKzPZHDtdkJs",
  "img": "modules/werewolf-the-apocalypse-5e-compendium/packs/assets/gift.png",
  "system": {
    "description": "Ви відомі чимось жахливим. Щонайменше, Складність більшості перевірок реакції збільшується на значення Вади; у найгіршому випадку влада намагається вбити або схопити вас на місці. Ви можете бути в урядовому списку найбільш розшукуваних осіб, або Pentex Group може поширювати ваш опис як небезпечної особистості серед своїх різноманітних підставних організацій.",
    "bonuses": [],
    "uses": {
      "max": 0,
      "current": 0,
      "enabled": false
    },
    "featuretype": "background",
    "points": 2,
    "macroid": ""
  },
  "effects": [],
  "sort": 0,
  "ownership": {
    "default": 0,
    "zzaXLX6rQo9UZdTe": 3,
    "fFnQnXT35gLXdlH1": 3
  },
  "flags": {},
  "_stats": {
    "compendiumSource": null,
    "duplicateSource": null,
    "exportSource": null,
    "coreVersion": "13.346",
    "systemId": "vtm5e",
    "systemVersion": "5.1.4",
    "createdTime": 1754598845606,
    "modifiedTime": 1754598845606,
    "lastModifiedBy": "fFnQnXT35gLXdlH1"
  },
  "_key": "!items!fq5gsKzPZHDtdkJs"
}