{
  "folder": "84wmdbMKxE6cGQFj",
  "name": "Недолік: (•) Переслідувач",
  "type": "feature",
  "_id": "eeG8WEdrmSccMILG",
  "img": "modules/werewolf-the-apocalypse-5e-compendium/packs/assets/gift.png",
  "system": {
    "description": "<p>Ви схильні приваблювати людей, які захоплюються вами аж надто сильно, собі ж на шкоду. Сталкер плекає до вас нездорові почуття та прагне більш серйозних стосунків, незалежно від вашої згоди. Він може бути ревнивим, збожеволілим від кохання, відчайдушним, корисливим або ж поєднувати ці риси в будь-яких комбінаціях. Варто вам позбутися одного, як на його місці невдовзі з'являється інший.</p>",
    "bonuses": [],
    "uses": {
      "max": 0,
      "current": 0,
      "enabled": false
    },
    "featuretype": "background",
    "points": 1,
    "macroid": ""
  },
  "effects": [],
  "sort": 0,
  "ownership": {
    "default": 0,
    "zzaXLX6rQo9UZdTe": 3,
    "fFnQnXT35gLXdlH1": 3
  },
  "flags": {},
  "_stats": {
    "compendiumSource": null,
    "duplicateSource": null,
    "exportSource": null,
    "coreVersion": "13.346",
    "systemId": "vtm5e",
    "systemVersion": "5.1.4",
    "createdTime": 1754598845606,
    "modifiedTime": 1754598845606,
    "lastModifiedBy": "fFnQnXT35gLXdlH1"
  },
  "_key": "!items!eeG8WEdrmSccMILG"
}