{
  "folder": "gNzlMBQnbSdlEeA8",
  "name": "Недолік: (••) Неписьменний",
  "type": "feature",
  "_id": "nTIGpomlFZ1pasnN",
  "img": "modules/werewolf-the-apocalypse-5e-compendium/packs/assets/gift.png",
  "system": {
    "description": "<p>Ви не вмієте ні читати, ні писати. Ваші навички «Освіченість» та «Наука» обмежені значенням 1, і ви не можете мати в них жодної Спеціалізації, що містить сучасні знання.</p>",
    "bonuses": [],
    "uses": {
      "max": 0,
      "current": 0,
      "enabled": false
    },
    "featuretype": "flaw",
    "points": 2,
    "macroid": ""
  },
  "effects": [],
  "sort": 0,
  "ownership": {
    "default": 0,
    "zzaXLX6rQo9UZdTe": 3,
    "fFnQnXT35gLXdlH1": 3
  },
  "flags": {
    "vtm5e": {
      "dataItemId": "feature-flaw:-(••)-illiterate"
    }
  },
  "_stats": {
    "compendiumSource": null,
    "duplicateSource": null,
    "exportSource": null,
    "coreVersion": "13.346",
    "systemId": "vtm5e",
    "systemVersion": "5.1.4",
    "createdTime": 1754598826648,
    "modifiedTime": 1754598826648,
    "lastModifiedBy": "fFnQnXT35gLXdlH1"
  },
  "_key": "!items!nTIGpomlFZ1pasnN"
}