{
  "folder": "84wmdbMKxE6cGQFj",
  "name": "Недолік: Вороги (Ефективність)",
  "type": "feature",
  "_id": "ZWnG1bp4hGbl53zl",
  "img": "modules/werewolf-the-apocalypse-5e-compendium/packs/assets/gift.png",
  "system": {
    "description": "<p>• Обдарована особистість або небезпечна група звичайних людей (вулична банда, оточення знаменитості, добре організований місцевий осередок профспілки робітників)</p><p>•• Виняткова особистість, обдарована особистість, що може мати надприродні здібності, або добре озброєна група обдарованих людей (приватний загін охорони, група юристів, команда тренованих спортсменів)</p>",
    "bonuses": [],
    "uses": {
      "max": 0,
      "current": 0,
      "enabled": false
    },
    "featuretype": "background",
    "points": 0,
    "macroid": ""
  },
  "effects": [],
  "sort": 0,
  "ownership": {
    "default": 0,
    "zzaXLX6rQo9UZdTe": 3,
    "fFnQnXT35gLXdlH1": 3
  },
  "flags": {},
  "_stats": {
    "compendiumSource": null,
    "duplicateSource": null,
    "exportSource": null,
    "coreVersion": "13.346",
    "systemId": "vtm5e",
    "systemVersion": "5.1.4",
    "createdTime": 1754598845606,
    "modifiedTime": 1754598845606,
    "lastModifiedBy": "fFnQnXT35gLXdlH1"
  },
  "_key": "!items!ZWnG1bp4hGbl53zl"
}