{
  "folder": "8nIbXfSlBnoD3RZ0",
  "name": "Недолік: (••) Прокляття Карги",
  "type": "feature",
  "_id": "7Qh0K4roJfsOe5TC",
  "img": "modules/werewolf-the-apocalypse-5e-compendium/packs/assets/gift.png",
  "system": {
    "description": "Або якесь духовне прокляття вразило й швидко зістарило вас, як-от немилість Згуби чи певна пророча обставина, або ж ви просто пережили Першу Зміну далеко не в розквіті сил. Ваше здоров'я постраждало, і на вашому лічильнику здоров'я на одну клітинку менше, ніж мало б бути.",
    "bonuses": [],
    "uses": {
      "max": 0,
      "current": 0,
      "enabled": false
    },
    "featuretype": "flaw",
    "points": 2,
    "macroid": ""
  },
  "effects": [],
  "sort": 0,
  "ownership": {
    "default": 0,
    "zzaXLX6rQo9UZdTe": 3,
    "fFnQnXT35gLXdlH1": 3
  },
  "flags": {},
  "_stats": {
    "compendiumSource": null,
    "duplicateSource": null,
    "exportSource": null,
    "coreVersion": "13.346",
    "systemId": "vtm5e",
    "systemVersion": "5.1.4",
    "createdTime": 1754598826648,
    "modifiedTime": 1754598826648,
    "lastModifiedBy": "fFnQnXT35gLXdlH1"
  },
  "_key": "!items!7Qh0K4roJfsOe5TC"
}