{
  "folder": "7ZTEVFFosXY77OE7",
  "name": "Вада: (•) Темна таємниця",
  "type": "feature",
  "_id": "5W1kDd0792pl33IJ",
  "img": "modules/werewolf-the-apocalypse-5e-compendium/packs/assets/gift.png",
  "system": {
    "description": "Вада «Темна таємниця» схожа на Неславу, але ваші темні справи залишаються невідомими нікому, крім вас та, можливо, одного-двох дуже вмотивованих ворогів. Також її легше розкрити, ніж таємницю, що справді загрожує життю.",
    "bonuses": [],
    "uses": {
      "max": 0,
      "current": 0,
      "enabled": false
    },
    "featuretype": "background",
    "points": 1,
    "macroid": ""
  },
  "effects": [],
  "sort": 0,
  "ownership": {
    "default": 0,
    "zzaXLX6rQo9UZdTe": 3,
    "fFnQnXT35gLXdlH1": 3
  },
  "flags": {},
  "_stats": {
    "compendiumSource": null,
    "duplicateSource": null,
    "exportSource": null,
    "coreVersion": "13.346",
    "systemId": "vtm5e",
    "systemVersion": "5.1.4",
    "createdTime": 1754598845606,
    "modifiedTime": 1754598845606,
    "lastModifiedBy": "fFnQnXT35gLXdlH1"
  },
  "_key": "!items!5W1kDd0792pl33IJ"
}