{
  "folder": "ssc0xboCLq8X00rA",
  "name": "Вада: (••) Особа, що представляє інтерес",
  "type": "feature",
  "_id": "PeBMN5yeHfeN0phC",
  "img": "modules/werewolf-the-apocalypse-5e-compendium/packs/assets/gift.png",
  "system": {
    "description": "Ваші біометричні дані, ім'я, минуле, відомі спільники та псевдоніми фігурують у базах даних кількох спецслужб, імовірно, позначаючи вас як потенційного терориста. Будь-який співробітник урядової агенції (або аналітик відповідного рівня), ймовірно, може скласти два плюс два, щоб зрозуміти, чим ви займалися.",
    "bonuses": [],
    "uses": {
      "max": 0,
      "current": 0,
      "enabled": false
    },
    "featuretype": "background",
    "points": 2,
    "macroid": ""
  },
  "effects": [],
  "sort": 0,
  "ownership": {
    "default": 0,
    "zzaXLX6rQo9UZdTe": 3,
    "fFnQnXT35gLXdlH1": 3
  },
  "flags": {},
  "_stats": {
    "compendiumSource": null,
    "duplicateSource": null,
    "exportSource": null,
    "coreVersion": "13.346",
    "systemId": "vtm5e",
    "systemVersion": "5.1.4",
    "createdTime": 1754598845606,
    "modifiedTime": 1754598845606,
    "lastModifiedBy": "fFnQnXT35gLXdlH1"
  },
  "_key": "!items!PeBMN5yeHfeN0phC"
}