{
  "folder": "gNzlMBQnbSdlEeA8",
  "name": "Мовознавство",
  "type": "feature",
  "_id": "xn5QGRdnv6www4bO",
  "img": "modules/werewolf-the-apocalypse-5e-compendium/packs/assets/gift.png",
  "system": {
    "description": "<p>Кожен персонаж вільно володіє своєю рідною мовою та (якщо гравець та Оповідач не вирішили інакше) домінантною мовою хроніки. Наприклад, мексиканський перевертень у хроніці, що відбувається в бедлендах Юти, може говорити та читати іспанською й англійською. Оповідачі можуть дозволити Ґару, чия рідна мова збігається з мовою сетинґу, все одно обрати ще одну мову.</p><p>Кожна цятка в «Мовознавстві» дозволяє персонажу вільно говорити, писати й читати ще однією мовою, окрім двох стандартних.</p><p>Зауважте, що читання певних давніх документів або промовляння дивним діалектом може підвищити Складність перевірок «Науки» чи «Окультизму».</p>",
    "bonuses": [],
    "uses": {
      "max": 0,
      "current": 0,
      "enabled": false
    },
    "featuretype": "merit",
    "points": 0,
    "macroid": ""
  },
  "effects": [],
  "sort": 0,
  "ownership": {
    "default": 0,
    "zzaXLX6rQo9UZdTe": 3,
    "fFnQnXT35gLXdlH1": 3
  },
  "flags": {},
  "_stats": {
    "compendiumSource": null,
    "duplicateSource": null,
    "exportSource": null,
    "coreVersion": "13.346",
    "systemId": "vtm5e",
    "systemVersion": "5.1.4",
    "createdTime": 1754598826648,
    "modifiedTime": 1754598826648,
    "lastModifiedBy": "fFnQnXT35gLXdlH1"
  },
  "_key": "!items!xn5QGRdnv6www4bO"
}