{
  "folder": "ssc0xboCLq8X00rA",
  "name": "Маска",
  "type": "feature",
  "_id": "Zg8x0Snq7bU4gZzi",
  "img": "modules/werewolf-the-apocalypse-5e-compendium/packs/assets/gift.png",
  "system": {
    "description": "<p>• У вас є якісна фальшива особистість, що включає кредитну картку, банківський рахунок, кредитну історію, свідоцтво про народження тощо, — усе на ім'я вашої Маски. Ви можете пройти перевірку на рівні штату чи провінції.</p><p>•• Ваша Маска може пройти перевірку в національній поліції: ФБР, Скотленд-Ярд або їхній еквівалент. Якщо у вас є військове або розвідувальне досьє, воно засекречене.</p>",
    "bonuses": [],
    "uses": {
      "max": 0,
      "current": 0,
      "enabled": false
    },
    "featuretype": "background",
    "points": 0,
    "macroid": ""
  },
  "effects": [],
  "sort": 0,
  "ownership": {
    "default": 0,
    "zzaXLX6rQo9UZdTe": 3,
    "fFnQnXT35gLXdlH1": 3
  },
  "flags": {},
  "_stats": {
    "compendiumSource": null,
    "duplicateSource": null,
    "exportSource": null,
    "coreVersion": "13.346",
    "systemId": "vtm5e",
    "systemVersion": "5.1.4",
    "createdTime": 1754598845606,
    "modifiedTime": 1754598845606,
    "lastModifiedBy": "fFnQnXT35gLXdlH1"
  },
  "_key": "!items!Zg8x0Snq7bU4gZzi"
}