{
  "folder": "nrXCAc3scd6WxI8l",
  "name": "Наставник",
  "type": "feature",
  "_id": "0SdeMFOM2s7NULfM",
  "img": "modules/werewolf-the-apocalypse-5e-compendium/packs/assets/gift.png",
  "system": {
    "description": "<p>Як правило, Наставники допомагають добрим словом і зрідка надають політичну підтримку чи прикриття, але не б'ються у ваших битвах і не використовують заради вас цінні послуги. Якщо їм доводиться робити це у власних інтересах, щоб допомогти вам, то, розгнівавши їх, ви, ймовірно, втратите одну чи більше крапок цієї Передісторії.</p><p>• Ґару зі Славою 1 у своїй найбільш визнаній категорії / шанований ґафлінґ</p><p>•• Ґару зі Славою 2 у своїй найбільш визнаній категорії / авторитетний джаґлінґ</p><p>••• Ґару зі Славою 3 у своїй найбільш визнаній категорії / шанований джаґлінґ</p><p>•••• Ґару зі Славою 4 у своїй найбільш визнаній категорії / почесний джаґлінґ</p><p>••••• Ґару зі Славою 5 у своїй найбільш визнаній категорії / легендарний джаґлінґ або менший і загадковий Інкарна, що діє від вашого імені способами, які потребують тлумачення</p>",
    "bonuses": [],
    "uses": {
      "max": 0,
      "current": 0,
      "enabled": false
    },
    "featuretype": "background",
    "points": 0,
    "macroid": ""
  },
  "effects": [],
  "sort": 0,
  "ownership": {
    "default": 0,
    "zzaXLX6rQo9UZdTe": 3,
    "fFnQnXT35gLXdlH1": 3
  },
  "flags": {},
  "_stats": {
    "compendiumSource": null,
    "duplicateSource": null,
    "exportSource": null,
    "coreVersion": "13.346",
    "systemId": "vtm5e",
    "systemVersion": "5.1.4",
    "createdTime": 1754598845606,
    "modifiedTime": 1754598845606,
    "lastModifiedBy": "fFnQnXT35gLXdlH1"
  },
  "_key": "!items!0SdeMFOM2s7NULfM"
}