{
  "name": "Заслуги",
  "sorting": "a",
  "folder": null,
  "type": "Item",
  "_id": "EjrgIip5FxV2L0vL",
  "description": "",
  "sort": 100000,
  "color": "#ad801f",
  "flags": {},
  "_stats": {
    "compendiumSource": null,
    "duplicateSource": null,
    "exportSource": null,
    "coreVersion": "13.346",
    "systemId": "vtm5e",
    "systemVersion": "5.1.4",
    "createdTime": 1754598826636,
    "modifiedTime": 1754598826655,
    "lastModifiedBy": "fFnQnXT35gLXdlH1"
  },
  "_key": "!folders!EjrgIip5FxV2L0vL"
}