{
  "folder": "C8mZ006mbKxfWkKR",
  "name": "Ресурси",
  "type": "feature",
  "_id": "kGbzHWqAVV16ATRW",
  "img": "modules/werewolf-the-apocalypse-5e-compendium/packs/assets/gift.png",
  "system": {
    "description": "<p>Життя Ґару часто конфліктує з традиційним працевлаштуванням чи навіть робочим графіком. Цятки в Передісторії «Ресурси» забезпечують дохід для підтримки вашого рівня життя, але ви маєте детально описати джерело доходу та форму, якої набуває ця Передісторія. Адже воно може вичерпатися, бути вкраденим або зникнути в інший спосіб протягом хроніки.</p><p>Також зауважте, що за високих рівнів Ресурсів персонаж цілком може бути причетним до експлуатації та наживи, що наблизили добу Апокаліпсиса. Це, як мінімум, відверте лицемірство, і, ймовірно, викличе ворожість з боку тих Ґару, які засуджують походження багатства персонажа.</p><p>• Життя від зарплати до зарплати</p><p>•• Спосіб життя середнього класу</p><p>••• Спосіб життя вищого класу</p><p>•••• Заможний спосіб життя</p><p>••••• Надбагатий спосіб життя</p>",
    "bonuses": [],
    "uses": {
      "max": 0,
      "current": 0,
      "enabled": false
    },
    "featuretype": "background",
    "points": 0,
    "macroid": ""
  },
  "effects": [],
  "sort": 0,
  "ownership": {
    "default": 0,
    "zzaXLX6rQo9UZdTe": 3,
    "fFnQnXT35gLXdlH1": 3
  },
  "flags": {},
  "_stats": {
    "compendiumSource": null,
    "duplicateSource": null,
    "exportSource": null,
    "coreVersion": "13.346",
    "systemId": "vtm5e",
    "systemVersion": "5.1.4",
    "createdTime": 1754598845606,
    "modifiedTime": 1754598845606,
    "lastModifiedBy": "fFnQnXT35gLXdlH1"
  },
  "_key": "!items!kGbzHWqAVV16ATRW"
}