{
  "folder": "DCRmwL9yjifodIBD",
  "name": "Духовний Пакт",
  "type": "feature",
  "_id": "DMdDWfEUtbj5FskR",
  "img": "modules/werewolf-the-apocalypse-5e-compendium/packs/assets/gift.png",
  "system": {
    "description": "<p>Ви уклали взаємний пакт із меншим духом і здобули його вірність. Дух діє як союзник і допомагатиме в міру своїх можливостей, коли його прикличуть, зазвичай за допомогою Ритуалу Прикликання Духа (стор. 183).</p><p>• Дух Сили 1 / малий ґафлінґ</p><p>•• Дух Сили 2 / помірний ґафлінґ</p><p>••• Дух Сили 3 / великий ґафлінґ або менший джаґлінґ</p><p>•••• Дух Сили 4 / малий джаґлінґ</p><p>••••• Дух Сили 5 / помірний джаґлінґ</p>",
    "bonuses": [],
    "uses": {
      "max": 0,
      "current": 0,
      "enabled": false
    },
    "featuretype": "background",
    "points": 0,
    "macroid": ""
  },
  "effects": [],
  "sort": 0,
  "ownership": {
    "default": 0,
    "zzaXLX6rQo9UZdTe": 3,
    "fFnQnXT35gLXdlH1": 3
  },
  "flags": {},
  "_stats": {
    "compendiumSource": null,
    "duplicateSource": null,
    "exportSource": null,
    "coreVersion": "13.346",
    "systemId": "vtm5e",
    "systemVersion": "5.1.4",
    "createdTime": 1754598845606,
    "modifiedTime": 1754598845606,
    "lastModifiedBy": "fFnQnXT35gLXdlH1"
  },
  "_key": "!items!DMdDWfEUtbj5FskR"
}