{
  "id": "werewolf-the-apocalypse-5e-compendium-ukr",
  "title": "Werewolf the Apocalypse 5e Компендіум",
  "manifest": "https://github.com/SexyCrowbar/werewolf-the-apocalypse-5e-compendium-ukr/releases/latest/download/module.json",
  "download": "https://github.com/SexyCrowbar/werewolf-the-apocalypse-5e-compendium-ukr/releases/download/1.0.0/module.zip",
  "version": "1.0.0",
  "compatibility": {
    "minimum": "11",
    "verified": "13"
  },
  "flags": {
    "canUpload": true
  },
  "packs": [
    {
      "name": "auspices",
      "label": "Знамення",
      "path": "packs/auspices",
      "type": "Item",
      "system": "vtm5e",
      "ownership": {
        "PLAYER": "OBSERVER",
        "ASSISTANT": "OWNER"
      }
    },
    {
      "name": "tribes",
      "label": "Племена",
      "path": "packs/tribes",
      "type": "Item",
      "system": "vtm5e",
      "ownership": {
        "PLAYER": "OBSERVER",
        "ASSISTANT": "OWNER"
      }
    },
    {
      "name": "gifts",
      "label": "Дари",
      "path": "packs/gifts",
      "type": "Item",
      "system": "vtm5e",
      "ownership": {
        "PLAYER": "OBSERVER",
        "ASSISTANT": "OWNER"
      }
    },
    {
      "name": "rites",
      "label": "Обряди",
      "path": "packs/rites",
      "type": "Item",
      "system": "vtm5e",
      "ownership": {
        "PLAYER": "OBSERVER",
        "ASSISTANT": "OWNER"
      }
    },
    {
      "name": "merits",
      "label": "Переваги та Вади",
      "path": "packs/merits",
      "type": "Item",
      "system": "vtm5e",
      "ownership": {
        "PLAYER": "OBSERVER",
        "ASSISTANT": "OWNER"
      }
    }
  ],
  "relationships": {
    "systems": [
      {
        "id": "vtm5e",
        "type": "system",
        "compatibility": {}
      }
    ]
  },
  "description": "<p>Компендіум з ресурсами з наступних книг:<br />WTA 5 Core</p>",
  "authors": [
    {
      "name": "Clownf1sh",
      "flags": {}
    },
    {
      "name": "Sexycrowbar",
      "flags": {}
    }
  ],
  "url": "https://foundryvtt.com/packages/werewolf-the-apocalypse-5e-compendium-ukr"
}