{
  "name": "Ахрун",
  "type": "auspice",
  "img": "modules/werewolf-the-apocalypse-5e-compendium/packs/assets/W5AuspiceAhroun.png",
  "system": {
    "description": "Змінені під знаком повного місяця, Ахруни є воїнами суспільства Гару, бійцями народу, цілком схильного до лютої жорстокості. На них часто покладають лідерство у часи війни, і, враховуючи войовничість багатьох Септів, це часто означає «до подальших розпоряджень». Ахруни трощать усе й виривають горлянки. Вони можуть бути шаленими вихорами з іклів та кігтів, або ж обачними, методичними хижаками, що сіють жах завдяки вивіреній тактичній точності. Інші побратими по Зграї можуть надихатися їхньою безстрашністю або ж зневажати їх як безрозсудних кривавих псів. У грі від Ахруна можна очікувати, що він буде битися, нападати, руйнувати та кидатися в бій. До біса тебе, Вирме.",
    "bonuses": [],
    "gamesystem": "werewolf"
  },
  "effects": [],
  "folder": null,
  "ownership": {
    "default": 0,
    "zzaXLX6rQo9UZdTe": 3,
    "fFnQnXT35gLXdlH1": 3
  },
  "flags": {
    "vtm5e": {
      "dataItemId": "auspice-ahroun"
    }
  },
  "_stats": {
    "compendiumSource": null,
    "duplicateSource": null,
    "exportSource": null,
    "coreVersion": "13.346",
    "systemId": "vtm5e",
    "systemVersion": "5.1.4",
    "createdTime": 1754598618178,
    "modifiedTime": 1754598621336,
    "lastModifiedBy": "fFnQnXT35gLXdlH1"
  },
  "_id": "vyI4UkrECWDvmDcT",
  "sort": 100000,
  "_key": "!items!vyI4UkrECWDvmDcT"
}