{
  "name": "Ґалліард",
  "type": "auspice",
  "img": "modules/werewolf-the-apocalypse-5e-compendium/packs/assets/W5AuspiceGalliard.png",
  "system": {
    "description": "Змінені під знаком опуклого місяця, Ґалліарди — це оповідачі та хранителі знань Гару, і Знамення, що підтримує усну історію перевертнів та обстоює дух Літанії. Ґалліарди можуть бути галасливими крадіями уваги або стриманими літописцями. Вони можуть звеличувати абсолютно дивовижні подвиги своєї Зграї, або ж декламувати кожну правдиву деталь, аж до найменших дрібниць. Дехто втішається самим виконанням легенди, від віршів і пісень до несамовитої жестикуляції та грубих жартів; інші ж плетуть захопливі оповіді, сповнені контексту та соціологічного розуміння. Дехто має міцну голову, а інші, що ж…. Під час гри Ґалліарди можуть розважати інших перевертнів байкою чи легендою, розхвалювати побратима зі Зграї, чия зірка сходить, об'єднувати Гару похоронною піснею за одним зі своїх полеглих або зчинити галас, щоб пройти повз непоступливого вартового.",
    "bonuses": [],
    "gamesystem": "werewolf"
  },
  "effects": [],
  "folder": null,
  "ownership": {
    "default": 0,
    "zzaXLX6rQo9UZdTe": 3,
    "fFnQnXT35gLXdlH1": 3
  },
  "flags": {
    "vtm5e": {
      "dataItemId": "auspice-galliard"
    }
  },
  "_stats": {
    "compendiumSource": null,
    "duplicateSource": null,
    "exportSource": null,
    "coreVersion": "13.346",
    "systemId": "vtm5e",
    "systemVersion": "5.1.4",
    "createdTime": 1754598619453,
    "modifiedTime": 1754598621336,
    "lastModifiedBy": "fFnQnXT35gLXdlH1"
  },
  "_id": "xQcq8cABoub08UjV",
  "sort": 300000,
  "_key": "!items!xQcq8cABoub08UjV"
}