{
  "name": "Філодокс",
  "type": "auspice",
  "img": "modules/werewolf-the-apocalypse-5e-compendium/packs/assets/W5AuspicePhilodox.png",
  "system": {
    "description": "Змінені під знаком півмісяця, філодокси є суддями та арбітрами суспільства Гару — Знамення, відповідальне за посередництво в конфліктах шляхом мудрого тлумачення звичаїв Гару та знання букви Літанії. Філодокси можуть бути м'якими або громогласними, дошукуючись усіх фактів або суворо дотримуючись правил і звичаїв понад обставини. Дехто пропонує мудрі шляхи дій, натхненні століттями легенд та переказів; інші збирають інформацію та розробляють плани, які вони змінюють, коли з'являється нова інформація. Філодокс може бути осудливим або співчутливим. Філодокси під час гри можуть очікувати, що їм доведеться оцінювати таємниці, які хитрий союзник, гм, «виявив», тлумачити дивну поведінку заблудлого товариша по зграї, карати нерозкаяного порушника на Зборах і судити про достоїнства зухвалого рейду, особливо після розгляду всіх аспектів справи.",
    "bonuses": [],
    "gamesystem": "werewolf"
  },
  "effects": [],
  "folder": null,
  "ownership": {
    "default": 0,
    "zzaXLX6rQo9UZdTe": 3,
    "fFnQnXT35gLXdlH1": 3
  },
  "flags": {
    "vtm5e": {
      "dataItemId": "auspice-philodox"
    }
  },
  "_stats": {
    "compendiumSource": null,
    "duplicateSource": null,
    "exportSource": null,
    "coreVersion": "13.346",
    "systemId": "vtm5e",
    "systemVersion": "5.1.4",
    "createdTime": 1754598620390,
    "modifiedTime": 1754598621336,
    "lastModifiedBy": "fFnQnXT35gLXdlH1"
  },
  "_id": "395FluvRIexw3lzH",
  "sort": 400000,
  "_key": "!items!395FluvRIexw3lzH"
}