{
  "name": "Раґабаш",
  "type": "auspice",
  "img": "modules/werewolf-the-apocalypse-5e-compendium/packs/assets/W5AuspiceRagabash.png",
  "system": {
    "description": "Змінені під знаком молодика, раґабаш є трикстерами суспільства Гару, знаменням, якому дано найбільшу свободу кидати виклик традиціям і ставити під сумнів «те, як усе робилося завжди». Не в останню чергу тому, що «те, як усе робилося завжди» призвело до Апокаліпсису. Раґабаш можуть бути примхливими чи веселими, жартівливо вказуючи на недоліки, або ж вони можуть бути хитрими та цинічними, з позицією «а я ж казав» стосовно тих традицій, що привели Гару туди, де вони є сьогодні. Вони можуть влаштувати розіграш або проявити неповагу до марнославного супротивника за допомогою дотепної гри слів — допоки хтось виглядає по-дурному або усталені погляди ставляться під сумнів, раґабаш виконує свою роботу. Під час гри від раґабаша можна очікувати, що він обдурить упертого супротивника, дезорієнтує нічого не підозрюючого змовника-людину, висміє більш відомого перевертня та прокрадеться повз самовпевненого вартового.",
    "bonuses": [],
    "gamesystem": "werewolf"
  },
  "effects": [],
  "folder": null,
  "ownership": {
    "default": 0,
    "zzaXLX6rQo9UZdTe": 3,
    "fFnQnXT35gLXdlH1": 3
  },
  "flags": {
    "vtm5e": {
      "dataItemId": "auspice-ragabash"
    }
  },
  "_stats": {
    "compendiumSource": null,
    "duplicateSource": null,
    "exportSource": null,
    "coreVersion": "13.346",
    "systemId": "vtm5e",
    "systemVersion": "5.1.4",
    "createdTime": 1754598621330,
    "modifiedTime": 1754598621336,
    "lastModifiedBy": "fFnQnXT35gLXdlH1"
  },
  "_id": "mZU8tRgTjnoDPY9M",
  "sort": 200000,
  "_key": "!items!mZU8tRgTjnoDPY9M"
}