{
  "name": "Теурґ",
  "type": "auspice",
  "img": "modules/werewolf-the-apocalypse-5e-compendium/packs/assets/W5AuspiceTheurge.png",
  "system": {
    "description": "Змінені під знаком півмісяця, Теурґи є містиками суспільства Гару та Знаменням з найбільшою схильністю до взаємодії з духами. Теурґи можуть бути моторошними, мудрими або і тими, і іншими. Їхнє володіння світом духів може бути перевіреним часом і традиційним, або ж експериментальним, навіть суперечливим. Вони можуть носити дивні аксесуари або ж зваблювати духів тонкими й езотеричними рухами тіла. Дехто з них — мрійники чи візіонери, тоді як інші — цілеспрямовані ритуалісти. Під час гри Теурґи можуть викликати неохочого джаґлінґа, посилатися на давні угоди про товариство, задобрювати шанованих старійшин своєю службою та навіть зв'язувати непокірних ґафлінґів.",
    "bonuses": [],
    "gamesystem": "werewolf"
  },
  "effects": [],
  "folder": null,
  "ownership": {
    "default": 0,
    "zzaXLX6rQo9UZdTe": 3,
    "fFnQnXT35gLXdlH1": 3
  },
  "flags": {
    "vtm5e": {
      "dataItemId": "auspice-theurge"
    }
  },
  "_stats": {
    "compendiumSource": null,
    "duplicateSource": null,
    "exportSource": null,
    "coreVersion": "13.346",
    "systemId": "vtm5e",
    "systemVersion": "5.1.4",
    "createdTime": 1754598622243,
    "modifiedTime": 1754598622243,
    "lastModifiedBy": "fFnQnXT35gLXdlH1"
  },
  "_id": "5Z0Sv5dGJ8lFpFua",
  "sort": 0,
  "_key": "!items!5Z0Sv5dGJ8lFpFua"
}